[{"id":5,"action":{"type":"block"},"condition":{"urlFilter":"/wp-content/plugins/ioimedia-app-banner/*"},"priority":1},{"id":57,"action":{"type":"block"},"condition":{"urlFilter":"/js/jquery.smartbanner.js"},"priority":1},{"id":93,"action":{"type":"block"},"condition":{"urlFilter":"||br.app.link^","domainType":"thirdParty"},"priority":2},{"id":8412,"action":{"type":"block"},"condition":{"urlFilter":"||animatebookstore.com/js/smartbanner/smart-app-banner.js"},"priority":1},{"id":13790,"action":{"type":"block"},"condition":{"urlFilter":"||lk21static.buzz/assets/dlapps.png"},"priority":1},{"id":19736,"action":{"type":"block"},"condition":{"urlFilter":"||xn--pckua2a7gp15o89zb.com/bundles/kyujinboxweb/pc/img/top/banner_app.jpg"},"priority":1},{"id":25222,"action":{"type":"block"},"condition":{"urlFilter":"||cdn.mobalytics.gg/assets/tft/images/banners/*/*/*Campaign.jpg"},"priority":1},{"id":32207,"action":{"type":"block"},"condition":{"urlFilter":"||myhome.nifty.com/cms_image/myhome/rent-banner/*/banner_rent_left_sidemenu_pc.png"},"priority":1},{"id":32416,"action":{"type":"block"},"condition":{"urlFilter":"||insightsonindia.com/wp-content/uploads/*/App_Banner_"},"priority":1},{"id":34097,"action":{"type":"block"},"condition":{"urlFilter":"||hab.co.jp/news/img/sidebar_app.png"},"priority":1},{"id":39721,"action":{"type":"block"},"condition":{"urlFilter":"||erli.pl/static/media/mobile_go_footer_desktop."},"priority":1},{"id":40742,"action":{"type":"block"},"condition":{"urlFilter":"||img.taishurx.jp/static/qr.jpg"},"priority":1},{"id":42035,"action":{"type":"block"},"condition":{"urlFilter":"||testbook.com/js/truecaller-client-sdk-amp.js"},"priority":1},{"id":45971,"action":{"type":"block"},"condition":{"urlFilter":"||baby-calendar.jp/babycalendar/img/side/banner_side_app.png"},"priority":1},{"id":53882,"action":{"type":"block"},"condition":{"urlFilter":"||baycrews.jp/src/feature/seo/*_app/*-app-bana.jpg"},"priority":1},{"id":66608,"action":{"type":"block"},"condition":{"urlFilter":"||app.link/branch-amp-journeys-pre"},"priority":1},{"id":67788,"action":{"type":"block"},"condition":{"urlFilter":"||www3.nhk.or.jp/news/parts16/js/amp_banner.json"},"priority":1},{"id":69543,"action":{"type":"block"},"condition":{"urlFilter":"||liputan6.com/pages/widget-gateway-mobile-app"},"priority":1},{"id":72905,"action":{"type":"block"},"condition":{"urlFilter":"||mytwintiers.com/wp-content/uploads/*/*-Mobile-App"},"priority":1},{"id":75321,"action":{"type":"block"},"condition":{"urlFilter":"||ad.chatpad.jp^"},"priority":1},{"id":75935,"action":{"type":"block"},"condition":{"urlFilter":"||tvcdn.netkeiba.com/img.dir/common/img/keibamatome/banner/"},"priority":1},{"id":78260,"action":{"type":"block"},"condition":{"urlFilter":"||attach.setn.com/images/starnewsapp_"},"priority":1},{"id":79248,"action":{"type":"block"},"condition":{"urlFilter":"||onlinegibdd.ru/js/jquery.smartbanner_custom*.js"},"priority":1},{"id":79308,"action":{"type":"block"},"condition":{"urlFilter":"||jalan.net/assets/img/pages/smart/img/applink/"},"priority":1},{"id":79674,"action":{"type":"block"},"condition":{"urlFilter":"||shogidojo.net/images/app24_banner.png"},"priority":1},{"id":84347,"action":{"type":"block"},"condition":{"urlFilter":"||connpass.com/static/img/top/side_ios"},"priority":1},{"id":84820,"action":{"type":"block"},"condition":{"urlFilter":"||ulifestyle.com.hk/*/*app-popup-modal.min.js"},"priority":1},{"id":84876,"action":{"type":"block"},"condition":{"urlFilter":"||ulifestyle.com.hk/*/open-in-modal.js"},"priority":1},{"id":85430,"action":{"type":"block"},"condition":{"urlFilter":"||static-web.stcn.com/static/images/aside-app-download.png"},"priority":1},{"id":89599,"action":{"type":"block"},"condition":{"urlFilter":"||kinarino.k-img.com/assets/webpage/download-app/"},"priority":1},{"id":89819,"action":{"type":"block"},"condition":{"urlFilter":"||eow.alc.co.jp/content/img/footer_btn-googleplay.png"},"priority":1},{"id":89883,"action":{"type":"block"},"condition":{"urlFilter":"||eow.alc.co.jp/content/img/footer_btn-appstore.png"},"priority":1},{"id":90042,"action":{"type":"block"},"condition":{"urlFilter":"||uub.jp/kkn/DL_banner_940x100.png"},"priority":1},{"id":90731,"action":{"type":"block"},"condition":{"urlFilter":"||bbc.com/*/manifest.json"},"priority":1},{"id":90916,"action":{"type":"block"},"condition":{"urlFilter":"||motilaloswal.com/images/banner1.jpg"},"priority":1},{"id":99171,"action":{"type":"block"},"condition":{"urlFilter":"||navitime.co.jp/static/*/bicycle/banner/app_p1.png"},"priority":1},{"id":102206,"action":{"type":"block"},"condition":{"urlFilter":"||gc-img.net/img/parts/banner_comment.png"},"priority":1},{"id":103248,"action":{"type":"block"},"condition":{"urlFilter":"||tenki.jp/images/icon/radar/radar48h-banner-"},"priority":1},{"id":103363,"action":{"type":"block"},"condition":{"urlFilter":"||telnavi.jp/img/sf/app.png"},"priority":1},{"id":103601,"action":{"type":"block"},"condition":{"urlFilter":"||s1.spkimg.com/spjp/cmn/pr_smartphone.png"},"priority":1},{"id":105049,"action":{"type":"block"},"condition":{"urlFilter":"||w-higa.com/wp-content/uploads/2014/06/android_hedder.png"},"priority":1},{"id":107730,"action":{"type":"block"},"condition":{"urlFilter":"||menu.mt.co.kr/starnews/images/banner/banner_starpoll_install.png"},"priority":1},{"id":107807,"action":{"type":"block"},"condition":{"urlFilter":"||menu.mt.co.kr/m_starnews_n/images/banner_AAA_vote6.gif"},"priority":1},{"id":107874,"action":{"type":"block"},"condition":{"urlFilter":"||menu.mt.co.kr/m_starnews_n/images/bg_starnews2.png"},"priority":1},{"id":108764,"action":{"type":"block"},"condition":{"urlFilter":"||membernotifications.aol.com/offers/aol_mobile_web_index_promo/default","resourceTypes":["sub_frame"]},"priority":101},{"id":109820,"action":{"type":"block"},"condition":{"urlFilter":"||snoway.jp/img/v*/ad/snoway_300x80"},"priority":1},{"id":111040,"action":{"type":"block"},"condition":{"urlFilter":"||intl.rakuten-static.com/b/tw/assets/footer/img/appBnFooter_sprites.png"},"priority":1},{"id":112429,"action":{"type":"block"},"condition":{"urlFilter":"||japantaxi.jp/assets/images/*/bnr-go"},"priority":1},{"id":117143,"action":{"type":"block"},"condition":{"urlFilter":"||zenmed*.tk/sport*/imgs/play.webp"},"priority":1},{"id":122222,"action":{"type":"block"},"condition":{"urlFilter":"||s.yimg.jp/images/yjtop-app/promo/banner"},"priority":1},{"id":124254,"action":{"type":"block"},"condition":{"urlFilter":"||loader.to/images/loader/loader_app.jpg"},"priority":1},{"id":125301,"action":{"type":"block"},"condition":{"urlFilter":"||hket.com/res/*/hketapp_"},"priority":1},{"id":126657,"action":{"type":"block"},"condition":{"urlFilter":"||s.yimg.jp/images/realestate/tmpl2014/img/app/footer_banner.png"},"priority":1},{"id":137717,"action":{"type":"block"},"condition":{"urlFilter":"||media.kasperskydaily.com/wp-content/uploads/sites/*/protect-your-smartphone-V1-sidebar-*.png"},"priority":1},{"id":137822,"action":{"type":"block"},"condition":{"urlFilter":"||media.kasperskydaily.com/wp-content/uploads/sites/*/protect-your-smartphone-V1-category-*-1030x175.png"},"priority":1},{"id":140047,"action":{"type":"block"},"condition":{"urlFilter":"||jmd.co.jp/api/linkimg.php?imgid=JMD_Application_"},"priority":1},{"id":140223,"action":{"type":"block"},"condition":{"urlFilter":"||gu-global.com/*/material/l1/app"},"priority":1},{"id":142198,"action":{"type":"block"},"condition":{"urlFilter":"||okinawaokuyami.com/images/common/app_"},"priority":1},{"id":151039,"action":{"type":"block"},"condition":{"urlFilter":"||s.yimg.jp/images/weather/promo/banner"},"priority":1},{"id":155866,"action":{"type":"block"},"condition":{"urlFilter":"||static.curazy.com/image/banner_curazy_app.png"},"priority":1},{"id":158129,"action":{"type":"block"},"condition":{"urlFilter":"||scdn.line-apps.com/stf/line-news/js/thirdparty/"},"priority":1},{"id":159513,"action":{"type":"block"},"condition":{"urlFilter":"||kangaroobro.com/bn.js"},"priority":1},{"id":159547,"action":{"type":"block"},"condition":{"urlFilter":"||kangaroobro.com/bnpc.js"},"priority":1},{"id":174307,"action":{"type":"block"},"condition":{"urlFilter":"||popdaily.com.tw/statics/images/appDownloadBanner.png"},"priority":1},{"id":178267,"action":{"type":"block"},"condition":{"urlFilter":"||mangalove.me/images/app_yuudou.png"},"priority":1},{"id":179389,"action":{"type":"block"},"condition":{"urlFilter":"||baby-calendar.jp/img/common/app/"},"priority":1},{"id":179434,"action":{"type":"block"},"condition":{"urlFilter":"||baby-calendar.jp/images/default_web/banner_side_app.png"},"priority":1},{"id":184076,"action":{"type":"block"},"condition":{"urlFilter":"||st.work.ua/js/app-banner-"},"priority":1},{"id":189499,"action":{"type":"block"},"condition":{"urlFilter":"||st.work.ua/js/app-banner||st.work.ua/js/app-banner-src_*.js"},"priority":1},{"id":191802,"action":{"type":"block"},"condition":{"urlFilter":"||united-arrows.co.jp/sp/js/smartbanner/"},"priority":1},{"id":192368,"action":{"type":"block"},"condition":{"urlFilter":"||seiga.nicovideo.jp/manga/img/manga/common/app_store_banner_"},"priority":1},{"id":192440,"action":{"type":"block"},"condition":{"urlFilter":"||seiga.nicovideo.jp/manga/resources/viewer/dl_banner.png"},"priority":1},{"id":192961,"action":{"type":"block"},"condition":{"urlFilter":"||tomorrowland.co.jp/assets/smartbanner/"},"priority":1},{"id":193012,"action":{"type":"block"},"condition":{"urlFilter":"||noin.shop/_nuxt/img/btn_webapp.appStore"},"priority":1},{"id":193576,"action":{"type":"block"},"condition":{"urlFilter":"||carservice.r10s.jp/img/top/sidebar-app-"},"priority":1},{"id":194536,"action":{"type":"block"},"condition":{"urlFilter":"||s.jlogos.com/images/jlogosbanner2.png"},"priority":1},{"id":194867,"action":{"type":"block"},"condition":{"urlFilter":"||static.gc-img.net/img/parts/banner_readafter.png"},"priority":1},{"id":195878,"action":{"type":"block"},"condition":{"urlFilter":"||fc2.com/video/img/b/"},"priority":1},{"id":196019,"action":{"type":"block"},"condition":{"urlFilter":"||d-card.jp/st/smartbanner/"},"priority":1},{"id":196442,"action":{"type":"block"},"condition":{"urlFilter":"||doga.hikakujoho.com/assets/sp/img/common/aukana_app.png"},"priority":1},{"id":196577,"action":{"type":"block"},"condition":{"urlFilter":"||vitbichi.by/wp-content/uploads/*/banner_prilozhenie.jpg"},"priority":1},{"id":197247,"action":{"type":"block"},"condition":{"urlFilter":"||bangumi.skyperfectv.co.jp/i/TV_guide_app_"},"priority":1},{"id":197970,"action":{"type":"block"},"condition":{"urlFilter":"||jpnumber.com/m/img/googleplaylink.png"},"priority":1},{"id":200897,"action":{"type":"block"},"condition":{"urlFilter":"||audee.jp/js/smart.banner/"},"priority":1},{"id":202042,"action":{"type":"block"},"condition":{"urlFilter":"||glav-dostavka.ru/js/n-smartbanner.min.js"},"priority":1},{"id":204598,"action":{"type":"block"},"condition":{"urlFilter":"||abhipedia.abhimanu.com/UP/FreeResources/*-Down-load-android-app-on-playstore.jpeg"},"priority":1},{"id":206298,"action":{"type":"block"},"condition":{"urlFilter":"||akm-img-a-in.tosshub.com/sites/lallantop/resources/images/Web_Banner.gif"},"priority":1},{"id":211648,"action":{"type":"block"},"condition":{"urlFilter":"||i.glbimg.com/og/ig/infoglobo1/static/blog/_js/redesign2019/smartbanner.js"},"priority":1},{"id":212625,"action":{"type":"block"},"condition":{"urlFilter":"||groups.tapatalk-cdn.com/static/js/smartbanner_"},"priority":1},{"id":215663,"action":{"type":"block"},"condition":{"urlFilter":"||pikicast.com/js/view/layer/asset/layer.store.js"},"priority":1},{"id":215954,"action":{"type":"block"},"condition":{"urlFilter":"||tver.jp/img/sd_to_app_banner.png"},"priority":1},{"id":217201,"action":{"type":"block"},"condition":{"urlFilter":"||portal.librus.pl/images/base/aplikacjamobilna.jpg"},"priority":1},{"id":217263,"action":{"type":"block"},"condition":{"urlFilter":"||portal.librus.pl/images/base/aplikacjamobilna_mobile.jpg"},"priority":1},{"id":217332,"action":{"type":"block"},"condition":{"urlFilter":"||portal.librus.pl/ad|"},"priority":1},{"id":226051,"action":{"type":"block"},"condition":{"urlFilter":"/images/playstore-","initiatorDomains":["bhaskar.com","divyabhaskar.co.in"]},"priority":151},{"id":226598,"action":{"type":"block"},"condition":{"urlFilter":"||ssl.pstatic.net/static/m/comic/im/app_banner_"},"priority":1},{"id":227972,"action":{"type":"block"},"condition":{"urlFilter":"||m.555duo.net/images/app.gif"},"priority":1},{"id":228012,"action":{"type":"block"},"condition":{"urlFilter":"||m.youwu333.com/images/app.gif"},"priority":1},{"id":229329,"action":{"type":"block"},"condition":{"urlFilter":"||nekopoi.care/wp-content/plugins/mobiloud-smart-app-banner/"},"priority":1},{"id":233282,"action":{"type":"block"},"condition":{"urlFilter":"||xgoo.jp/img/portal/misc/footer_app_recommend/"},"priority":1},{"id":235928,"action":{"type":"block"},"condition":{"urlFilter":"||farmlend.ru/images/megi-app.jpg"},"priority":1},{"id":236208,"action":{"type":"block"},"condition":{"urlFilter":"||getnada.com/google_play_banner."},"priority":1},{"id":237615,"action":{"type":"block"},"condition":{"urlFilter":"||nekto.me/chat/img/gplay."},"priority":1},{"id":237971,"action":{"type":"block"},"condition":{"urlFilter":"||m.hindustantimes.com/res/img/*/app.png"},"priority":1},{"id":238354,"action":{"type":"block"},"condition":{"urlFilter":"||i2.sinaimg.cn/*/searchCallup.js","initiatorDomains":["gu.sina.cn"]},"priority":201},{"id":238553,"action":{"type":"block"},"condition":{"urlFilter":"||myaccount.earthlink.net/cam/images/login/ad-4.jpg"},"priority":1},{"id":239051,"action":{"type":"block"},"condition":{"urlFilter":"||iwatchme2u.com/Public/banner.jpg"},"priority":1},{"id":240507,"action":{"type":"block"},"condition":{"urlFilter":"||s3.amazonaws.com/uploads/image/505544/33ab86499a.png","initiatorDomains":["nishinippon.co.jp"]},"priority":201},{"id":241425,"action":{"type":"block"},"condition":{"urlFilter":"||s.yimg.jp/images/news-app/promo/banner/","initiatorDomains":["news.yahoo.co.jp"]},"priority":201},{"id":241513,"action":{"type":"block"},"condition":{"urlFilter":"||yimg.jp/images/shp_app/flagship/web2app/smartappbnr/","initiatorDomains":["shopping.yahoo.co.jp"]},"priority":201},{"id":244213,"action":{"type":"block"},"condition":{"urlFilter":"/googleplay_135x40.png","initiatorDomains":["xn----etbbecbrbp5ahkja1ae7v.xn--p1ai","kingisepp-today.ru"]},"priority":151},{"id":244321,"action":{"type":"block"},"condition":{"urlFilter":"/appstore_135x40.png","initiatorDomains":["xn----etbbecbrbp5ahkja1ae7v.xn--p1ai","kingisepp-today.ru"]},"priority":151},{"id":247676,"action":{"type":"block"},"condition":{"urlFilter":"||jx.la/*/true.js"},"priority":1},{"id":247704,"action":{"type":"block"},"condition":{"urlFilter":"||jx.la/*/h.js"},"priority":1},{"id":249203,"action":{"type":"block"},"condition":{"urlFilter":"||images.finanzen.net/images/b_devisen/waehrungsrechner_300x100.jpg"},"priority":1},{"id":249281,"action":{"type":"block"},"condition":{"urlFilter":"||js.em.com.br/*/smartBanner.*.min.js"},"priority":1},{"id":249329,"action":{"type":"block"},"condition":{"urlFilter":"||picdumps.com/ddeal*.png"},"priority":1},{"id":250038,"action":{"type":"block"},"condition":{"urlFilter":"||cdn.branch.io^","initiatorDomains":["underarmour.com","pressreader.com","medium.com"]},"priority":135},{"id":250941,"action":{"type":"block"},"condition":{"urlFilter":"||naturalnews.com/Images/NaturalNews-App-"},"priority":1},{"id":252036,"action":{"type":"block"},"condition":{"urlFilter":"||adab.com/photos/back44.jpg"},"priority":1},{"id":252637,"action":{"type":"block"},"condition":{"urlFilter":"||forum.doctorhead.ru/mobiquo/tapadetect.js"},"priority":1},{"id":255253,"action":{"type":"block"},"condition":{"urlFilter":"||instagram.com/static/images/appstore-install-badges^"},"priority":1},{"id":262455,"action":{"type":"block"},"condition":{"urlFilter":"||m.autohome.com.cn/news/cdn_20180706/view/ah/nsee.html"},"priority":1},{"id":263402,"action":{"type":"block"},"condition":{"urlFilter":"||play.google.com/intl/en_us/badges/","initiatorDomains":["richluck.ru"]},"priority":201},{"id":268413,"action":{"type":"block"},"condition":{"urlFilter":"||hibiny.com/images/new_site/iphone/app-store.png"},"priority":1},{"id":268473,"action":{"type":"block"},"condition":{"urlFilter":"||hibiny.com/images/new_site/iphone/google-play.png"},"priority":1},{"id":269255,"action":{"type":"block"},"condition":{"urlFilter":"||static.fastpic.ru/android.png"},"priority":1},{"id":270598,"action":{"type":"block"},"condition":{"urlFilter":"||teknowebim.com/uploads/mobil-ads.png"},"priority":1},{"id":271010,"action":{"type":"block"},"condition":{"urlFilter":"||superfb.com/_img/banner/sfb*.png"},"priority":1},{"id":271055,"action":{"type":"block"},"condition":{"urlFilter":"||superfb.com/_img/mobil_imaj.png"},"priority":1},{"id":271374,"action":{"type":"block"},"condition":{"urlFilter":"||m.faz.net/*/fit/project/files/js/smartbanner.js"},"priority":1},{"id":272409,"action":{"type":"block"},"condition":{"urlFilter":"||klavyer.com/android/klavyer-android-uygulamamiz.jpg"},"priority":1},{"id":273467,"action":{"type":"block"},"condition":{"urlFilter":"||gamer-mods.ru/.s/src/jquery.smartbanner.js"},"priority":1},{"id":280924,"action":{"type":"block"},"condition":{"urlFilter":"/mobiquo/smartbanner/appbanner.js"},"priority":1},{"id":281958,"action":{"type":"block"},"condition":{"urlFilter":"||banki.ru/static/common/vendor-libs/jquery.smartbanner/"},"priority":1},{"id":282025,"action":{"type":"block"},"condition":{"urlFilter":"||malatyahaber.com/wp-content/uploads/2016/05/SA.gif"},"priority":1},{"id":282088,"action":{"type":"block"},"condition":{"urlFilter":"||ntv.com.tr/Content/img/promote.jpg"},"priority":1},{"id":282135,"action":{"type":"block"},"condition":{"urlFilter":"||s.livelib.ru/js/smartbanner."},"priority":1},{"id":282176,"action":{"type":"block"},"condition":{"urlFilter":"||turkiyecocuk.com.tr/banner/"},"priority":1},{"id":282216,"action":{"type":"block"},"condition":{"urlFilter":"||unleashedprepaids.com/mobiquo/smartbanner/"},"priority":1},{"id":282271,"action":{"type":"block"},"condition":{"urlFilter":"||vizefinalsorupaylasimi.com/uploads/googleplay.jpg"},"priority":1},{"id":327607,"action":{"type":"block"},"condition":{"urlFilter":"||bokete.jp/images/banner_over_w640.png"},"priority":1},{"id":330267,"action":{"type":"block"},"condition":{"urlFilter":"||dumskaya.net/js/appbanner/"},"priority":1},{"id":331286,"action":{"type":"allow"},"condition":{"urlFilter":"||fashion-headline.com/js/jquery.smartbanner.js"},"priority":100001},{"id":331344,"action":{"type":"allow"},"condition":{"urlFilter":"||bfn.today/min/*/js/jquery.smartbanner.js"},"priority":100001},{"id":331397,"action":{"type":"allow"},"condition":{"urlFilter":"||mafia.ua/js/jquery.smartbanner.js"},"priority":100001},{"id":331443,"action":{"type":"allow"},"condition":{"urlFilter":"||mckolomen.ru/js/jquery.smartbanner.js"},"priority":100001},{"id":331493,"action":{"type":"allow"},"condition":{"urlFilter":"||rshb.ru/source/js/jquery.smartbanner.js"},"priority":100001},{"id":331611,"action":{"type":"allow"},"condition":{"urlFilter":"/js/jquery.smartbanner.js","initiatorDomains":["fiyatseyir.com","greyhound.com","amalgama-lab.com","m.halkbank.com.tr","intime.ua","avic.ua","mirage.ru","speedtest.net","energy.de","hermesworld.com","lekvapteke.ru","yalispor.com.tr","metroturizm.com.tr","anadolu.edu.tr","whatpub.com"]},"priority":100108},{"id":331875,"action":{"type":"allow"},"condition":{"urlFilter":"||cdn.bustracker.utrack.com/js/jquery.smartbanner.js"},"priority":100001},{"id":12259,"action":{"type":"redirect","redirect":{"transform":{"queryTransform":{"removeParams":["recap_redirect"]}}}},"condition":{"urlFilter":"||reddit.com^","resourceTypes":["main_frame","sub_frame"]},"priority":1}]