{"884567":"scrolller.com##.popup:has(> .popup__box div:contains(adblocker))","1083517":"||googletagmanager.com/gtm.js$script,xmlhttprequest,redirect=googletagmanager-gtm,domain=einthusan.ca|einthusan.tv|einthusan.com","1428063":"||googletagmanager.com/gtm.js$script,redirect=googletagmanager-gtm,domain=lastampa.it","1503482":"defence24.pl##main > section.block:has(> div > a > span > figure > figcaption:contains(Reklama))","1507855":"fcbarca.com##.article__content div[style]:has(> div:contains(/^REKLAMA$/))","1507932":"fcbarca.com##.news__list > div[style]:has(> div[style] > div:contains(/^REKLAMA$/))","1694656":"money.pl#@?#main > div:first-child:-abp-has(img[src^=\"https://v.wpimg.pl/\"][loading=\"lazy\"])","1754734":"pogoda.wp.pl#@?#.desktop > div[class*=\" \"]:-abp-has(div)","1799601":"samnytt.se#@#div[class=\"\"], a, .sticky > div[style=\"display:grid\"], .post-content > div.mx-auto:has-text(/annons/i)","2519466":"gumtree.com.au###content div[class^=\"css-\"]:has(> p:contains(SPONSORED))","2519541":"gumtree.com.au##div[class^=\"css-\"]:has(> p:contains(ADVERTISEMENT))","2549201":"xjav.tube##.video__wrapper > div.wrapper:has(> h2:contains(Advertisement))","2599432":"scribd.com###sidebar div[class^=\"_\"]:has(> div[class] > div[class] > span:contains(ad))","3947766":"indiatimes.com#@?#div:-abp-has(> div[id^=\"div-gpt-ad-\"])","3961311":"instagram.com#@?#article[class] > div[class]:-abp-has(span:-abp-contains(/Anzeige|Gesponsert|Sponsored|Geborg|Sponzorováno|Sponsoreret|Χορηγούμενη|Publicidad|Sponsoroitu|Sponsorisé|Bersponsor|Sponsorizzato|広告|광고|Ditaja|Sponset|Gesponsord|Sponsorowane|Patrocinado|Реклама|Sponsrad|ได้รับการสนับสนุน|May Sponsor|Sponsorlu|赞助内容|贊助|প্রযোজিত|પ્રાયોજિત|स्पॉन्सर्ड|Sponzorirano|ಪ್ರಾಯೋಜಿತ|സ്‌പോൺസർ ചെയ്‌തത്|पुरस्‍कृत|प्रायोजित|ਪ੍ਰਾਯੋਜਿਤ|මුදල් ගෙවා ප්‍රචාරය කරන ලදි|Sponzorované|விளம்பரதாரர்கள்|స్పాన్సర్ చేసింది|Được tài trợ|Спонсорирано|Commandité|Sponsorizat|Спонзорисано/))","3962021":"instagram.com#@?#article[role=\"presentation\"] > div[style]:-abp-has(span:-abp-contains(/Anzeige|Gesponsert|Sponsored|Geborg|Sponzorováno|Sponsoreret|Χορηγούμενη|Publicidad|Sponsoroitu|Sponsorisé|Bersponsor|Sponsorizzato|広告|광고|Ditaja|Sponset|Gesponsord|Sponsorowane|Patrocinado|Реклама|Sponsrad|ได้รับการสนับสนุน|May Sponsor|Sponsorlu|赞助内容|贊助|প্রযোজিত|પ્રાયોજિત|स्पॉन्सर्ड|Sponzorirano|ಪ್ರಾಯೋಜಿತ|സ്‌പോൺസർ ചെയ്‌തത്|पुरस्‍कृत|प्रायोजित|ਪ੍ਰਾਯੋਜਿਤ|මුදල් ගෙවා ප්‍රචාරය කරන ලදි|Sponzorované|விளம்பரதாரர்கள்|స్పాన్సర్ చేసింది|Được tài trợ|Спонсорирано|Commandité|Sponsorizat|Спонзорисано/))","3962658":"instagram.com#@?#div[style=\"max-height: inherit; max-width: inherit;\"]:-abp-has(span:-abp-contains(Paid partnership with ))","4056744":"bing.com#@?##b_results > li :-abp-has(span:-abp-contains(Ad))","5921266":"bayequest.com#?#.elementor-section:-abp-contains(Advertisement)","5977041":"thedailywtf.com##.article-body > div:has-text([Advertisement])","5977244":"historic-uk.com##.article-sidebar:has-text(Advertisement)","5977597":"beaumontenterprise.com,chron.com,ctinsider.com,ctpost.com,expressnews.com,greenwichtime.com,houstonchronicle.com,lmtonline.com,manisteenews.com,michigansthumb.com,middletownpress.com,mrt.com,myjournalcourier.com,myplainview.com,mysanantonio.com,newstimes.com,nhregister.com,ourmidland.com,registercitizen.com,sfchronicle.com,stamfordadvocate.com,thehour.com,theintelligencer.com##.b-gray300:has-text(Advertisement)","5978063":"beincrypto.com##.before-author-block-bio:has-text(Sponsored)","5978181":"dropstab.com##.bg-slate-100:has-text(Ad)","5978591":"coincarp.com##.border-bottom:has-text(Sponsored)","5978700":"dropstab.com##.bottom-0.gap-2:has-text(/Stake Now|Invest Now/)","5979303":"dexscreener.com##.chakra-link:has-text(Advertise)","5980022":"androidauthority.com##.d_3i:has-text(Latest deals)","5980299":"bitcoinsensus.com##.e-con-inner:has-text(Our Favourite Trading Platforms)","5980638":"wings.io##.form-group center:has-text(Advertisement)","5981153":"vpforums.org##.ipsSideBlock.clearfix:has-text(Affiliates)","5981330":"stocktwits.com##.is-visible:has-text(Remove ads)","5981381":"thingiverse.com##.item-card-container:has-text(Advertisement)","5982259":"beaumontenterprise.com,chron.com,ctinsider.com,ctpost.com,expressnews.com,greenwichtime.com,houstonchronicle.com,lmtonline.com,manisteenews.com,michigansthumb.com,middletownpress.com,mrt.com,myjournalcourier.com,myplainview.com,mysanantonio.com,newstimes.com,nhregister.com,ourmidland.com,registercitizen.com,sfchronicle.com,sfgate.com,stamfordadvocate.com,thehour.com,theintelligencer.com##.mb32:has-text(Advertisement)","5983443":"404media.co##.post__content > p:has-text(This segment is a paid ad)","5984264":"quora.com##.q-sticky[style*=\"box-sizing: border-box; position: sticky;\"]:has-text(Advertisement)","5984474":"downforeveryoneorjustme.com##.relative.bg-white:has-text(PolyBuzz)","5986678":"themarysue.com##.wp-block-gamurs-article-group__sidebar__wrapper:has-text(related content)","5986771":"dotesports.com##.wp-block-gamurs-article-tile:has-text(Sponsored)","5986918":"mapquest.co.uk##.z-10.justify-center:has-text(Advertisement)","5990866":"wolt.com##button:has(> div > div > div > span:has-text(Sponsored))","5991418":"appleinsider.com##div.main-art:has-text(Sponsored Content)","5991989":"wolt.com##div:has(> div > div > div > div > div > p:has-text(Sponsored))","5999705":"globalchinaev.com##p.content-center:has-text(ADVERTISEMENT)","5999767":"sciencenews.org##p:has-text(Sponsor Message)","5999814":"provigo.ca#?#.css-1nhzth8:-abp-contains(/sponsorisé|sponsored/)","5999874":"rome2rio.com#?#div[aria-labelledby=\"schedules-header\"] > div > div:-abp-contains(Ad)","6000317":"fxempire.com##span[display=\"inline-block\"]:has-text(Advertisement)","6003602":"tripadvisor.*#?#[data-automation=\"crossSellShelf\"] div:has(> span:-abp-contains(Sponsored))","6003690":"tripadvisor.*#?#[data-automation=\"relatedStories\"] div > div:has(a:-abp-contains(SPONSORED))","6003828":"bleepingcomputer.com##ul#bc-home-news-main-wrap > li:has-text(Sponsored)","6108712":"yahoo.com##.leading-3:has-text(Advertisement)","6188780":"dev.to#?#div[data-display-unit]:-abp-has(span:-abp-contains(Promoted))","6188842":"tripadvisor.com#?#[aria-label=\"Map marker\"]:-abp-contains(Sponsored)","6188907":"noon.com#?#.swiper-slide:-abp-contains(Sponsored)","6189187":"kslnewsradio.com,ksltv.com,ktar.com#?#.wrapper:-abp-contains(Sponsored Articles)","6189264":"shopee.sg#?#.shopee-search-item-result__item:-abp-contains(Ad)","6189323":"shopee.sg#?#.shopee-header-section__content:-abp-contains(Ad)","6189381":"kogan.com#?#.rs-infinite-scroll > div:-abp-contains(Sponsored)","6189440":"kogan.com#?#._2EeeR:-abp-contains(Sponsored)","6189481":"kogan.com#?#.slider-slide:-abp-contains(Sponsored)","6189528":"euronews.com#?#.m-object:has(.m-object__quote:-abp-contains(/In partnership with|En partenariat avec|Mit Unterstützung von|In collaborazione con|En colaboración con|Em parceria com|Совместно с|ile birlikte|Σε συνεργασία με|Együttműködésben a|با همکاری|بالمشاركة مع/))","6189792":"nordstrom.com#?#ul[style^=\"padding: 0px; position: relative;\"] > li[class]:-abp-contains(Sponsored)","6189888":"loblaws.ca#?#[data-testid=\"product-grid\"]>div:-abp-contains(Sponsored)","6189955":"semafor.com#?#.suppress-rss:-abp-has(:-abp-contains(Supported by))","6190013":"shipt.com#?#li[class]:-abp-contains(Sponsored)","6190056":"argos.co.uk#?#[data-test^=\"component-slider-slide-\"]:-abp-contains(SPONSORED)","6190130":"atlanticsuperstore.ca,fortinos.ca,maxi.ca,newfoundlandgrocerystores.ca,nofrills.ca,provigo.ca,realcanadiansuperstore.ca,valumart.ca,yourindependentgrocer.ca,zehrs.ca#?#[data-testid=\"card\"]:-abp-contains(sponsored)","6190340":"kijiji.ca#?#[data-testid^=\"listing-card-list-item-\"]:-abp-contains(TOP AD)","6190411":"atlanticsuperstore.ca,fortinos.ca,loblaws.ca,maxi.ca,newfoundlandgrocerystores.ca,nofrills.ca,provigo.ca,realcanadiansuperstore.ca,valumart.ca,yourindependentgrocer.ca,zehrs.ca#?#.product-tile-group__list__item:-abp-contains(Sponsored)","6190721":"dev.to#?#.crayons-card:-abp-has(.sponsorship-dropdown)","6190772":"ulta.com#?#li.ProductListingResults__productCard:has(.ProductCard__badge:-abp-contains(Sponsored))","6190867":"leadership.ng#?#.jeg_postblock:-abp-contains(SPONSORED)","6190919":"acmemarkets.com,albertsons.com,andronicos.com,carrsqc.com,haggen.com,jewelosco.com,kingsfoodmarkets.com,pavilions.com,randalls.com,safeway.com,shaws.com,starmarket.com,tomthumb.com,vons.com#?#.product-card-col:-abp-contains(Sponsored)","6191150":"agoda.com#?#.PropertyCardItem:-abp-has(div:-abp-contains(Promoted))","6191209":"alibaba.com#?#.J-offer-wrapper:-abp-contains(Top sponsor listing)","6191271":"aliexpress.com#?##card-list > .search-item-card-wrapper-gallery:-abp-has(a.search-card-item[href*=\"&aem_p4p_detail=\"] div[class*=\"cards--image--\"] > div[class*=\"multi--ax--\"]:-abp-contains(/^(?:AD|An[uú]ncio|광고|広告)$/)):-abp-has(+ .search-item-card-wrapper-gallery a.search-card-item:not([href*=\"&aem_p4p_detail=\"]))","6191573":"app.daily.dev#?#article:-abp-contains(Promoted)","6191617":"backpack.tf,backpacktf.com#?#.panel:-abp-contains(createAd)","6191673":"belloflostsouls.net#?#span.text-secondary:-abp-contains(Advertisement)","6191740":"cointelegraph.com#?#li.group-\\[\\.inline\\]\\:mb-8:-abp-contains(Ad)","6191802":"scamwarners.com#?#center:-abp-contains(Advertisement)","6191852":"infographicjournal.com#?#.et_pb_widget:-abp-contains(Partners)","6191911":"infographicjournal.com#?#.et_pb_module:-abp-contains(Partners)","6191970":"infographicjournal.com#?#.et_pb_module:-abp-contains(Partners) + .et_pb_module","6192045":"telugupeople.com#?#table:-abp-has(> tbody > tr > td > a:-abp-contains(Advertisements))","6192123":"bleepingcomputer.com#?#.post_wrap:-abp-contains(AdBot)","6192174":"bolnews.com#?#[style*=\"center\"]:-abp-contains(Ad)","6192220":"booking.com#?#div[data-testid=\"property-card\"]:-abp-has(span:-abp-contains(Promoted))","6192297":"yourstory.com#?#[width]:-abp-contains(ADVERTISEMENT)","6192346":"boots.com#?#.oct-listers-hits__item:-abp-contains(Sponsored)","6192403":"deccanherald.com#?#div:-abp-has(> div > .ad-background)","6192455":"deccanherald.com#?#div[style^=\"min-height\"]:-abp-has(> div > div[id*=\"-ad-separator\"])","6192538":"qz.com#?#div[class^=\"sc-\"]:-abp-has(> div[is=\"bulbs-dfp\"])","6192593":"qz.com#?#div[class^=\"sc-\"]:-abp-has(> div[class=\"ad-unit\"])","6192649":"china.ahk.de#?#.b-main__section:-abp-has(h2.homepage-headline:-abp-contains(Advertisement))","6192732":"producthunt.com#?#.text-12:-abp-contains(Promoted)","6192779":"cleantechnica.com#?#.zox-side-widget:-abp-contains(/^Advertis/)","6192839":"mapchart.net#?#.row:-abp-contains(Advertisement)","6192884":"coinlisting.info#?#.panel:-abp-has(h3:-abp-contains(Sponsored Ad))","6192942":"coolors.co#?#a:-abp-has(div:last-child:-abp-contains(Hide))","6192993":"neowin.net#?#.ipsColumns_collapsePhone.classes:-abp-contains(Our Sponsors)","6193064":"amusingplanet.com#?#.blockTitle:-abp-contains(Advertisement)","6193121":"corvetteblogger.com#?#aside.td_block_template_1.widget.widget_text:-abp-has(> h4.block-title > span:-abp-contains(Visit Our Sponsors))","6193247":"cruisecritic.co.uk,cruisecritic.com#?#div[role=\"group\"]:-abp-contains(Sponsored)","6193324":"deccanherald.com#?#div#container-text:-abp-contains(ADVERTISEMENT)","6193387":"deccanherald.com#?#span.container-text:-abp-contains(ADVERTISEMENT)","6193451":"decrypt.co#?#span:-abp-contains(AD)","6193483":"digg.com#?#article.relative:-abp-has(div:-abp-contains(SPONSORED))","6193541":"eztv.tf,eztv.yt,123unblock.bar#?#tbody:-abp-contains(WARNING! Use a)","6193606":"filehippo.com#?#article.card-article:-abp-has(span.card-article__author:-abp-contains(Sponsored Content))","6193703":"freshdirect.com#?#.swiper-slide:-abp-contains(Sponsored)","6193756":"gamersnexus.net#?#.moduleContent:-abp-contains(Advertisement)","6193814":"hannaford.com#?#.header-2:-abp-contains(Sponsored Suggestions)","6193873":"heb.com#?#div[class^=\"sc-\"]:-abp-has(> div[data-qe-id=\"productCard\"]:-abp-contains(Promoted))","6193958":"instagram.com#?#div[style=\"max-height: inherit; max-width: inherit; display: none !important;\"]:-abp-has(span:-abp-contains(Paid partnership with ))","6194098":"instagram.com#?#div[style=\"max-height: inherit; max-width: inherit; display: none !important;\"]:-abp-has(span:-abp-contains(Paid partnership))","6194232":"instagram.com#?#div[style=\"max-height: inherit; max-width: inherit;\"]:-abp-has(span:-abp-contains(Paid partnership with ))","6194346":"linkedin.com#?#.msg-overlay-list-bubble__conversations-list:-abp-contains(Sponsored)","6194427":"linkedin.com#?#div.feed-shared-update-v2:-abp-has(span.update-components-actor__sub-description--tla:-abp-contains(/Anzeige|Sponsored|Promoted|Dipromosikan|Propagováno|Promoveret|Gesponsert|Promocionado|促銷內容|Post sponsorisé|프로모션|Post sponsorizzato|广告|プロモーション|Treść promowana|Patrocinado|Promovat|Продвигается|Marknadsfört|Nai-promote|ได้รับการโปรโมท|Öne çıkarılan içerik|Gepromoot|الترويج/))","6194810":"linkedin.com#?#div.feed-shared-update-v2:-abp-has(span.update-components-actor__description:-abp-contains(/Anzeige|Sponsored|Promoted|Dipromosikan|Propagováno|Promoveret|Gesponsert|Promocionado|促銷內容|Post sponsorisé|프로모션|Post sponsorizzato|广告|プロモーション|Treść promowana|Patrocinado|Promovat|Продвигается|Marknadsfört|Nai-promote|ได้รับการโปรโมท|Öne çıkarılan içerik|Gepromoot|الترويج/))","6195184":"linkedin.com#?#div.feed-shared-update-v2:-abp-has(span.update-components-actor__sub-description:-abp-contains(/Anzeige|Sponsored|Promoted|Dipromosikan|Propagováno|Promoveret|Gesponsert|Promocionado|促銷內容|Post sponsorisé|프로모션|Post sponsorizzato|广告|プロモーション|Treść promowana|Patrocinado|Promovat|Продвигается|Marknadsfört|Nai-promote|ได้รับการโปรโมท|Öne çıkarılan içerik|Gepromoot|الترويج/))","6195562":"loblaws.ca,provigo.ca,valumart.ca,yourindependentgrocer.ca,zehrs.ca#?#.chakra-container:-abp-contains(Featured Items)","6195676":"lovenovels.net#?#center:-abp-contains(Advertisement)","6195725":"noelleeming.co.nz#?#div.product-tile:-abp-has(span:-abp-contains(Sponsored))","6195793":"noon.com#?#span[class*=\"productContaine\"]:-abp-has(div:-abp-contains(Sponsored))","6195865":"nordstrom.com#?#article:has(.Yw5es:-abp-contains(Sponsored))","6195922":"petco.com#?#[class^=\"CitrusCatapult-styled__LeftContent\"]:-abp-has(div:-abp-contains(Sponsored))","6196010":"petco.com#?#[class^=\"HorizontalWidget\"]:-abp-has(div:-abp-contains(Sponsored))","6196080":"petco.com#?#li:-abp-contains(Sponsored)","6196116":"bitchute.com#?#.row.justify-center:-abp-contains(Advertisement)","6196176":"regex101.com#?#div > header + div > div + div:-abp-contains(Sponsors)","6196242":"search.yahoo.com#?#div.mb-28:-abp-has(span:-abp-contains(Ads))","6196296":"seattleweekly.com#?#.marketplace-row:-abp-contains(Sponsored)","6196354":"sephora.com#?#div[class^=\"css-\"]:-abp-has(>a:-abp-has(span:-abp-contains(Sponsored)))","6196426":"techonthenet.com#?#div[class] > p:-abp-contains(Advertisements)","6196486":"dictionary.com,thesaurus.com#?#[class] > p:-abp-contains(Advertisement)","6196593":"shipt.com#?#div.swiper-slide:-abp-contains(Sponsored)","6196643":"sprouts.com#?#li.product-wrapper:-abp-has(span:-abp-contains(Sponsored))","6196707":"target.com#?#.ProductRecsLink-sc-4mw94v-0:-abp-has(p:-abp-contains(sponsored))","6196777":"target.com#?#div[data-test=\"@web/ProductCard/ProductCardVariantAisle\"]:-abp-contains(Sponsored)","6196869":"target.com#?#div[data-test=\"@web/site-top-of-funnel/ProductCardWrapper\"]:-abp-contains(sponsored)","6196963":"tossinggames.com#?#tbody:-abp-contains(Please visit our below advertisers)","6197034":"trends.gab.com#?#li.list-group-item:-abp-contains(Sponsored content)","6197099":"tripadvisor.com#?#.cAWGu:-abp-has(a:-abp-contains(Similar Sponsored Properties))","6197171":"tripadvisor.com#?#.tkvEM:-abp-contains(Sponsored)","6197217":"twitter.com,x.com#?#h2[role=\"heading\"]:-abp-contains(/Promoted|Gesponsert|Promocionado|Sponsorisé|Sponsorizzato|Promowane|Promovido|Реклама|Uitgelicht|Sponsorlu|Promotert|Promoveret|Sponsrad|Mainostettu|Sponzorováno|Promovat|Ajánlott|Προωθημένο|Dipromosikan|Được quảng bá|推廣|推广|推薦|推荐|プロモーション|프로모션|ประชาสมพนธ|परचरत|বজঞপত|تشہیر شدہ|مروج|تبلیغی|מקודם/)","6197563":"vofomovies.info#?#a13:-abp-contains( Ad)","6197600":"bing.com#?#li.b_algo:has(.rms_img[src*=\"id=ODLS.A2450BEC-5595-40BA-9F13-D9EC6AB74B9F\"]):has(.tptt:-abp-contains(/^(Amazon|Best Buy|Booking\\.com|eBay|eDreams|Lenovo US|Trip\\.com|Tripadvisor|Walmart)$/))","6197798":"tripadvisor.*#?#.AaFRW:-abp-contains(Sponsored)","6197842":"modivo.*#?#.banner:-abp-contains(/Sponsorizzato|Sponsorowane|Sponsorizat|Sponzorováno|Szponzorált|Спонсорирани|Sponsored|Gesponsert/)","6197972":"modivo.*#?#.product:-abp-contains(/Sponsorizzato|Sponsorowane|Sponsorizat|Sponzorováno|Szponzorált|Спонсорирани|Sponsored|Gesponsert/)","6198103":"yelp.*#?#main[class^=\"searchResultsContainer\"] li h2:-abp-contains(Sponsored)","6198177":"walmart.*#?#div > div[io-id]:-abp-contains(Sponsored)","6250749":"4wank.com#?#.video-holder > center > :-abp-contains(/^Advertisement$/)","6250816":"crocotube.com#?#.ct-related-videos-title:-abp-contains(Advertisement)","6250882":"crocotube.com#?#.ct-related-videos-title:-abp-contains(You may also like)","6250952":"hdpornpics.net#?#.money:-abp-has(.century:-abp-contains(ADS))","6251005":"hotmovs.com#?#.block_label--last:-abp-contains(Advertisement)","6251063":"okxxx1.com#?#.bn-title:-abp-contains(Advertising)","6251109":"porn-w.org#?#.row:-abp-contains(Promotion Bot)","6251152":"reddxxx.com#?#.items-center:-abp-contains(/^ad$/)","6251198":"reddxxx.com#?#[role=\"gridcell\"]:-abp-contains(/^AD$/)"}