{"105080":"nicematin.com#@?#section:-abp-has(.brand:-abp-contains(sponsorisé))","115554":"google.ae,google.be,google.cd,google.cf,google.cg,google.ch,google.cm,google.com,google.dz,google.fr,google.gp,google.gy,google.ht,google.iq,google.jo,google.ma,google.ml,google.mw,google.ne,google.ng,google.om,google.ps,google.qa,google.rw,google.sa,google.sn,google.td,google.tg,google.tn,google.tt#@?##topstuff:-abp-has(.SRfaKe)","117471":"leboncoin.fr#@?#a[data-test-id]:-abp-has([class]:-abp-contains(/À la une|Sponsorisé|Urgent/))","118184":"||googletagmanager.com/gtm.js$script,redirect=googletagmanager-gtm,domain=geo.fr","131410":"||googletagmanager.com/gtm.js$script,redirect=googletagmanager-gtm,domain=voici.fr","132802":"||googletagmanager.com/gtm.js$script,redirect=googletagmanager-gtm,domain=capital.fr","135968":"||googletagmanager.com/gtm.js$script,redirect=googletagmanager-gtm,domain=gala.fr","141134":"twitter.com#@?#[data-testid=\"tweet\"]:-abp-contains(Sponsorisé)","602808":"20min.ch#?#.clusterTop:-abp-has(.teaser:-abp-has(h3:-abp-contains(Paid Post)))","602873":"2ememain.be#?#.hz-Listing--list-item:-abp-has(.hz-Listing-priority:-abp-contains(Pub au top))","603036":"algerie-eco.com#?#.td_block_wrap:-abp-has(.block-title:-abp-contains(sponsorisés))","603110":"aliexpress.com,aliexpress.us#?#._2FypS:-abp-has(._1rKqn:-abp-contains(/AD|Annonce|إعلان/))","603192":"aliexpress.com,aliexpress.us#?#.search-item-card-wrapper-gallery:-abp-has([class^=\"multi--ax\"]:-abp-contains(/AD|Annonce|إعلان/))","603313":"allocine.fr#?#.news-card:-abp-contains(Sponsorisé)","603360":"allocine.fr#?#.video-card-trailer:-abp-has([class*=\"sponso\"])","603418":"allocine.fr#?#.video-card:-abp-has([class*=\"sponso\"])","603468":"android-mt.com#?#.boutonlink:-abp-has(a:-abp-contains(/VPN|rencontre/))","603531":"android-mt.com#?#.bp-fin:-abp-has(a:-abp-contains(/VPN|rencontre/))","603590":"annonces.nc#?#annonces-post-detail:-abp-has(.bg-boosted)","603716":"betaseries.com#?#.blockSearch:-abp-has(.adsbygoogle)","603765":"blogdumoderateur.com#?#.breve:-abp-has(.breve-info:-abp-contains(Sponsorisé))","603834":"blogdumoderateur.com#?#.sticky:-abp-has(.sponsorise)","603883":"businessinsider.fr#?#.post-nonfeatured:-abp-has(.title-studio:-abp-contains(Contenu Sponsorisé))","603971":"ccm.net#?#.ccm_list_catch__item:-abp-contains(Sponsored)","604024":"cdiscount.com#?#.fpColFloatAddisplayBloc:-abp-has(.c-sponsoredMentions)","604092":"cdiscount.com#?#.o-block:-abp-has(.o-block__content:-abp-has(.c-sponsoredMentions))","604167":"cdiscount.com#?#div.o-block:-abp-has(div.u-mt-sm > svg)","604219":"cdiscount.com#?#li:-abp-has(.prdtBlocInline:-abp-has(.c-sponsoredMentions))","604286":"cdiscount.com#?#li[data-sku]:-abp-has(.c-sponsoredMentions)","604342":"cnetfrance.fr#?#.riverPost:-abp-has(.tag-desktop:-abp-contains(Publicité))","604408":"commentcamarche.com,commentcamarche.net#?#.ccm_list_catch__item:-abp-contains(Annonces)","604492":"delhaize.be#?#.product-item:-abp-contains(Sponsorisé)","604542":"discordbots.org,top.gg#?#.bot-card:-abp-has(.lib:-abp-contains(Promoted))","604607":"discordbots.org,top.gg#?#.bot-card:-abp-has(.lib:-abp-has(img))","604662":"distrowatch.com#?#.News1:-abp-has(td:-abp-contains(Sponsored))","604716":"doctolib.fr#?#.dl-card:-abp-has(.dl-card-sponsored-pill)","604769":"ebay.fr#?#.sresult:-abp-has(.promoted-lv)","604807":"ebay.fr#?#[id^=\"nume_html_\"]:-abp-has(.mfe-card-group:-abp-has(.mfe-card-group-title:-abp-contains(sponsorisées)))","604908":"ebay.fr#?#[id^=\"nume_html_\"]:-abp-has(.mfe-header:-abp-has(.mfe-pull-left:-abp-contains(sponsorisés)))","604997":"extreme-down.party,gktorrent.my,t911.pw,torrent.onl,torrent9.se#?#a:-abp-contains(/ANONYME|Anonyme|anonyme|PREMIUM|Premium|premium|RAPIDE|Rapide|Usenet|VPN|Vpn/)","605155":"flaticon.com#?#.soul-p:-abp-has(.footer-sponsor)","605200":"frandroid.com#?#.post-card:-abp-has(a[href^=\"https://native.humanoid.fr/\"])","605300":"futura-sciences.com#?#.postcontainer:-abp-has(.username:-abp-contains(Publicité))","605373":"gameblog.fr#?#.highlight-item:-abp-has(.word-wrapper:-abp-contains(sponso))","605440":"gameblog.fr#?#.item.full.gameblog:-abp-has(.post-details:-abp-contains(sponsorisé))","605515":"gktorrent.my,t911.pw,torrent.onl,torrent9.se#?#div[style]:-abp-contains(/ANONYME|Anonyme|anonyme|Usenet|VPN|Vpn/)","605625":"gktorrent.my,t911.pw,torrent.onl,torrent9.se#?#table[style]:-abp-contains(/ANONYME|Anonyme|anonyme|Usenet|VPN|Vpn/)","605737":"hitek.fr#?#.news-bloc:-abp-has(.article-type:-abp-contains(Sponsorisé))","605800":"homify.fr#?#.photo__m:-abp-has(.top-label)","605839":"homify.fr#?#.premium-card:-abp-has(.top-label)","605882":"igen.fr,macg.co,watchgeneration.fr#?#article:-abp-has(.sidebar-artitle:-abp-contains(/📣|📌/))","605968":"igen.fr,macg.co,watchgeneration.fr#?#article:-abp-has(h2:-abp-contains(/📣|📌/))","606040":"indeed.fr#?#.jobsearch-SerpJobCard:-abp-has(.sponsoredGray)","606096":"iphonesoft.fr#?#article:-abp-has(.date:-abp-contains(Sponso))","606149":"jeuxvideo.com#?#.anchorMiddleOne:-abp-has(.badge:-abp-contains(Sponsorisé))","606216":"jeuxvideo.com#?#.anchorWrapper:-abp-has(.cardHorizontalList__footer:-abp-contains(Sponsorisé))","606302":"jeuxvideo.com#?#.card:-abp-has(.badge:-abp-contains(Sponsorisé))","606358":"jeuxvideo.com#?#.item-small-pres:-abp-has(a:-abp-has(.sponsored-prefix))","606422":"jeuxvideo.com#?#li:-abp-has(a:-abp-has(.sponsored-prefix))","606472":"journaldugeek.com#?#.entry__item:-abp-has(.entry__img-container--sponso)","606541":"korben.info#?#.alderaan-sous-article:-abp-has(span:-abp-contains(publicité))","606609":"korben.info#?#[class*=\"sous-categories\"]:-abp-contains(Lien partenaire)","606677":"korben.info#?#blockquote:-abp-has(a[href*=\"http://bit.ly/\"])","606734":"korben.info#?#blockquote:-abp-has(a[href*=\"http://bitly.com/\"])","606794":"korben.info#?#div > hr + article.type-post:-abp-has(header:-abp-has(a[href^=\"http://bit.ly/\"]))","606881":"korben.info#?#div > hr + article.type-post:-abp-has(header:-abp-has(a[href^=\"http://bitly.com/\"]))","606971":"korben.info#?#div[class*=\"sous-article\"]:-abp-has(a[href^=\"http://amzn.to/\"])","607045":"krefel.be#?#div[class^=\"Flex-styled__StyledFlex-\"]:has(h3:-abp-contains(Produits sponsorisés))","607136":"latribune.fr#?#.article-wrapper:-abp-has(.subheading:-abp-contains(Partenaire))","607207":"latribune.fr#?#.homepage-section.supplement-section:-abp-has(span:-abp-contains(Partenaires))","607292":"lebigdata.fr#?#.elementor-widget-wrap:-abp-has(a[href^=\"http://clickmetertracking.com/\"])","607378":"leboncoin.fr#?#.undefined:-abp-contains(Sponsorisé)","607426":"leboncoin.fr#?#a[data-test-id]:-abp-has([class]:-abp-contains(/À la une|Sponsorisé|Urgent/))","607510":"leseclaireuses.com#?#.article.small:-abp-has(a[href*=\".smartadserver.com\"])","607582":"leseclaireuses.com#?#.gslide:-abp-has(a[href^=\"https://bit.ly/\"])","607818":"lessentiel.lu#?#aside:-abp-has(div + span:-abp-contains(Publicité))","607877":"libhunt.com#?#.boxed:-abp-has(.tag:-abp-contains(Sponsored))","607929":"libhunt.com#?#.repo-component:-abp-has(label:-abp-contains(sponsored))","607991":"linfoweb.com#?#.isnotmobi:-abp-has(a:-abp-contains(sponsorisé))","608046":"linfoweb.com#?#tbody:-abp-has(i:-abp-contains(sponsorisé))","608096":"macommune.info#?#.box_article:-abp-has(.is-text-publi-infos)","608153":"macommune.info#?#.widget_article:-abp-has(.title_widget:-abp-contains(/PUBLI INFO|Publi-info/))","608240":"maison-islam.com#?#aside:-abp-has(.widget-title:-abp-contains(Publicité))","608305":"mediamarkt.be#?#[data-index-number]:-abp-contains(Sponsorisé)","608425":"narcity.com#?#.article-thumbnail:-abp-has(a:-abp-contains(/Sponsored|sponsorisé/))","608499":"nextinpact.com#?#.us-bas-ctr:-abp-has(a[href^=\"https://www.cybertek.fr/\"])","608570":"nextinpact.com#?#app-home-item:-abp-has(.article:-abp-has(.sponsored))","608632":"nextinpact.com#?#li[class=\"ng-star-inserted\"]:-abp-has(.sponsored)","608695":"nicematin.com#?#section:-abp-has(.brand:-abp-contains(sponsorisé))","608753":"nocibe.fr#?#.proditem:-abp-has(.rm-sponsorise)","608796":"numerama.com#?#.container_native_sidebar:-abp-has(.sponsoring-icon)","608860":"numerama.com#?#.post-card:-abp-has(span:-abp-contains(sponso))","608914":"numerama.com#?#.post-grid:-abp-has(.sponsoring-icon)","608963":"on-mag.fr#?#.uk-margin-remove-last-child:-abp-has(div:-abp-has(span:-abp-contains(PUBLICITÉ)))","609044":"ouedkniss.com#?#.v-container:has(.o-section-heading:-abp-contains(/Ad|Publicité|Sponsored|Sponsorisées|Stores à la une|إعلان|إعلانات في المقدمة|متاجر في المقدمة/))","609204":"phonandroid.com#?#li:-abp-has(a:-abp-contains(sponso))","609250":"positivr.fr#?#article:-abp-has(.sponsored-notice)","609296":"rakuten.com#?#[data-productid]:-abp-has(a[href^=\"/offer?action=\"])","609359":"businessinsider.fr#?##related-post-:-abp-has(a[href*=\"/contenu-sponsorise\"])","609432":"santemagazine.fr#?#[data-identifier]:-abp-has(div:-abp-has(.sponsor-color))","609499":"sketchucation.com#?#.post:-abp-has(.postprofile:-abp-has(strong:-abp-contains(Ad Machine)))","609577":"sookbtp.com#?#.owl-item:-abp-has(figure:-abp-has(img[src^=\"publicites/\"]))","609643":"starbike.com#?#.post.has-profile:-abp-has(.postbody:-abp-has(.adsbygoogle))","609710":"temp-mail.org#?#li:-abp-has(.inboxSenderEmail:-abp-contains(AD | Temp Number))","609780":"thesiteoueb.net#?#.panel:-abp-has(.panel-heading:-abp-has(.panel-title:-abp-contains(Publicité)))","609864":"tourmag.com#?#.wm-module:-abp-contains(Contenu sponsorisé)","609919":"tourmag.com#?#.wm-module:-abp-has(a[href^=\"https://www.hoteletlodgepro.biz/\"])","609994":"tsa-algerie.com#?#.jwpv-desktop:-abp-contains(Publicité)","610047":"twitter.com#?#[data-testid=\"tweet\"]:-abp-contains(Sponsorisé)","610105":"voyageforum.com#?#div[style*=\"width: 300px\"]:-abp-contains(/Publicité|Publicités/)","610184":"voyageforum.com#?#div[style*=\"width: 300px\"]:-abp-has(.adsbygoogle)","610248":"voyageforum.com#?#table[class=\"post\"]:-abp-has(tbody:-abp-contains(/annonces|annonceurs/))","610330":"voyageforum.com#?#table[style=\"width: 300px;\"]:-abp-has(a)","610385":"zataz.com#?#.custom-sidebar:-abp-has(h3:-abp-contains(/Partenaires|Publicité/))"}