{"124903":"wolt.com##button:has(> div > div > div > span:has-text(ממומן))","124968":"wolt.com##div:has(> div > div > div > div > div > p:has-text(ממומן))","130445":"||googlesyndication.com/pagead/js/adsbygoogle.js$script,redirect=noopjs:10,important,domain=walla.co.il","134802":"||googlesyndication.com/pagead/js/adsbygoogle.js$script,redirect=noopjs:10,important,domain=ynet.co.il","135328":"||googlesyndication.com/pagead/js/adsbygoogle.js$script,redirect=noopjs:10,important,domain=mako.co.il","136156":"||googlesyndication.com/pagead/js/adsbygoogle.js$script,redirect=noopjs:10,important,domain=calcalist.co.il","136877":"||googlesyndication.com/pagead/js/adsbygoogle.js$script,redirect=noopjs:10,important,domain=sport5.co.il","137965":"||googlesyndication.com/pagead/js/adsbygoogle.js$script,redirect=noopjs:10,important,domain=yad2.co.il","138628":"haaretz.co.il##span:has([href*=\"promo\"]):xpath(..)","140257":"www.kikar.co.il##div[aria-label*=\"המחלקה המסחרית\"]:nth-ancestor(5)","140326":"www.kikar.co.il##iframe[title*=\"Banner\"]:upward(4)","142632":"www-haaretz-co-il.eu1.proxy.openathens.net##span:has([href*=\"promo\"]):xpath(..)"}