{"99663":"c-ute.doorblog.jp##.article-body-more > div[class^=\"title\"]:has(> p:contains(Amazon))","466429":"eroangle.club##.article > h3.frontTitle:contains(お勧めサイト[PR])","497949":"geinoukame.com##.menu_title:contains(/スポンサードリンク|記事|【PR】/)","515377":"blog.livedoor.jp#?##left_wrapper > div.area01 > p[style=\"”font-size:5pt;\"] + center:has-text(スポンサードリンク)","526133":"trafficnews.jp#?##slider_list span.title-text:has-text(おすすめPR):upward(#slider_list)","601463":"viet-jo.com#?##irelated > div > ul > div.bds > div.bd_left1[name]:has-text(PR):upward(4)"}