{"83067":"inilah.com##.MuiStack-root:has(> span:has-text(/adv/i))","83125":"orami.co.id##.article-post #post-bottom:has(> p.text-center:has-text(/adv/i))","83205":"orami.co.id##.article-post #post-section2:has(> p.text-center:has-text(/adv/i))","83287":"orami.co.id##.article-post #post-top:has(> p.text-center:has-text(/adv/i))","84713":"besttangsel.com##.home .cb-module-block:has(> .cb-module-title:has-text(/iklan/i))","89216":"bisnisbanten.com##[class^=\"stream-item\"]:has(> span:has-text(/adv/i))","89542":"bloktuban.com##a:has(span:has-text(/iklan/i))","90151":"dardura.com##article #body-post-it > center:has-text(/adv/i)","90384":"cobisnis.com##body > div:matches-css(position: fixed):has(a > img)","90592":"koranpagionline.com##figure:has(> figcaption:has-text(/adv/i))","90727":"beritahukum.com##table:has(> tbody > tr > td.styleisikanan:has-text(/ads/i))","91400":"citizen.co.id##div:matches-css(width: 728px):matches-css(height: 90px)","101476":"jawaraspeed.com###openModal:has-text(/ads/i)","101600":"belajarmandiriyuk.com##.entry-content > div:matches-css(text-align: center):has(> p:has-text(/adv/i))","101704":"iglobalnews.co.id##.entry-content > div[class^=\"iglob-\"]:has(> div[class^=\"iglob-\"]:has-text(/adv/i))","102122":"candilkuya.com##.link-btn:has-text(/iklan/i)","102216":"s.id##.main-dashboard .w-full:has(> .right-1:has-text(/ads/i))","102344":"jobskarir.id##.tutup-iklan:upward(1)","102429":"siberkota.com##.wpb_single_image:has(> h3:has-text(Advertising))","102795":"pertamax7.com##a[target=\"_blank\"] div:matches-css(position: fixed)","103226":"ngopibareng.id##div:has(> p:has-text(/adv/i))","103274":"humaniora.id##figure:has(> a):has-text(/adv/i)","111822":"nusabali.com##.widget:has(h2:has-text(/iklan/i))","111922":"infoberita.id,meduonline.co.id##.widget:has-text(/adv/i)","111981":"annews.co.id##.widget:has-text(/sponsor/i)","129625":"beritacyber.com,dutaserviceac.com##.widget .a-wrap:has-text(/ads/i)","129695":"kompiajaib.com##.widget-wrapper .link-btn:has-text(/iklan/i)","129758":"jurnalkepri.com,prokepri.com##.widget:has-text(/adv/i)","129815":"mediawawasan.com,radarnews.id,suarakonsumenindonesia.com,timor-media.com##.widget:has-text(/iklan/i)","129918":"nawacita.co##aside .adsbygoogle:upward(.textwidget)","129972":"dutaserviceac.com##aside .widget:has(.label:has-text(/adv/i))","130036":"bangkitmedia.com##aside p:matches-css(text-align: center):has(> a > img)","130151":"gardapapua.com##aside:has-text(/adv/i)","130450":"timesindonesia.co.id###news_content > p:has-text(/adv/i)","130606":"dutaimigrasi.com,greenscene.co.id,itnesia.com,tipkerja.com,utekno.com##.adsbygoogle:upward(.code-block)","130712":"teknologital.com##.adsbygoogle:upward(.header_media_inner)","130773":"kontenjatim.com##.article-post .adsbygoogle:upward(.text-center)","131357":"hapusakun.com,iuwashplus.or.id##.code-block:has-text(/adv/i)","131637":"buruhtinta.co.id,redaksi.co.id##.entry-content .adsbygoogle:upward(center)","131714":"ayobelajarasuransi.id##.entry-content > .aligncenter:has-text(/iklan/i)","131788":"opikini.com##.entry-content div > :has-text(/adv/i)","132044":"travelingyuk.com##.main-article > div:has-text(/adv/i)","132101":"today.line.me##.midAdModule-root:has-text(/iklan/i)","132444":"chordtela.com##.post > div:matches-css(text-align: center):not(.entry-content)","132594":"inilahkoran.id##.post-content .adsbygoogle:upward(section)","132771":"safahad.my.id##.post-content > div:matches-css(text-align: center):has-text(/scroll/i)","132914":"kontras.co.id##.single-article-text > div:matches-css(text-align: center):has(> .kontr-adlabel)","133012":"garudadaily.com##.wpb_row .wpb_column > .wpb_wrapper:has(.terbaru:has-text(/adv/i))","133135":"kumparan.com##[data-qa-id*=\"mobile-article-page-\"]:has-text(/adv/i)","133205":"kumparan.com##[data-qa-id=\"desktop-article-page-below-images\"]:has(> div > span:has-text(/adv/i))","133305":"kumparan.com##[data-qa-id^=\"desktop-article-page-inline-\"]:has(> div > span:has-text(/adv/i))","133401":"genpi.co##[id^=\"div-gpt-ad-\"]:upward(.text-center)","133502":"temankreasi.com##a[href]:has(> center:has-text(/iklan/i))","133562":"bogordaily.net##article .code-block:matches-css(text-align: center):has(a[href] > img)","133760":"wowkeren.com##article div:matches-css(display: inline-block):has(> script)","133881":"uzone.id##body > .md\\:hidden:has(> div:has-text(/iklan/i))","134446":"pintartekno.id##div:has(> p:has-text(/adv/i) + .adsbygoogle)","134509":"samsungstarters.com##div:has(> small:has-text(/adv/i))","134566":"antaranews.com##div:matches-css(min-width:300px):has(> .adsbygoogle)","134637":"cosmopolitan.co.id,herworld.co.id,katadata.co.id##div:matches-css(text-align: center):has-text(/adv/i)","134742":"doktersehat.com##div:matches-css(text-align: center):has-text(/iklan/i)","134816":"hetanews.com##div[style^=\"position: relative;\"]:has(> div[style^=\"position: absolute;\"] > a:has-text(/iklan/i))","135087":"emka.web.id##p:has-text(/adv/i)","135187":"cubmu.com###bitmovin-player .aspect-video:has(> .relative:has-text(/tutup iklan/i))","135273":"cubmu.com##.w-full.h-\\[549px\\]:has(> span:has-text(/adv/i))","135496":"sehatq.com##div:has([id^=\"div-gpt-ad\"]) + p:has-text(/scroll untuk/i)","135568":"sehatq.com##div:matches-css(position:absolute):matches-css(top:0px):has([id^=\"div-gpt-ad\"]):upward(1)","139786":"suara.com##div:matches-css-before(content: /Adv/)","139904":"genpi.co##article [class^=\"_popIn_\"]:has-text(/adv/i)","139960":"marketeers.com##article [class^=\"bg-gray-\"]:has-text(/adv/i)","142369":"sekedus.com##body > .main-container > div:matches-css(position: fixed):has-text(/adblock/i)","142463":"sekedus.com##body > div:matches-css(position: fixed):has-text(/adblock/i)","145435":"||googletagmanager.com/gtm.js$script,redirect=googletagmanager-gtm,domain=orami.co.id","146742":"[$path=/artikel]cermati.com##a:matches-attr(href=\"/^https?:\\/\\/promo\\./\"):has(> picture)","147974":"yummy.co.id##div:has(> button:has-text(/tutup/i)):has-text(/SCROLL UNTUK MELANJUTKAN MEMBACA/i)","148072":"yummy.co.id##div:matches-css(align-items: center):has-text(/adv/i)","151610":"bolasport.com,grid.id,gridoto.com,juara.net,kgnow.com,kompas.com,kompas.tv,motorplus-online.com,parapuan.co,tribunnews.com,tribunnewswiki.com##div:matches-css-before(content: /Adv/)","154083":"cnbcindonesia.com###balloon:matches-css(position: fixed)","154432":"cnbcindonesia.com##.detail-text > div:matches-css(margin: 24px -18px):has(> div:matches-css(background-size: 480px 600px):has(> [id^=\"div-gpt-ad-\"]))","154584":"detik.com##.detail__body-text div:matches-css(align-content: center):has(> .video > [id^=\"div-gpt-\"])","154723":"haibunda.com##.m-r1:matches-css(height: 625px)","154999":"haibunda.com##.pic_artikel_sisip_table:has-text(/banner/i)","155368":"detik.com##body > div:matches-css(min-height: 150px):has(> center > [id^=\"div-gpt-ad-\"])","155459":"cnbcindonesia.com##div:matches-css(background-size: 728px 90px)","155525":"cnbcindonesia.com##div:matches-css(background-size: 970px 250px)","155592":"cnbcindonesia.com##div:matches-css(background-size: 970px 50px)","155658":"cnbcindonesia.com##div:matches-css(position: sticky):has(div:matches-css(background-size: 300px 250px):has(> [id^=\"div-gpt-ad-\"]))","155791":"cnbcindonesia.com##div:matches-css(position: sticky):has(div:matches-css(background-size: 300px 250px):has(> [id^=\"div-gpt-ad-\"])):upward(div[style=\"width: 100%; height:600px;\"])","157420":"bola.net,kapanlagi.com##[id^=\"div-gpt-ad\"]:upward(.dfp-bframe-cont)","157951":"inibaru.id##.adsbyadop:upward([class*=\"bg-\"])","159824":"okezone.com##[id^=\"div-gpt-ad-\"]:upward(.center-paralax)","159883":"inews.id##div:matches-css(text-align: center):has([id*=\"-StickyAd\" i])","160322":"inews.id##div:matches-css(justify-content: center):matches-css(height: 298px):has(> div[id^=\"div-gpt-ad-\"])","160432":"inews.id##div:matches-css(justify-content: center):matches-css(height: 90px):has(> div[id^=\"div-gpt-ad-\"])","162836":"jemberterkini.id##.widget:has(> .normalwidget-title:has-text(/adv/i))","163271":"bandungterkini.id,banyuwangiterkini.id,batuterkini.id,idnhits.com,indonesiaterkini.id,jatengterkini.id,jatimterkini.id,jemberterkini.id,jogjaterkini.id,kediriterkini.id,lamonganterkini.id,madiunterkini.id,malangterkini.id,nganjukterkini.id,pacitanterkini.id,pewarta.co.id,republikindonesia.net,suaranasional.id,surabayaterkini.id,tajam.net##center:has(font:has-text(/adv/i))","164328":"beritasatu.com##div:matches-css(text-align: center):has-text(/adv/i)","166668":"republika.co.id##article > div:matches-css(text-align:center):has-text(/sponsored/i)","166870":"roboguru.ruangguru.com##[class^=\"css-\"]:has(> p:has-text(/iklan/i) )","168084":"cantika.com##.card:has(> .card-header:has-text(/iklan/i))","181504":"[$path=/id]alikewhethervi1t1gd.shop,aroundreturn1m4b1p.shop,backfielddnk465.shop,beautyfog6pr5nqj.shop,cannotasleepe9j26r.shop,distancesummerz2j6at0.cfd,especiallyalonel9ryx.cfd,farmbodyzmgdtss.shop,fatherhopel6bex.shop,flowerregionxtaqe.shop,grandmothermistakeqlzqd.cfd,imaginewhistle2hyp0.shop,involvedbusyv14ja.shop,landsad63u07j.shop,lieice7d0j0.shop,lineswept7nnc9t5.shop,metalso18q58e.shop,morefinishxeb3o.shop,ortentppspe.shop,ownenemytajxx.shop,pitchtreeextssp.shop,rbtv77.agency,rbtv77.app,rbtv77.asia,rbtv77.blog,rbtv77.cc,rbtv77.cloud,rbtv77.club,rbtv77.co.id,rbtv77.com,rbtv77.com.bd,rbtv77.com.np,rbtv77.digital,rbtv77.icu,rbtv77.in,rbtv77.link,rbtv77.live,rbtv77.me,rbtv77.mobi,rbtv77.one,rbtv77.org,rbtv77.pro,rbtv77.pw,rbtv77.site,rbtv77.space,rbtv77.store,rbtv77.us,rbtv77.vip,rbtv77.website,rbtv77.win,rbtv77.work,rbtv77.ws,rbtv77.xyz,rocktillkcf6zow.shop,soilhunterywmcluu.shop,soldexact1ghd6u.cfd,somethingbelongfprpb.shop,southernmouthcwmgm.shop,specialsensenopwgy.cfd,supportmind0fmb51.shop,threadstudentbiala.cfd,trackcoming32mbun.shop,typeaboutkf22lfg.shop,valuableworezrz6a90.cfd,wooldrinkpwru0.cfd,zulunaturefb323o6.shop##.__layout-inside div:matches-css(position: fixed):has(> img)","182715":"[$path=/id]alikewhethervi1t1gd.shop,aroundreturn1m4b1p.shop,backfielddnk465.shop,beautyfog6pr5nqj.shop,cannotasleepe9j26r.shop,distancesummerz2j6at0.cfd,especiallyalonel9ryx.cfd,farmbodyzmgdtss.shop,fatherhopel6bex.shop,flowerregionxtaqe.shop,grandmothermistakeqlzqd.cfd,imaginewhistle2hyp0.shop,involvedbusyv14ja.shop,landsad63u07j.shop,lieice7d0j0.shop,lineswept7nnc9t5.shop,metalso18q58e.shop,morefinishxeb3o.shop,ortentppspe.shop,ownenemytajxx.shop,pitchtreeextssp.shop,rbtv77.agency,rbtv77.app,rbtv77.asia,rbtv77.blog,rbtv77.cc,rbtv77.cloud,rbtv77.club,rbtv77.co.id,rbtv77.com,rbtv77.com.bd,rbtv77.com.np,rbtv77.digital,rbtv77.icu,rbtv77.in,rbtv77.link,rbtv77.live,rbtv77.me,rbtv77.mobi,rbtv77.one,rbtv77.org,rbtv77.pro,rbtv77.pw,rbtv77.site,rbtv77.space,rbtv77.store,rbtv77.us,rbtv77.vip,rbtv77.website,rbtv77.win,rbtv77.work,rbtv77.ws,rbtv77.xyz,rocktillkcf6zow.shop,soilhunterywmcluu.shop,soldexact1ghd6u.cfd,somethingbelongfprpb.shop,southernmouthcwmgm.shop,specialsensenopwgy.cfd,supportmind0fmb51.shop,threadstudentbiala.cfd,trackcoming32mbun.shop,typeaboutkf22lfg.shop,valuableworezrz6a90.cfd,wooldrinkpwru0.cfd,zulunaturefb323o6.shop##.iframe-wrapper > iframe + div:matches-css(position: absolute):has(> img)","183939":"[$path=/id]alikewhethervi1t1gd.shop,aroundreturn1m4b1p.shop,backfielddnk465.shop,beautyfog6pr5nqj.shop,cannotasleepe9j26r.shop,distancesummerz2j6at0.cfd,especiallyalonel9ryx.cfd,farmbodyzmgdtss.shop,fatherhopel6bex.shop,flowerregionxtaqe.shop,grandmothermistakeqlzqd.cfd,imaginewhistle2hyp0.shop,involvedbusyv14ja.shop,landsad63u07j.shop,lieice7d0j0.shop,lineswept7nnc9t5.shop,metalso18q58e.shop,morefinishxeb3o.shop,ortentppspe.shop,ownenemytajxx.shop,pitchtreeextssp.shop,rbtv77.agency,rbtv77.app,rbtv77.asia,rbtv77.blog,rbtv77.cc,rbtv77.cloud,rbtv77.club,rbtv77.co.id,rbtv77.com,rbtv77.com.bd,rbtv77.com.np,rbtv77.digital,rbtv77.icu,rbtv77.in,rbtv77.link,rbtv77.live,rbtv77.me,rbtv77.mobi,rbtv77.one,rbtv77.org,rbtv77.pro,rbtv77.pw,rbtv77.site,rbtv77.space,rbtv77.store,rbtv77.us,rbtv77.vip,rbtv77.website,rbtv77.win,rbtv77.work,rbtv77.ws,rbtv77.xyz,rocktillkcf6zow.shop,soilhunterywmcluu.shop,soldexact1ghd6u.cfd,somethingbelongfprpb.shop,southernmouthcwmgm.shop,specialsensenopwgy.cfd,supportmind0fmb51.shop,threadstudentbiala.cfd,trackcoming32mbun.shop,typeaboutkf22lfg.shop,valuableworezrz6a90.cfd,wooldrinkpwru0.cfd,zulunaturefb323o6.shop##div:matches-css(position: relative):has(> img + div:matches-css(position: absolute))","191194":"kuyhaa.org##.bs-blog-post .code-block:has(> button:has-text(/download/i))","191270":"darmediatama.com##.entry-content > .code-block > button:has-text(/download/i)","191733":"kuyhaa.id##article #download-container button:has-text(/download/i)","191894":"gigapurbalinggaa.com##article .code-block > center:has(> button:has-text(/download/i))","191983":"kuyhaacracks.com##article > .code-block:has(> button:has-text(/unduh/i))","192058":"kuyhaa.id##article center:has(.button-container > button:has-text(/download/i))","195256":"mercon.id#$?#style:has-text(::selection) { remove: true; }","206902":"123moviesmy.site##body > div:matches-css(position: fixed):has(> div:matches-css(position: relative))","208699":"animekompi.pro##body > #floatcenter:matches-css(position: fixed)","208766":"sokuja.uk##div:matches-css(position: fixed):has(> div > #countdown)","224429":"komiku.id##div:matches-css(text-align:center):has(> span:has-text(/iklan/i))","230557":"tempatwisata.pro##span:has-text(/adv/i)","232390":"jurnalistekno.id##div:matches-css(text-align: center):has(> a > img)","232610":"link2unlock.com##header > div:matches-css(text-align: center):has(> center > iframe)","246670":"dibalik.com,digoreng.com,dimakan.com,duduk123.com,forumsemut.com,masuk123.com,semprot.com##.js-post:has-text(Banned)","247633":"dibalik.com,digoreng.com,dimakan.com,duduk123.com,forumsemut.com,masuk123.com,semprot.com##.semprot_wizard:has-text(adblocker)","306887":"webbrowsertools.com##.card:has-text(/advertisement/i)","306943":"malaysiakini.com##.justify-center:has-text(/ads/i)"}