{"19312":"24jgora.pl,24wroclaw.pl,babice24.pl,bbfan.pl,bp24.pl,brodnica-cbr.pl,ciechanowinaczej.pl,ddb24.pl,debica24.eu,dobroni.pl,e-kg.pl,e-wyszogrod.pl,egarwolin.pl,egorzow.pl,ekspresjaroslawski.pl,eprzasnysz.pl,e-sochaczew.pl,ewysmaz.pl,fakty.bialystok.pl,galopuje.pl,golub-cgd.pl,goral.info.pl,gpr24.pl,ibialoleka.pl,ibielsk.pl,ikampinos.pl,imokotow.pl,inowroclaw.info,inowroclaw.info.pl,iochota.pl,iotwock.info,ipragapoludnie.pl,iskierniewice.pl,itvpiaseczno.pl,izabelin24.pl,izoliborz.pl,izyrardow.pl,jaworzno.biz,kartuzy.info,konecki24.pl,koscierski.info,kurierbytowski.com.pl,kurierpodlaski.pl,lipno-cli.pl,lowicz24.eu,mylomza.pl,nolesnica.pl,nowawrzesnia.pl,nowinynyskie.com.pl,nswiecie.pl,nwloclawek.pl,olawa24.pl,ototorun.pl,pilaonline.pl,plonszczak.pl,poluje.pl,profitnes.pl,pulsgdanska.pl,pultusk24.pl,radomszczanska.pl,regionalna24.pl,rypin-cry.pl,sejny.net,skarzyski.eu,starachowicki.eu,sucha24.pl,szczecinek.com,szydlowiecki.eu,tp.com.pl,tudeblin.pl,tugrodzisk.pl,tulegnica.pl,turyki.pl,twojradom.pl,twojzwolen.pl,wabrzezno-cwa.pl,wabrzezno.pl,wiadomosciwedkarskie.com.pl,wideoportal.tv,wio.waw.pl,wterenie.pl,wyszogrod.pl,zambrow.org,zlotowskie.pl,zycie.pila.pl,zyciekalisza.pl#?#[class=\"grid__col grid__col--1\"]:-abp-has(>.adv)","21209":"zlotowskie.pl#?#[class=\"card  card--box\"]:not(:-abp-has([href*=\"/ligi/\"]))","26865":"7dnigryfina.pl,dgoleniowski.pl,dzienniknowogardzki.pl,dziennikstargardzki.pl#?#.wp-block-image:-abp-has(figure > [target=\"_blank\"]:not([href*=\"/dn-wzp\"]) + hr) + hr","27026":"7dnigryfina.pl,dgoleniowski.pl,dzienniknowogardzki.pl,dziennikstargardzki.pl#?#.wp-block-image:-abp-has([href*=\"/a896x480\"], [src*=\"/a896x480\"]) + hr","27172":"7dnigryfina.pl,dgoleniowski.pl,dzienniknowogardzki.pl,dziennikstargardzki.pl#?#.wp-block-image:-abp-has([href*=\"/zdjecie2\"], [src*=\"/zdjecie2\"]) + hr","27318":"7dnigryfina.pl,dgoleniowski.pl,dzienniknowogardzki.pl,dziennikstargardzki.pl#?#.wp-block-image:-abp-has([href*=\"/DEMOKRcja\"], [src*=\"/DEMOKRcja\"]) + hr","27466":"7dnigryfina.pl,dgoleniowski.pl,dzienniknowogardzki.pl,dziennikstargardzki.pl#?#.wp-block-image:-abp-has([href*=\"/1440x1152\"], [src*=\"/1440x1152\"]) + hr","27614":"7dnigryfina.pl,dgoleniowski.pl,dzienniknowogardzki.pl,dziennikstargardzki.pl#?#.wp-block-image:-abp-has([href*=\"/JARMARK-pomzach\"], [src*=\"/JARMARK-pomzach\"]) + hr","27774":"7dnigryfina.pl,dgoleniowski.pl,dzienniknowogardzki.pl,dziennikstargardzki.pl#?#.wp-block-image:-abp-has([href*=\"/pz_1920x1080a-WWW\"], [src*=\"/pz_1920x1080a-WWW\"]) + hr","27938":"7dnigryfina.pl,dgoleniowski.pl,dzienniknowogardzki.pl,dziennikstargardzki.pl#?#.wp-block-image:-abp-has([href*=\"/spolecznik-zajawka\"], [src*=\"/spolecznik-zajawka\"]) + hr","28104":"7dnigryfina.pl,dgoleniowski.pl,dzienniknowogardzki.pl,dziennikstargardzki.pl#?#.wp-block-image:-abp-has([href*=\"/Oferta-do-gazety-Gol\"], [src*=\"/Oferta-do-gazety-Gol\"]) + hr","28274":"7dnigryfina.pl,dgoleniowski.pl,dzienniknowogardzki.pl,dziennikstargardzki.pl#?#.wp-block-image:-abp-has([src*=\"/zdjecie-na-www-i-jednoczesnie-zajawka-obrazowa-na-stronie-glownej\"]) + hr","28456":"7dnigryfina.pl,dgoleniowski.pl,dzienniknowogardzki.pl,dziennikstargardzki.pl#?#.wp-block-image:-abp-has([href*=\"/zdjecie-na-www-i-jednoczesnie-zajawka-obrazowa-na-stronie-glownej\"]) + hr","28639":"7dnigryfina.pl,dgoleniowski.pl,dzienniknowogardzki.pl,dziennikstargardzki.pl#?#.wp-block-image:-abp-has([title^=\"„Z Credit Agricole mniej plastiku na twoim koncie”\"]) + hr","32409":"antyfake.pl,biznesinfo.pl,domekiogrodek.pl,goniec.pl,kobieta.swiatgwiazd.pl,lelum.pl,pacjenci.pl,portalparentingowy.pl,rolnikinfo.pl,rozrywka.goniec.pl,rozrywka.lelum.pl,smakosze.pl,sport.goniec.pl,swiatgwiazd.pl,swiatzwierzat.pl,tech.biznesinfo.pl,turysci.pl,wiadomosci.goniec.pl#?#.w-full > .items-center[style*=\"min-height:\"]:-abp-has(> .ad-placeholder)","35759":"badaniaprenatalne.pl#?#.part-sidebar > .widget:-abp-contains(REKLAMA)","36181":"bankier.pl#?#.boxContent > ul > li[class^=\"item-\"]:-abp-has(.premium-link)","38134":"bezuzyteczna.pl#?#section:-abp-has(script + div[id^=\"crt\"][style])","38572":"bielskirynek.pl#?#.sppb-addon-content > .sppb-addon-title:-abp-contains(reklama)","39140":"bielsko.info,czecho.pl,pless.pl,tychy.info#?#body > .page > main > .small.pasek-gray:-abp-contains(Reklama)","43378":"bolec.info#?#.bbbb > div > div > div:-abp-contains(reklama)","43434":"bolec.info#?#.bbbb:-abp-has([data-original*=\"/pictures/informacje/\"])","43500":"bolec.info#?#.bottom:nth-of-type(20) > .bbbb:-abp-contains(reklama)","43564":"bolec.info#?#.bottom:nth-of-type(n+5):nth-of-type(-n+6) > .bbbb:-abp-contains(reklama)","44185":"booklips.pl#?#.widget_custom_html:-abp-contains(Patron)","44396":"braclowiecka.pl#?##sidebar > div.widget > h3:-abp-contains(Reklama)","45333":"budnet.pl#?#tr:-abp-has(.post_adv)","49838":"chomikuj.pl#?##InboxTable > tbody > tr:-abp-has(> td > .spons)","54196":"crafted.pl#?#.ipsComment.ipsBox.cPost:-abp-has(.cAuthorPane_info > li:-abp-contains(/^Reklama$/))","55897":"cypr24.eu#?#.elementor-widget-wrap:-abp-has(h6:-abp-contains(REKLAMA))","56064":"czasciechanowa.pl#?#.et_pb_module:-abp-has(> .et_pb_code_inner:-abp-contains(Reklama))","56189":"czaskultury.pl#?#div.row > .col-md-12 > .line-header > span:-abp-contains(Reklama)","57820":"dbpolska.net#?#.conntent > center:-abp-contains(Reklama)","59520":"defence24.pl,energetyka24.com,infosecurity24.pl#?#section.section:nth-of-type(-n+2):-abp-has(> div > .adv)","59623":"defence24.pl,defence24.com#?#section.section:nth-of-type(-n+2):-abp-has(> div > div > .adv)","65593":"e-hotelarz.pl#?#.row > center, div.row > .col-md-4.col-sm-12 > .text-center, div.row > .col-md-4.col-sm-12 > div.pws-box-title:-abp-contains(Reklama)","67080":"ebarlinek.pl#?#.col-md-4 > div.margin-bottom-sm.margin-top-sm > div:-abp-contains(Reklama)","67167":"ebarlinek.pl#?#.margin-bottom-xs.margin-top-xs > div:-abp-contains(Reklama)","67239":"ebarlinek.pl#?#.margin-bottom-md.margin-top-md > div:-abp-contains(R EK L A M A)","71102":"elektroda.pl#?#.topic-lists > li[id] > .topic-box > .position-relative:-abp-has(> .sec-b > div > ins.adsbygoogle)","71212":"elektroda.pl#?#.topic-lists > li[id] > .topic-box > .position-relative:-abp-has(> .sec-b > div[id^=\"div-gpt-ad\"])","71322":"elektroda.pl#?#a.button_open[href=\"/rtvforum/companyabout.php\"]:-abp-contains(Zamieść Reklamę)","71413":"elektroda.pl#?#.the-post-list > ul > li[class^=\"clearfix \"]:-abp-has(:scope > a[href][target=\"_blank\"][onclick*=\"'Banner\"])","71640":"elektroda.pl#?#.the-list > li[class^=\"clearfix \"]:-abp-has(:scope > a[href][target=\"_blank\"][onclick*=\"'Navibox', 'Click', '\"])","71764":"elektroda.pl#?#.the-content > div[class] > div:-abp-has(:scope >form[action^=\"https://www.tme.eu/pl/katalog/\"][target=\"_blank\"])","71889":"elektroda.pl#?#.the-content > div[class] > div:-abp-has(:scope >a[href^=\"http://www.biall.com.pl/sklep.html\"][target=\"_blank\"])","72013":"elektroda.pl#?#.the-content > div[class] > div:-abp-has(:scope >a[href][target=\"_blank\"][onclick*=\"'Patron', 'Click Button'\"])","72136":"elektroda.pl#?#.ad-resize.container > div[id][style^=\"min-width: \"]:-abp-has( > .text-center > [id^=\"div-gpt-ad-\"])","72248":"elektroda.pl#?#[class*=\"col-\"][style^=\"min-height:\"]:-abp-has(div[id^=\"div-gpt-ad-\"], .text-center)","74747":"epainfo.pl#?#.block-title > span:-abp-contains(/R(EKLAMA|eklama)/)","76619":"esporter.pl,interia.pl,pomponik.pl,styl.pl#?#div[style*=\"sticky\"]:-abp-has(a[target=\"_blank\"][onclick*=\"'polsat'\"])","78297":"expresskaszubski.pl#?#.title > span:-abp-contains(REKLAMA)","78397":"express-miejski.pl,emka.news#?#div[class] > .small:-abp-contains(REKLAMA)","81672":"flarrow.pl#?#.td_block_wrap:-abp-has(.td-pulldown-size:-abp-contains(Reklama))","85399":"forum.pasja-informatyki.pl#?#.qa-widget-side:-abp-has(.adsbygoogle)","85463":"forum.pasja-informatyki.pl#?#div[style^=\"width:728\"]:-abp-has(> a[target=\"_blank\"] > img)","87943":"gazeta-mlawska.pl#?#div.clear.box_tekstowy_mainpage > h3:-abp-contains(Reklama)","88855":"gazetabilgoraj.pl#?#.vc_row-has-fill.vc_row-fluid.wpb_row.vc_row.row:-abp-has(img[width=\"350\"][height=\"250\"][src*=\"-350x250.\"])","92832":"gismeteo.pl#?#.layout > div.side > div.side__i:-abp-has(> div > div.ad)","92900":"gismeteo.pl#?#.column-wrap > div[class^=\"wrap_small __frame\"] > div.media_frame:-abp-has(> .media_content > .adsbygoogle)","93546":"glogow-info.pl,glogow.info.pl#?#.contentpaneopen:-abp-contains(Reklama)","93614":"glogow-info.pl,glogow.info.pl#?#.module:-abp-contains(Reklama)","94344":"gloszabrza24.pl#?#div.moduletable:-abp-contains(REKLAMA)","97030":"gorzow.news#?#p.tdm-descr:-abp-contains(― reklama ―)","98992":"grodzisknews.pl#?#.rek_wew:not(:-abp-has(>.center))","100779":"gtaforum.pl#?#center:-abp-has(> .adsbygoogle)","101684":"halogorlice.info#?#.sppb-addon-title:-abp-contains(reklama)","101740":"halogorlice.info#?#p:-abp-contains(reklama)","108956":"interia.pl,pomponik.pl,styl.pl#?#div[style*=\"sticky\"]:-abp-has(> .boxHeader ~ a[href][target=\"_blank\"][onclick*=\"'polsat'\"])","117224":"katowice24.info#?#.inner:-abp-contains(/reklama/i)","119222":"komputerowapasja.pl#?#.et_pb_section_6:-abp-contains(Reklamy Google)","119287":"komputerowapasja.pl#?#.et_pb_text_8:-abp-contains(Twoja reklama)","120393":"korsokolbuszowskie.pl#?#div.widget.row > .widget-custom.text-center:-abp-has(> div:-abp-contains(/Reklama/i))","122134":"kreskowki.tv#?#div.panel-default.panel:nth-of-type(2):-abp-has(script[src^=\"//adsearch.adkontekst.pl\"])","127368":"lebork24.info#?#span:-abp-contains(reklama)","130282":"lokalna.info#?#.td_block_single_image:-abp-has(>[style*=\"scaled\"])","134405":"lwowek24.pl#?#.elementor-widget-wrap.elementor-element-populated:-abp-has(>div>div>center)","136319":"matematyka.pisz.pl#?##obrazekOpis > div[style^=\"width:\"][style*=\"height:\"]:not([class]):not([id]):-abp-has(> div[style] > .adsbygoogle)","136451":"matematyka.pisz.pl#?##poprawejTekst > div[style^=\"width:\"][style*=\"height:\"]:not([class]):not([id]):-abp-has(> .adsbygoogle)","138020":"mecze24.pl#?#div[class^=\"m\"].module > div:-abp-contains(REKLAMA)","138518":"meczewinternecie.pl#?#figcaption:-abp-contains(STS kod promocyjny)","140239":"menworld.pl#?#h4.top-widget-title:-abp-contains(Reklama)","142867":"milmag.pl#?#div.home-intro__grid-tile:-abp-has(> .ad)","143407":"milanos.pl#?#.post:-abp-contains(reklama)","144121":"mlawa.fora.pl#?#table.forumline > tbody > tr:-abp-has(a[href^=\"http://www.mlawa.fora.pl/reklama\"])","145372":"mobileclick.pl#?#[id^=\"text-\"]:-abp-has(.widget-title:-abp-contains(Reklama))","145441":"mobileclick.pl#?#.post > .entry-content > h4:-abp-contains(Reklama)","146031":"moj.tauron.pl#?#div.ebok-pop-up:-abp-has([title^=\"Zyskaj dotację do 4000\" i][title*=\"fotowolt\" i])","151200":"naekranie.pl#?#body > div[class][style*=\"position: fixed\"]:-abp-has(.yt-player, video)","152798":"naszamlawa.pl#?#.td-pulldown-size:-abp-contains(R E K L A M A)","153828":"naszemiasto.pl#?#.componentsArticleContent hr:-abp-has(~ h3 > a[href*=\"ceneo.pl\"])","153907":"naszemiasto.pl#?#.componentsArticleContent hr:-abp-has(~ p strong:-abp-contains(doskonałe))","153990":"naszemiasto.pl#?#.componentsArticleContent hr ~ p:-abp-has(strong:-abp-contains(doskonałe))","154073":"naszemiasto.pl#?#.componentsArticleContent ul:-abp-has(a[href*=\"ceneo.pl\"])","154504":"naszraciborz.pl,naszwodzislaw.com#?#.grey:-abp-has(>.site_ad)","156039":"nhl.pl#?#.ipbtable:-abp-has(div[align=\"center\"] > script[src^=\"//nhlpl.engine.adglare.org\"])","156596":"niebezpiecznik.pl#?#div[style=\"width:300px;float:left;\"] ~ p:first-of-type:-abp-contains(/^$/)","159439":"nowy-sacz.info#?##main > div:nth-child(2):-abp-contains(reklama)","160989":"oddslivesport.com#?#.tab-content div[class] > center > fieldset:-abp-has(> a[target=\"_blank\"])","162417":"oknonet.pl#?#.left-zobacz:-abp-has(a[href^=\"/openurl.php\"])","164658":"optyczne.pl#?#center:-abp-has(script)","164735":"originals24.pl#?#table > tbody > tr > td > font:-abp-contains(Reklama)","166414":"payu.com#?#.status > .main > p:-abp-has(+ a[href^=\"https://ad.doubleclick.net/\"])","170219":"poczta.interia.pl#?##wrapper > .maximized-wrapper:-abp-has(.premium-account-promotion-new)","170306":"poczta.interia.pl#?##wrapper > .maximized-wrapper:-abp-has(.premium-account-promotion)","170417":"poczta.interia.pl#?#.border:-abp-has(+ .ad-box)","175944":"portal.librus.pl#?##synergiaLogin + div[class]:-abp-has(picture > source[srcset*=\"librus\"] ~ img[src*=\"librus\"])","176430":"portalplock.pl#?#h6:-abp-contains(Reklama)","180371":"profilki.pl#?#div.centering.tile:-abp-has(.adsbygoogle)","183763":"przyslijprzepis.pl#?#body > p:-abp-contains(REKLAMA)","196420":"rodzice.pl#?#[id^=\"text-\"]:-abp-has(.adsbygoogle)","201073":"sjp.pwn.pl#?#.col-wrapper > div:nth-of-type(1):-abp-has(> div:nth-of-type(2):-abp-contains(Sponsorowane))","201170":"sjp.pwn.pl#?#.col-wrapper > div:nth-of-type(12):-abp-has(> .banner)","206983":"spidersweb.pl#?#.sidebar-panel:-abp-has(center:only-child script:-abp-contains(googletag.cmd.push))","208955":"starosadeckie.info#?#.entry-content > p:-abp-contains(Reklama)","209834":"stoczniowcy.pl#?#a:-abp-has([src^=\"img/reklama_\"])","210041":"stooq.com#?##f13 > table:-abp-has(#f13 > a[href^=\"//stooq.com/ads/\"])","210107":"stooq.com#?##f13 > table:-abp-has(#f13 > b:-abp-contains(Artykuł Sponsorowany))","210178":"stooq.com#?#table:-abp-has(:scope > tbody > tr > td > #aswift_1_expand)","210402":"stooq.pl#?##f13 > table:-abp-has(#f13 > a[href^=\"//stooq.pl/ads/\"])","210466":"stooq.pl#?##f13 > table:-abp-has(#f13 > b:-abp-contains(Artykuł Sponsorowany))","210536":"stooq.pl#?#table:-abp-has(:scope > tbody > tr > td > #aswift_1_expand)","210976":"stooq.pl,stooq.com#?#table[border=\"0\"][cellpadding=\"0\"][cellspacing=\"0\"]:not([width]):-abp-has([id=\"ads_goog_1\"])","212541":"super-nowa.pl#?#.col-lg-12 > .row > .col-lg-9:-abp-contains(r e k l a m a)","212612":"super-nowa.pl#?#div.row > div.col-md-6:-abp-contains(reklama)","215232":"szczebrzeszyn.info#?#.u-text-grey-30:-abp-contains(/REKLAMA|CZYTAJ TAKŻE/)","219829":"telewizjazary.pl#?#.jeg_block_heading:-abp-has(>h3>span:-abp-contains(Reklama))","221647":"tkn24.pl#?#font:-abp-contains(REKLAMA)","231109":"tygodnik.szczytno.pl#?#p:-abp-contains(Reklama)","233233":"voltahorse.pl#?#th:-abp-contains(REKLAMA)","234984":"warzywapolowe.pl#?#.tdc-column[class*=\"4\"]:-abp-has(h4:-abp-contains(Zaprzyjaźnione strony))","237400":"wiadomoscihandlowe.pl,wiadomoscikosmetyczne.pl#?#div[class*=\"position_\"]:-abp-has(> div[id*=\"gpt-ad\"])","238405":"wielkahistoria.pl#?##custom_html-5:-abp-has(.adsbygoogle)","238613":"wiesci.info.pl#?#h4:-abp-contains(REKLAMA)","238652":"wiesci.com.pl#?#aside:-abp-has(> h4 > span:-abp-contains(REKLAMA))","241614":"wp.pl#?#[class^=\"_\"]:-abp-has(>img[src*=\".wp.pl\"])","242952":"wydarzenia.interia.pl,sport.interia.pl#?#div[class*=\" \"]:-abp-has( > [data-iwa-viewability-name] > .ad)","244102":"www.bankier.pl#?#li.m-home-link-list__item:-abp-contains(/reklama/)","250772":"www.se.pl#?#.article__placement:-abp-has(> div[class^=\"zpr_m_inside\"])","253636":"wylecz.to#?#.row div[class][style*=\"border-bottom:\"][style*=\"max-height:\"]:-abp-has(:scope > div[style]:-abp-contains(REKLAMA))","255298":"zomato.com#?#.ad-banner-text:-abp-contains(Ad)","256981":"zegocina.in#?#.wpb_wrapper .td_block_template_1:-abp-contains(Reklama)","258845":"zwa24.pl#?#[class^=\"elementor-heading-title\"]:-abp-contains(Reklama)","300550":"wykop.pl#?#div.r-block:-abp-has(:scope > .baner-mobile)","300602":"wykop.pl#?#div.r-block:-abp-has(:scope > [id^=bmone2n-])","300858":"wykop.pl#?#li.link:-abp-has(.adsbygoogle)","300896":"wykop.pl#?#li.link:-abp-has(a[href*='wykop.pl/market'])","300948":"wykop.pl#?#li.link:-abp-has(a[href*='wykop.pl/paylink'])","301001":"wykop.pl#?#li.link:-abp-has(a[href*='wykop.pl/reklama'])","301083":"wykop.pl#?#.r-block:-abp-has(a[href*=\"wykop.pl/tracker\"])","311441":"kuchnia.wp.pl#?#body > div:-abp-has( > div > a[href])","311681":"o2.pl#?#div[class][style=\"width:100%\"] > div[class*=\" \"]:-abp-has(:scope > img[role=\"presentation\"]:not([src]))","312301":"pogoda.wp.pl#?#.narrow.grid-right > div:nth-of-type(1):-abp-has(div:empty)","312372":"pogoda.wp.pl#?#.desktop > div[class*=\" \"]:-abp-has(div)","312759":"ranking.abczdrowie.pl#?#div[class]:-abp-has(>div>iframe)","313736":"autocentrum.pl,autokult.pl,dobreprogramy.pl,fotoblogia.pl,gadzetomania.pl,genialne.pl,komorkomania.pl,polygamia.pl,pysznosci.pl,tech.wp.pl#?#[role=\"listitem\"]:-abp-has(span:-abp-contains(REKLAMA))","313924":"dom.wp.pl,facet.wp.pl,film.wp.pl,finanse.wp.pl,gry.wp.pl,gwiazdy.wp.pl,kobieta.wp.pl,ksiazki.wp.pl,kuchnia.wp.pl,moto.wp.pl,opinie.wp.pl,tech.wp.pl,teleshow.wp.pl,turystyka.wp.pl,wawalove.wp.pl,wiadomosci.wp.pl,wroclaw.wp.pl#?#div[class*=\" \"]:-abp-has(>div[class]:first-child:empty+img[src*=\"://v.wpimg.pl/\"][alt]:empty)","314626":"fitness.wp.pl#?#div:-abp-has(>[src^=\"https://i.wpimg.pl/100x0/m.autokult.pl/\"])","314702":"fitness.wp.pl#?#.grid-item:-abp-has(>span:-abp-contains(REKLAMA))","314955":"parenting.pl#?#[class$=\"grid__box \"]:-abp-has(>div>span:-abp-contains(Reklama))","316073":"~www.wp.pl,wp.pl,sportowefakty.wp.pl#?#div[class*=\" \"]:-abp-has(>div[class*=\" \"] > [class^=\"__bc_layer\"])","316368":"tv.wp.pl#?#div[class*=\" \"][height]:-abp-has(> img[src^=\"https://v.wpimg.pl/\"][src$=\"==\"]:not([alt]))","316908":"wiadomosci.wp.pl#?#[role=\"listitem\"]:-abp-has(a + div:-abp-contains(REKLAMA))","317692":"www.wp.pl#?#div[class^=\"sc-\"]:-abp-has(> img[src=\"//v.wpimg.pl/LTc0NzY1JT1MBXgCbQRjPU1HPlQpXWM1TFlhCS1WYyQIVmEYPh88OgQ=/\"])","317812":"www.wp.pl#?#div[class*=\" \"]:-abp-has(> img[src$=\"/i.wp.pl/a/i/stg/pkf/bg.png\"])","317888":"www.wp.pl#?#div[class*=\" \"]:not([id],[style],[data-st-area],[data-section]):-abp-has(>script:-abp-contains(undefined,))","317999":"www.dobreprogramy.pl#?#article > .hint:-abp-has(a[href$=\"/Czyszczenie-systemu-z-niechcianego-oprogramowania,News,61336.html\"])","318595":"fitness.wp.pl#?#.article-wrapper.wizard-body > div:not([class*=\"-\"]):-abp-has(> img[src^=\"https://i.wpimg.pl/100x0/m.autokult.pl/\"])","318724":"wideo.wp.pl#?#header + div + style + div:-abp-has(>[src=\"https://std.wpcdn.pl/images/adv/placeholder_wp.svg\"])","318831":"wideo.wp.pl#?#header + style + div:-abp-has(>[src=\"https://std.wpcdn.pl/images/adv/placeholder_wp.svg\"])","320848":"money.pl#?#section + div:-abp-has(>style)","320886":"money.pl#?#[id=\"header\"] + div + div:-abp-has(>style)","320936":"money.pl#?##app > div[class^=\"sc-\"] > div[class]:not([class*=\" \"]):-abp-has(:scope > div[class*=\" \"]:only-child > img[src^=\"https://v.wpimg.pl/\"][src$=\"==\"][alt])","321095":"money.pl#?#div:-abp-has(>[src^=\"https://v.wpimg.pl/\"]:not([alt],[loading]))","321708":"www.money.pl#?#.article__content>div[class*=\" \"]:-abp-has(div>div>div:-abp-contains(REKLAMA))","321793":"www.money.pl#?#main > div:first-child:-abp-has(img[src^=\"https://v.wpimg.pl/\"][loading=\"lazy\"])","321885":"money.pl,pudelek.pl,wideo.wp.pl#?#[data-st-area=\"list-recommended4you-MainColumn\"] > div > div:-abp-contains(/REKLAMA/i)","322122":"money.pl,moneyv.wp.pl#?#div[class^=\"sc-\"]:-abp-has(> img[src=\"https://i.wpimg.pl/O/56x45/i.wp.pl/a/i/stg/pkf/bg.png\"])","322237":"money.pl,wp.pl#?#div[class]:-abp-has(>div[class]:first-child:-abp-contains(REKLAMA):not(:-abp-has(>*)))","325895":"bajeczki.org#?#div.site-content:-abp-has(> div[id^=\"videojs-remote\"])","327766":"ikrotoszyn.pl,ipleszew.pl,iostrowwlkp.pl,igostyn.pl#?#div.container > .row > div.col-md-12:-abp-has(> img[alt*=\"reklamy\"][title*=\"reklamy\"])","330364":"rydzyna24.pl#?#h2:-abp-contains(Reklama)","331092":"tapeciarnia.pl#?#.thumb td:-abp-contains(REKLAMA)","331138":"tapeciarnia.pl#?#td > div:-abp-contains(REKLAMA)","335827":"www.dobreprogramy.pl#?#div.collection:-abp-contains(Edycja wideo dla ambitnych)","341709":"stooq.com,stooq.pl##table[border=\"0\"][cellpadding=\"0\"][cellspacing=\"0\"]:not([width])[-ext-has='[id=\"ads_goog_1\"]']","341819":"stooq.com,stooq.pl##td[align=\"center\"] > [id]:contains(REKLAMA)","342218":"bankier.pl##.boxContent > ul > li[class^=\"item-\"][-ext-has=\".premium-link\"]","342738":"originals24.pl##table > tbody > tr > td > font:contains(Reklama)","344347":"www.dobreprogramy.pl##article[itemprop=\"review\"] > div[id]:matches-css-after(content: /przy|pomocy|Asystenta|pobierania/)","345745":"pogoda.wp.pl##.grid-right > div:matches-css(background-image: /data:image\\/png;base64,/)","345836":"pogoda.wp.pl##.grid-right > div > div:matches-css(background-image: /data:image\\/png;base64,/)","345933":"money.pl,moneyv.wp.pl###app > div[data-reactroot] > div[class]:matches-css(background-image: /v\\.wpimg\\.pl\\/MjAxOTA/)","346053":"www.money.pl###app > div > div:matches-css(background-image: /^url\\(\"https:\\/\\/v\\.wpimg\\.pl/)","346901":"stooq.pl,stooq.com##:xpath(//*[@align=\"center\"]/*[@id][contains(text(),\"REKLAMA\")])","351390":"pl##li > div[id*=\"taboola\"]:upward(li)","351457":"encyklopedia.pwn.pl##div[style*=\"font-size\"]:upward(div[class*=\"col\"])","351663":"filmy69.pl##li.videoblock script[src^=\"https://a.realsrv.com/\"]:upward(li)","351740":"filmy69.pl##li.videoblock iframe[id][src*=\"/www/delivery/\"]:upward(li)"}