{"3116":"99.teknikveckan.se##.carousel-item-link:has-text(Annons:)","4461":"aftonbladet.se##main > section > div:first-child:matches-css(box-shadow: rgba(0, 0, 0, 0.2) 0px 0px 24px 0px)","5043":"aftonbladet.se##:is(main > section a[data-test-tag=\"internal-link\"], #main > section a[data-test-tag=\"internal-link\"], main > section a[href*=\"godare.se\"], #main > section a[href*=\"godare.se\"], main > section a[href*=\"livsstil.se\"], #main > section a[href*=\"livsstil.se\"], main > aside a[data-test-tag=\"internal-link\"]):has-text(innehåller annonslänkar)","5634":"aftonbladet.se##[data-ad-subtype]:upward(1):matches-css(min-height:/[0-9]+/)","7742":"aktieskolan.se##section.elementor-section:has-text(Huvudsponsorer & partners)","8155":"aktuellsakerhet.se##a[href*=\"reklamsamarbete\"]:upward(.td_block_wrap)","8227":"aktuellsakerhet.se##.block-title:has-text(Reklamsamarbete):upward(.td_block_wrap)","8311":"aktuellsakerhet.se#$?#.block-title:has-text(Reklamsamarbete):upward(.td_block_wrap) + rs-module-wrap { remove: true; }","8549":"aktuellsakerhet.se##.td-adspot-title-span:upward(1)","12566":"allas.se,elle.se,femina.se,hant.se,mabra.com,residencemagazine.se,svenskdam.se,motherhood.se##article.grid:has-text(/annonssamarbete/i)","13302":"allas.se,elle.se,femina.se,hant.se,mabra.com,residencemagazine.se,svenskdam.se,motherhood.se##div.wings-gray-200:has-text(Annons)","15169":"amelia.expressen.se##article p.uppercase.tracking-wide:has-text(Inlägget innehåller annonslänkar):upward(article)","15415":"arbetaren.se##.text-sm:has-text(/annons/i):upward(.border-b, a[target])","16580":"aurumforum.se##.bottom-liner span:has-text(Annons):upward(2)","16911":"autonytt.se##.label:has-text(/sponsrad/i):upward(a)","17491":"bandyfeber.com##.slide-entry-excerpt:has-text(/annons:/i):upward(.avia-content-slider)","17753":"baraenkakatill.se##.post-item__tag:has-text(/spons/i):upward(li.post-item)","19407":"bilresaieuropa.se##.widget-title:has-text(/spons/i):upward(.widget_text)","21003":"boneo.se##.slick-slide:has-text(/sponsra/i)","21139":"borskollen.se##img[src*=\"/borskollen_newsletter\"]:upward(1)","21201":"borskollen.se##.adlabel:upward(1)","21237":"borskollen.se##.colorized:has-text(/annons/i):upward(a)","21295":"borskollen.se##.elevated-button:has-text(/^Cookie/):upward(.container)","21368":"borskollen.se##.label:has-text(/annons/i):upward(1)","21565":"borskollen.se##.sponsored-chip:matches-css(display: block):upward(a)","21636":"borskollen.se##.sponsored:upward(a)","22073":"borsvarlden.com##.label:has-text(/annons/i):upward(.highlighted-article-block)","22710":"branschaktuellt.se##.article__properties-breadcrumbs span:has-text(/Sponsrad|annons/i):upward(.article)","23410":"bulletin.nu##div[class*=\"section-preview\"]:has-text(/betalt samarbete/i):upward(4)","24589":"butikstrender.se##body > .elementor > .elementor-section:first-child:has-text(Annons)","25560":"byggipedia.se##aside .textwidget:has-text(/sponsr|samarbetspartners/i)","26871":"campingsverige.se##.post_sponsrad_label:upward(1)","28518":"conpot.se##.post > div[style]:has-text(ANNONS):upward(article:not([id]))","29893":"dagenslogistik.se##small:has-text(/annons/i):upward(.elementor-column)","30782":"dagensps.se,news55.se,realtid.se##.text-xs:has-text(ANNONS):upward(1)","30854":"dagenstech.se##a[href^=\"https://dagenstech.se/articles/\"]:upward(1):has-text(SPONSRAT)","30985":"dagenstech.se#$?#.label:has-text(SPONSRAT):upward(.swiper-slide) { remove: true; }","31069":"dagenstech.se##.text-right:has-text(ANNONS)","31204":"dagenstv.com##.slick-slide:has-text(/casino/i)","31801":"daisybeauty.com##.single-post .content h5:has-text(ANNONSSAMARBETE):upward(a.single-post)","32058":"datormagazin.se##.heading:has-text(/samarbete/i):upward(.elementor-widget-smartmag-featgrid)","32432":"densistavilan.se##h3.h-custom-headline:has-text(Advertorial):upward(1)","32916":"digitalavykort.se##.rightdiv p:has-text(/casino|kasino|lån|betting|odds|lotto/i)","34545":"discoveringtheplanet.com##.widget-title:has-text(/annons/i) + .textwidget","37298":"ehandel.se##.aside-list--heading:has-text(/^sponsra/i):upward(.aside-list)","37375":"ehandel.se##.code-block:has-text(/annons/i)","38250":"elle.se##section.c-native_banner:upward(2)","39072":"esportare.se##p[style^=\"text-align: center;\"] em:has-text(Annonser):upward(2)","39319":"etc.se##.adaptive:upward(1)","40075":"evergreengarden.se##article.elementor-grid-item:has-text(reklamsamarbete)","40363":"everysport.com##:is(div[id^=\"everysport_pano\"], div[id^=\"everysport_mobil\"], div[id^=\"everysport_rektangel\"]):upward(1)","40769":"expo.se##p.has-text-align-center:has-text(Annons:)","44538":"filatelisten.se##:is(a[target=\"_blank\"]:not([href^=\"/\"], [href*=\"filatelisten.se\"])):upward(section)","45008":"filmtipset.se##.postmeta em:has-text(/sponsrad/i):upward(.row.news)","45140":"filmtipset.se##:is(.news, a[href^=\"nyhet\"]):has-text(/casino|kasino|poker/i)","45451":"finanstid.se##a.td-post-category[href*=\"/category/annons/\"]:upward(.td-category-pos-image)","45592":"finanstid.se##.tdm-descr:has-text(/casino/i)","45824":"firstclassmagazine.se##.feat-cat:has-text(/annons/i):upward(a)","45889":"firstfoto.se##article.status-publish:has-text(/annonssamarbete/i)","46538":"fl-net.se##a[href*=\"casino\"]:upward(p)","47636":"foretagsverige.se,forskningsverige.se,motorbibeln.se,hallbarhetsverige.se,tillvaxtsverige.se,grillbibeln.se,kampenmotcancer.se,folkhalsasverige.se##.whitebox-container:has-text(/sponsra/i)","47827":"foretagsverige.se,forskningsverige.se,motorbibeln.se,hallbarhetsverige.se,tillvaxtsverige.se,grillbibeln.se,kampenmotcancer.se,folkhalsasverige.se##:is(div[class*=\"vicky-whitebox\"], .vicky-category-label, .vicky-video-infobox-label, .vicky-post-headline-container__category__inner):has-text(/spons/i):upward(a, .carousel-caption, .featurette, article)","49013":"forvaltarforum.se##.ticker-title:has-text(/partner/i)","49069":"forvaltarforum.se##.ticker-title:has-text(/partner/i) + .mh-section","49525":"fotbollskanalen.se##div[class$=\"sponsortitle\"]:upward(.desktop-side-widget)","49783":"fotbollskanalen.se##:is(.sponsored, .theme-news_sponsored_container):upward(.theme-news)","50309":"fotbolltransfers.com##img[src*=\"/images/annonser/\"]:upward(1)","50476":"fotbolltransfers.com##.smallNewsCategory:has-text(/sponsr/i):upward(.smallNewsLink)","50748":"fotboll.com##a[href*=\"casino\"]:upward(.content)","51711":"fragbite.se##.category:has-text(/spons/i):upward(article)","52130":"freeride.se##.mark:has-text(/spons/i):upward(.post)","52515":"frihetsnytt.se##.td-block-title-wrap:has-text(/annons/i):upward(1)","53057":"futsalmagasinet.se##.td-block-title > span:has-text(/annonserat innehåll/i):upward(.td_block_wrap)","53158":"futsalmagasinet.se##.wp-block-column > h2:has-text(/annonser/i) ~ p","53393":"fz.se##.fp-carousel .fpci-kicker:has-text(/^sponsr/i):upward(.fpc-item)","54188":"gamereactor.se##.ad_interscroller:upward(.wrapper)","54527":"gasetten.se,fotbollsthlm.se##article:has-text(/är en annons/i)","55171":"godare.se##:is(p[class^=\"teasersmall-sectionLabel\"], p[class^=\"teasermedium-sectionLabel\"]):has-text(/annons/i):upward(a.internal-link, li)","55489":"google.se##div.g:has(a[href*=\".com.se/\"]):has-text(/återförsäljare|rea|garanti|lågt pris|nöjd|priser|shop|bra pris|kläder|skor|outlet|frakt|butik|betala|kundkorg|varukorg/i)","55665":"goteborgfilmfestival.se##.text-gray.text-xs:has-text(Annons:):upward(1)","56212":"gynning.net##.sponsored-notification:upward([id^=\"post-\"])","56986":"happypancake.se##a[href*=\"casino\"]:upward(1)","57161":"happyride.se##a[href*=\"/category/sponsrat/\"]:upward(li[class=\"\"])","58579":"hejaolika.se##p[style^=\"text-transform\"]:has-text(/annons/i)","58642":"hejaolika.se##p[style^=\"text-transform\"]:has-text(/annons/i) + .wp-block-kadence-posts","58996":"hejauppsala.com##:is(div[class^=\"u-text\"], .u-font-brand):has-text(/^Reklam$/):upward(section)","59988":"hemnet.se##article[class^=\"ArticleCard\"]:has-text(/sponsrad/i)","60100":"hemnet.se##div[class^=\"ArticleCard_\"] small:has-text(/sponsrad/i):upward(article, li, a)","60279":"hemnet.se##span[class^=\"ArticleContent_articleDateBox\"]:has-text(/annons från/i):upward(div[class^=\"ArticleContent_articlePage\"])","61684":"hitta.se##div[id^=\"hitta_mobile_\"].placeholder:upward(div[class^=\"height\"], div[class^=\"style_breakout\"])","62016":"hockeybladet.nu##.vc_row_inner:has-text(casino)","62671":"horisontmagasin.se##.small:has-text(/Annons/i):upward(1)","63387":"husvagn.se,husbil.se##.articleintroduction strong:has-text(/samarbete/i):upward(li.item)","63648":"ibnytt.se##:is(a[href*=\"casino\"], a[href*=\"speltips\"]):upward(.widget)","64431":"indien.nu##.nyhetsochreseartiklar .views-row:has-text(/casino/i)","65335":"inredningsarkitektur.se##.article:has-text(/sponsrad artikel/i)","65703":"investeramera.se##.post-single-content p em:has-text(Annons:)","66023":"it-finans.se,it-halsa.se,it-kanalen.se,it-pedagogen.se,it-retail.se,it-hallbarhet.se##.widget-title:has-text(/annons/i):upward(aside)","66607":"jarnvagar.nu##.et_pb_module:matches-css(before, content: \"Annons:\")","66677":"javligtgott.se##div[id^=\"ad-panorama\"]:upward(.elementor-section)","67454":"karlskogavaxer.se##.elementor-heading-title:has-text(/annons/i):upward(.elementor-column)","67603":"karriarlakare.se##.annons-label:upward(a)","68324":"kiacarclub.se##.sidebar-block:has-text(/annons|sponsor/i)","68417":"killsteal.se##:is(a[href*=\"casino\"], a[href*=\"kasino\"], a[href*=\"passagen.se\"]):upward(p)","68787":"kingmagazine.se##.card-partner:upward(1)","70305":"krogen.se##a.article-link:has-text(Annons:):upward(.sp-article-content)","70379":"krogen.se##div.mark:matches-css(after, content: \"ANNONS\")","71302":"lajvo.se##.postCard:has-text(/bonusar|casino|betting|spelbranschen|spelupplevelse/i)","73511":"listor.se##article.feed-item:has-text(/låna pengar|casino|betting/i)","73766":"listor.se##:is(a[href*=\"casino\"], a[href*=\"betting\"], a[href*=\"poker\"]):upward(.elementor-widget)","74483":"livinguppsala.se##.fusion-post-content-container:has-text(/^annons/i):upward(article)","74571":"livsmedelsnyheter.se##div[class*=\"elementor-widget-text-editor\"][data-widget_type=\"text-editor.default\"] > .elementor-widget-container > p:has-text(SPONSRAT):upward(.jet-listing-grid__items)","75162":"livsstil.se,godare.se##[id^=\"adPlacement\"]:upward(1)","76703":"lokalfotboll.se##.widget-title:has-text(ANNONS:):upward(.really_simple_image_widget)","77035":"lokalti.se##:is(img[src$=\"a_top.png.webp\"], a[href*=\"casino\"]):upward(section.elementor-section)","79135":"maltermagasin.se##.widget_media_image:has-text(/annons/i)","79418":"marknadschefer.se##.elementor-widget-heading:has-text(/Sponsra|annons/i)","79493":"marknadschefer.se##.elementor-widget-heading:has-text(/Sponsra|annons/i) + .elementor-widget-post-block","79900":"matspar.se###ad-panorama-category:upward(1)","80087":"medibok.se#$?#noscript:has-text(mdp-deblocker-js-disabled) { remove: true; }","80165":"medibok.se#$?#style:has-text(body * :not) { remove: true; }","80639":"metalcentral.net##.bannergroup:upward(.uk-panel-box)","81306":"minimalisterna.se##p.has-text-align-center:has-text(/i samarbete med/i):upward(.post)","82482":"modernalivet.se##.excerpt:has-text(/annons/i):upward(article)","82591":"modernalivet.se##.sidebar-widget h3:has-text(/annons/i):upward(.sidebar-widget)","83447":"moviezine.se##div[itemprop=\"articleBody\"] div:has-text(ANNONS:)","83569":"moviezine.se##.inner_article:has-text(/sponsrat|annons/i)","83629":"mygatemagazine.se##.textwidget:has-text(Annons)","84537":"naringslivetvgl.se,dalarnasaffarer.se,stockholmsaffarer.se,jamtlandsaffarer.se,hallandsnaringsliv.se,sjuharadsnaringsliv.se##.list-article__item-inscription:has-text(/sponsrat innehåll/i):upward(.list-article__item)","86387":"nordfront.se##span:not(.post-content):has-text(/annons/i):upward(.post)","86544":"nordichardware.se##.su-label:has-text(/sponsra/i):upward(.wpb_text_column)","86621":"nordichardware.se##.td-excerpt:has-text(/sponsra/i):upward(.meta-info-container)","86936":"nyadagbladet.se##.site-main > div.widget_custom_html p[style^=\"text-align: center;\"]:has-text(/annonssamarbete/i):upward(div.widget_custom_html)","87258":"nyadagbladet.se##.widget_media_image:has-text(/annons/i)","87734":"nyemissioner.se##.jet-listing-grid__item[data-post-id]:has-text(/sponsrad artikel/i)","87821":"nyfiknainvesterare.se##article.post:has-text(/annons från/i)","87884":"nyheter24.se,alltforforaldrar.se,modette.se,devote.se,familjeliv.se,brollopstorget.se,blogg.se,rodeo.net,vimedbarn.se,loppi.se##article:has-text(/annons:/i)","88559":"nyheteridag.se##article.teaser h2.fsize-24:has-text(/casino/i):upward(.teaser)","89351":"nyheter.swebbtv.se##.recent-posts-widget-with-thumbnails:has-text(/annonssamarbete/i)","91233":"oskarshamns-nytt.se##:is(.adsbygoogle, a[href*=\"casino\"]):upward(.elementor-section)","92566":"placera.se##.vignette.XLText :is(a[href*=\"/externa-tjanster\"], a[href*=\"promoted\"]):upward(.section)","93045":"podtail.se##.item-list__item:has-text(/annons från/i)","96673":"samfalligheterna.se##.td_block_wrap:has-text(Annons)","98188":"shortcut.se##.category-tag:has-text(/annons/i):upward(.ArticleListItem)","98357":"siljannews.se##a[target=\"_blank\"]:upward(2)","98475":"siljanskok.se##a[target=\"_blank\"][rel=\"nofollow\"]:upward(1)","98675":"sillyseason.se##.sidebar-widget > .textwidget strong:has-text(casino):upward(li.sidebar-widget)","99189":"sjofart.ax##:is(.sjofa-top-takeover, .sjofa-artikel-pano):upward(section)","99416":"skaneplus.se##center > small:has-text(ANNONS):upward(div[class*=\"cc-hide-on\"])","101314":"so-rummet.se##.view-header > h3:has-text(/annonser/i):upward(.view-nya-lankar-front)","102215":"spelochfilm.se##a[href*=\"casino\"]:upward(.mh-posts-stacked-wrap)","102720":"sportbloggare.com##div.section-body-plus:has-text(/bonus|casino/i)","102789":"sportbloggare.com##.container:has-text(Senaste nyheterna om spelbolag:)","104642":"svampguiden.com##.label-sponsor:upward(.panel)","105611":"svenskamagasinet.nu##legend:has-text(Annons)","107012":"svenskverkstad.se##block-3x3-news-widget:has-text(Sponsrat innehåll)","107345":"sverigespringer.se##.cd-card-bar:has-text(/annons/i):upward(.cd-sidebar-item, .cd-news-card)","107526":"sweclockers.com##div[class^=\"card-info\"]:has-text(/spons/i):upward(.card)","107698":"sweclockers.com##.bbSize:has-text(Sponsormeddelande):upward(.bbRelatedBox)","108150":"swedroid.se##.mostReadMobile:has-text(/annons/i)","109624":"tekniknytt.se##.label:has-text(/samarbete|annons|reklam|presenteras av/i):upward(a)","110004":"teknikveckan.se##.pill:has-text(/spons/i):upward(.grid-item, .pinned, .articleFlow-item)","110757":"temperatur.nu##.holidAds:upward(1)","111171":"thelocal.se##.ra-widget-article-tag:has-text(/partner/i):upward(.ra-widget-panel)","111579":"tidningenbalans.se##p.uppercase:has-text(/i annonssamarbete med/i):upward(.flex.overflow-hidden)","112480":"tlnt.se##h2.elementor-heading-title:has-text(/annons/i):upward(.e-con-boxed[data-settings^=\"{\\\"background\"])","113591":"travnet.se##div.text-\\[8px\\].text-center:has-text(ANNONS):upward(1)","113736":"travrondenspel.se###root div[id]:not([id^=\"checkout\"]):empty:upward(2)","113878":"travronden.se##main div[id]:not([id^=\"checkout\"]):empty:upward(2)","114078":"trendenser.se##a[href=\"\"].uppercase:has-text(REKLAM):upward(.popular-post)","114299":"tripadvisor.se##a[target=\"_blank\"] button[aria-labelledby] span:has-text(/Sponsrat av|i samarbete med/i):upward(a)","115422":"tv.nu###tv-schedule section:has-text(ANNONS)","115610":"underbaraclaras.se##.jet-listing-dynamic-field__content:has-text(/annonssamarbete|reklamsamarbete/i):upward(.jet-listing-grid__item)","116640":"utsidan.se##.betart-marker:matches-css(after, content: /Annons/i):upward(.documentpush-group)","117798":"varmepumpsforum.com##a[target]:upward(.frontlinks tr)","118397":"veckorevyn.com##a[href*=\"/casino\"]:upward(.wp-block-image)","119568":"vildmarken.se##.g-single:upward(section[data-settings*=\"background_background\"])","119834":"villalivet.se##.td-block-title span:has-text(/sponsr/i):upward(3)","120316":"viseniorer.se##.leftinfo:has-text(/Externa artiklar:|Länktips:/)","121222":"vmj.se##.sidebox:has-text(/Externa länkar|Artiklar/)","121460":"vm-fotboll.se##.fusion-text:has-text(Online casino)","121839":"voodoofilm.org##.card-header:has-text(Annons):upward(.card)","121991":"vovve.net##span.arialtext11[style^=\"float:left\"]:has-text(/^i samarbete med/i):upward(2)","122835":"xn--gtboken-exa.se##span[id^=\"ezoic-pub-ad\"]:upward(.row)"}