{"2980":"terabox.app##.action-bar > div.action-bar-view:has(> div.btn-text:contains(View on Mobile))","4875":"citilink.ru##div[class*=\"app-catalog-\"] > div[class*=\"app-catalog-\"]:has(> div[class*=\"app-catalog-\"] > div[class*=\"app-catalog-\"] > span:contains(Скачайте приложение))","5415":"foxford.ru##.fox-Paper + div[class^=\"Spacer__Root-\"]:has(> div[class^=\"styled__Root-\"] div.fox-Text:contains(мобильное приложение))","14397":"xhamster.com##body > #svadilfari-content-root ~ div[class^=\"popup-\"]:has(div[class^=\"contentInner-\"] p:contains(app))","19294":"medal.tv##div[class^=\"sc-\"]:has(> div[class^=\"sc-\"] > div[class^=\"sc-\"] > span:contains(Also available on Android and Windows))"}