{"15092":"news.mail.ru##body > div:has(> div[id] > div > div.title:contains(блокировщика рекламы))","16331":"[$path=/video]dzen.ru##div[class^=\"video-view-sidebar\"] div[class]:matches-attr(\"aria-label\"=/[Рр]екламная карта/)","75546":"civitai.com#$#div[id]:has(> a[href=\"/pricing\"] > img[alt*=\"adblock\"]) { remove: true; }","240094":"defkey.com#$##showRegisterPopupAfterSecs { remove: true; }","243270":"store.shopping.yahoo.co.jp##div[class^=\"styles_buttons\"] > div.Tip:has(> div.Tip__contents p.Tip__title:contains(ギフト機能が追加されました))"}