{"514135":"aadarshhimachal.com#?#.wpb_wrapper:-abp-has(> h5:-abp-contains(Ads))","514195":"aapkikhabar.com#?#[id^=\"custom\"]:-abp-has(> a:-abp-contains(Government Ad))","514262":"aapkikhabar.com#?#div[id^=\"AS_O_\"] div:-abp-has(> div > div > a> div h5:-abp-contains(Ad |) )","514347":"abcnews.media#?#.widget_custom_html:-abp-has(> div > div > h3:-abp-contains(Advertisement))","514491":"ammanealing.org#?#.wpb_wrapper:-abp-has(> div > .sc_item_title:-abp-contains(Advertisement))","514575":"angulonline.com#?#.elementor-widget-heading:-abp-has(> div > h2:-abp-contains(Sponsored))","517300":"asr24.news#?#.card:-abp-has(> .card-header:-abp-contains(Advertisment))","517363":"bangla.24livenewspaper.com#?#.advertisement:-abp-contains(advertisement)","517432":"betulsamachar.com#?#.gb-container:-abp-contains(Advertisement)","517491":"bharatiyadigitalnews.in#?#.mb-3:-abp-has(> .section-title > h4:-abp-contains(Advertisement))","517575":"bharatiyadigitalnews.in#?#center:-abp-contains(Advertisement)","517633":"bhingatimes.co.in#?#.my-4:-abp-has(> h5:-abp-contains(Advertisement))","517694":"biharnation.in#?#.primary-sidebar-widget:-abp-has(> .section-heading > .h-text:-abp-contains(Advertisement))","517794":"blivenews.com#?#div[id^=\"AS_O_LHS_1\"] > div:-abp-has(> div > div > a>span:-abp-contains(Ad |))","518130":"bulandsoch.com#?#div[id^=\"AS_O_\"] div:-abp-has(> div > a> div h5:-abp-contains(Ad |))","518423":"cg24news.in#?#.sidebar:-abp-has(> h5 > span:-abp-contains(Advertisement))","518488":"champarantoday.in#?#.sidebar-widget:-abp-has(> .widget-head > .title:-abp-contains(Ads))","518568":"chatonay71news.com#?#.widget_recent_entries:-abp-contains(ads)","518627":"cityandolan.com#?#div[data-slot=\"460008\"] div:-abp-has(> div > div > a > div > h6:-abp-contains(Ad |))","518721":"cityliveindia.com#?#div:-abp-has(> .main-heading:-abp-contains(Advertizement))","518791":"countrynewstoday.com#?#.td-block-title > span:-abp-contains(Advertisement)","518862":"dailyharyananews.com#?#div[id^=\"AS_O_LHS_1\"] > div:-abp-has(> div > div > a>span:-abp-contains(Ad |))","518955":"dakshinapath.com#?#.sidebar-widget:-abp-has(> .widget-head > .title:-abp-contains(ADV))","519034":"deshkikhabar.in#?#span:-abp-contains(Advertisement)","519082":"dhamaka36.com#?#.mb-3:-abp-has(> .section-title > h4:-abp-contains(Advertisement))","519156":"dhinasari.com#?#.tdm-descr:-abp-contains(Advertisement)","540000":"doonhorizon.in#?#.colombiaonesuccess > div:-abp-has(> div > div > a h5:-abp-contains(Ad |))","540083":"encounterindia.in#?#.sidebar-widget:-abp-has(> .widget-head > .title:-abp-contains(ADS))","540163":"entevarthakal.com#?#.fourth_2_inner:-abp-has(> a>div > h1:-abp-contains(advertisement))","540292":"etamilnews.com#?#div:-abp-has(> .section-title > h4:-abp-contains(Advertisement))","540365":"fashionnewsera.com#?#div[id^=\"AS_O_LHS_1\"] > div:-abp-has(> div > div > a>span:-abp-contains(Ad |))","542080":"gossiplanka.com#?#.HTML:-abp-has(.title:-abp-contains(Advertisement))","542357":"horizonhind.com#?#div > h2:-abp-contains(Google Ads)","542406":"horizonhind.com#?#strong:-abp-contains(ABS Hospital)","542455":"horizonhind.com#?#strong:-abp-contains(Vijay Bakery)","542545":"hrbreakingnews.com#?#div[id^=\"AS_O_LHS\"] > div:-abp-has(> div > div > a > div > h5:-abp-contains(Ad |))","542701":"ibmnews24.com#?#p:-abp-contains(Advertisement)","545314":"indiakhabar.co.in#?#div:-abp-has(> .section-title > h4:-abp-contains(ADVERTISEMENT))","545390":"indianewscentre.in#?#.fashion_technology_area div:-abp-has(> div > h2 span:-abp-contains(Advertisement))","545486":"indiannewsservice.net#?#.sidebar h2:-abp-contains(Advertisement)","545547":"indiasamachar24.com#?#.widget:-abp-has(.widget-title > h4:-abp-contains(Advertise))","545622":"indocanadiantimes.com#?#.block-title span:-abp-contains(Sponsored Ads)","545764":"jalauntimessite.wordpress.com#?#.widget-title:-abp-contains(Advertisment)","545834":"janadeshexpress.in#?#section.widget_text:-abp-has(div > h4.widget-title:-abp-contains(Advertisment))","545926":"janamtv.com#?#div:-abp-has(> .jeg_block_title > span:-abp-contains(ADVT))","545991":"jankarido.com#?#.gb-container:-abp-contains(Advertisement)","546046":"jansandeshonline.com#?#div[id^=\"AS_P_LHS_\"] > div:-abp-has(> div > div > a>div > h5:-abp-contains(Ad |))","546142":"jansandeshonline.com#?#div[id^=\"AS_P_LHS_\"] > div:-abp-has(> div > div > a>div > p:-abp-contains(Ad |))","546237":"janwarta.com#?#.td_block_wrap:-abp-has(> div > h4 > span:-abp-contains(Ad))","546304":"k9media.live#?#[id^=\"AS_O_\"] div:-abp-has(> div > a>div > h5:-abp-contains(Ad |))","546377":"khabaraaptak.net#?#.widget:-abp-has(> .widget--title > h2:-abp-contains(Advertisement))","546456":"khabardev.com#?#.list-category-posts-half:-abp-has(> .widget-title:-abp-contains(AD))","546533":"kirandoot.com#?#.sidebar-widget:-abp-has(> div > h4:-abp-contains(adv))","546652":"lifestylenama.in#?#div[id*=\"_O_LHS_\"] > div:-abp-has(> div > div > a>div > h5:-abp-contains(Ad |))","546742":"livevns.news#?#.colombiaonesuccess div:-abp-has(> div > div > a > h5:-abp-contains(Ad:))","546822":"livevns.news#?#.colombiaonesuccess div:-abp-has(> div > div a > p:-abp-contains(Ad:))","546899":"lnstarnews.com#?#.elementor-widget-wrap:-abp-has(h2:-abp-contains(Adv.))","546963":"loginkerala.com#?#div[id^=\"AS_O_LHS\"] > div:-abp-has(> div > div > a > h2 + span:-abp-contains(Ad |))","547056":"loktantrakaagaz.com#?#.side:has(> span:-abp-contains(Advertisement))","547121":"loudspeakeronline.com#?#div.sidebar-widget:-abp-has(> .widget-head > h4:-abp-contains(Advertisement))","547214":"madhepurakhabar.com#?#.HTML:-abp-has(> .widget-title > .title:-abp-contains(Advertisement))","547297":"madhubaninews.in#?#figure:-abp-has(> figcaption:-abp-contains(ADVERTISEMENT))","547366":"magadhexpress.in#?#.wp-block-group:-abp-has(> div > .wp-block-heading:-abp-contains(Advertisement))","547751":"pressnote.in#?##main-content .main-carousel:-abp-has(> .title-wrapper > h2 > span:-abp-contains(Advertisement))","547854":"pressnote.in#?##main-content .theiaStickySidebar:-abp-has(> div > .title-wrapper > h2 span:-abp-contains(Advertisement))","548016":"meranews.com#?#p:-abp-contains(Advertisement)","548058":"mirroruttarakhand.com#?#.widget-sidebar:has(> .widget-header > h3:-abp-contains(ADVT))","548141":"muktirlorai.com#?#.themesBazar_widget:has(> h3:-abp-contains(sonalilife.com))","548215":"munaadi.com#?#.mb-3:-abp-has(.section-title > h4:-abp-contains(Advertisement))","548285":"namastepurvanchal.in#?#.elementor-widget-heading:-abp-has(> div > h2:-abp-contains(Advertisement))","548375":"nation9network.com#?#.gb-container:-abp-contains(Advertisement)","548467":"navbharattimes.indiatimes.com#?#.news-card:has(> span > h2 > a>.text_ellipsis:-abp-contains(Adv:))","548562":"naya-alo.com#?#.textwidget:-abp-contains(.adsbygoogle)","548613":"neplays.com#?#.widget--title .h4:-abp-contains(Advertisement)","548671":"news11.live#?#.align_cent:-abp-contains(Advertise)","548718":"news24bite.com#?#figure:-abp-has(> figcaption:-abp-contains(Advertisement))","548785":"news38times.com#?#div[id^=\"AS_O_LHS_\"] > div:has(> div > a >p:-abp-contains(Ad |))","548864":"newsmoments.in#?#div[id^=\"AS_O_LHS_\"] > div:-abp-has(> div > div > a > div > p:-abp-contains(Ad |))","548955":"newstm.in#?#div[id^=\"AS_O_\"] div:-abp-has(> div > a> div h5:-abp-contains(Ad |) )","549028":"newstodaynetwork.com#?#div[id^=\"AS_O_LHS\"] > div:-abp-has(> div > div > a > h4:-abp-contains(Ad: ))","549119":"nobat.com#?#div:-abp-has(> small:-abp-contains(Advertisement))","549173":"odiascraps.info#?#div[id*=\"_O_\"] > div:-abp-has(> div > div > a>div > h4 > span:-abp-contains(Ad:))","549264":"odiascraps.info#?#div[id*=\"_O_\"] > div:-abp-has(> div > div > a>div > p:-abp-contains(Ad:))","549422":"pingara.com#?#.block-title-4:-abp-has(> h4 > span:-abp-contains(Advertisements))","549494":"pksnews24.com#?#div.primary-sidebar-widget:-abp-has(> div > span:-abp-contains(Advertisement))","549580":"pksnews24.com#?#div[data-adid]:-abp-has(> p:-abp-contains(Advertisement))","549645":"neemuchlive.com#?##pt-magazine-carousel-news-2:has(> div > .section-title .widget-title:-abp-contains(Advertisement))","549759":"rajdhanidaily.com#?#.elementor-widget-wrap p:-abp-contains(Ads)","549819":"rochakkhabare.com#?#div[id*=\"_O_\"] div:-abp-has(> div > div > a> div *:-abp-contains(Ad |) )","549903":"rozanapost.in#?#aside:-abp-has(> h3 > span:-abp-contains(Advt))","549958":"rozanaspokesman.in#?#div[style]:-abp-has(> div:-abp-contains(Advertisement))","550026":"sabhavarthakal.com#?#.jeg_block_heading:-abp-has(> .jeg_block_title > span:-abp-contains(ADVERTISEMENTS))","550123":"sabhavarthakal.com#?#.jeg_block_heading:-abp-has(> .jeg_block_title > span:-abp-contains(Advertisement))","550219":"samajkihalchal.com#?#div.sidebar h5:-abp-has(> span:-abp-contains(Ads))","550282":"samarthsahara.com#?#.heading:-abp-has(> span:-abp-contains(Advt))","550339":"samayduniya.com#?#div:-abp-has(> a span:-abp-contains(Ad |))","550391":"satkhiraprobaho.net#?#div:-abp-has(> h3:-abp-contains(Advertisement))","550452":"satyasandhana.in#?#div:has(> div > div > p:-abp-contains(Advertisement))","550521":"satyavoice.com#?#div[id^=\"AS_O_\"] > div:-abp-has(> div > a>div > h5:-abp-contains(Ad |))","550601":"scgnews.in#?#.widget-header:has(> h4:-abp-contains(Advertise))","553418":"seithipunal.com#?#.widget:-abp-has(> .widget--title > h2:-abp-contains(Advertisement))","553496":"shikshabhartinetwork.com#?#div:-abp-has(> .box_header:-abp-contains(Advertisements))","553572":"punjabikangaroo.com#?##side .widget:-abp-has(> .heading > span:-abp-contains(Advertisement))","553751":"smtv24x7.com#?#.single_post_content:-abp-has(> h2 > span > a:-abp-contains(ADS))","553823":"soochnanews.in#?#h4.td-block-title:-abp-has(> span:-abp-contains(Advertisement))","554062":"suprovatsydney.com.au#?#.box_header:-abp-contains(Advertising)","554432":"tamizhakam.com#?#p:-abp-contains(Advertisement)","554567":"thannambikkai.org#?#h2:-abp-contains(Advertisement)","554615":"thechopal.com#?#div[id*=\"ArticleShow_\"] > div:-abp-has(> div > div > a>span:-abp-contains(Ad |))","554703":"thedesiawaaz.com#?#div:-abp-has(> div > a>div > p:-abp-contains(Ad:))","554764":"thedesiawaaz.com#?#div:-abp-has(> div > div > a>div > div > p:-abp-contains(Ad |))","554838":"theexpose.in#?#.colombiaonesuccess > div:-abp-has(> div > div > a h5:-abp-contains(Ad |))","554919":"theexpose.in#?#.colombiaonesuccess > div:-abp-has(> div > div a p:-abp-contains(Ad:))","554996":"theheadline24.com#?#div:-abp-has(> .heading > span:-abp-contains(Advt.))","555060":"thenewswords.in#?#:-abp-has(> h4:-abp-contains(Advertise))","555110":"theonlinepost.in#?#div[id*=\"_O_\"] div:-abp-has(> div > div > a> div *:-abp-contains(Ad |) )","555193":"theonlinepost.in#?#div[id*=\"_O_\"] div:-abp-has(> div > div > a> div *:-abp-contains(Ad:) )","555275":"thesigmanews.com#?#div.wrapper-sticky div:-abp-has(> div.section-heading > span:-abp-contains(Advertisement))","555376":"todaynewshindi.in#?#.sidebar-widget:-abp-has(h4:-abp-contains(Ads))","555435":"ttncinema.com#?#div[id*=\"_O_\"] div:-abp-has(> div > div > a> div p:-abp-contains(AD |) )","555515":"tutyonline.net#?#.sub_new b:-abp-contains(Ads)","555558":"tv20news.in#?#p:-abp-contains(Advertisement)","555599":"twentyfournews.com#?#div:-abp-has(> span:-abp-contains(Advertisement))","555700":"unitednewskannada.com#?#.single_sidebar:-abp-has(> h2 > span:-abp-contains(advertisement))","555782":"upuklive.com#?#.colombiaonesuccess > div:-abp-has(> div > div > a span:-abp-contains(Ad |))","555865":"uthayannews.ca#?#.widget_text:-abp-has(.widget-title > span:-abp-contains(Advertising))","555944":"utkalpratidin.com#?#div[id*=\"_O_\"] div:-abp-has(> div > div > a> div *:-abp-contains(Ad |) )","556028":"utkalpratidin.com#?#div[id*=\"_O_\"] div:-abp-has(div-gpt-ad > div > div > a> div *:-abp-contains(Ad:) )","556122":"varchasvnews.com#?#.heading:-abp-has(> span:-abp-contains(Advt))","556178":"visionnewsservice.in#?#.sidebar-widget > h2:-abp-contains(Advertisement)","556247":"viznews.in#?#div:-abp-has(> .heading > span:-abp-contains(Advertisement))","556312":"yugvartanews.com#?#center:-abp-contains(ADVERTISEMENT)","556363":"yuvaharyana.com#?#div[id^=\"AS_O_LHS\"] > div:-abp-has(> div > a>div > h5:-abp-contains(Ad |))"}