{"4327201":"||googletagmanager.com/gtm.js$third-party,script,redirect=googletagmanager-gtm,domain=~corsair.com|~olx.ae|~olx.ba|~olx.be|~olx.bg|~olx.ca|~olx.cc|~olx.co|~olx.co.id|~olx.co.il|~olx.co.in|~olx.co.ke|~olx.co.kr|~olx.co.nz|~olx.co.th|~olx.co.za|~olx.com|~olx.com.ar|~olx.com.au|~olx.com.bd|~olx.com.br|~olx.com.co|~olx.com.mx|~olx.com.ng|~olx.com.np|~olx.com.pe|~olx.com.pk|~olx.com.sg|~olx.com.tr|~olx.com.ua|~olx.com.uy|~olx.cz|~olx.de|~olx.eu|~olx.fr|~olx.ge|~olx.gr|~olx.hu|~olx.id|~olx.ie|~olx.in|~olx.io|~olx.kz|~olx.mobi|~olx.mx|~olx.net|~olx.org|~olx.pe|~olx.ph|~olx.pl|~olx.pt|~olx.ro|~olx.ru|~olx.ua|~olx.us|~olx.uz|~olx.vn|~olx.xyz|~simon.com|~bethesda.net|~paddle.com","4603785":"||sgtm.ipekyol.com.tr/gtm.js$script,redirect=googletagmanager-gtm","4604107":"||googletagmanager.com/gtag/js$script,redirect=googletagmanager-gtm,domain=ncsoft.jp","4605565":"||googletagmanager.com/gtag/js?id=$script,redirect=googletagmanager-gtm,domain=dvdmax.pl","4658403":"||googletagmanager.com/gtag/js$script,redirect=googletagmanager-gtm,domain=clujust.ro","4665977":"||googletagmanager.com/gtm.js$script,redirect=googletagmanager-gtm,important,domain=raaga.com","4666131":"||googletagmanager.com/gtag/js$script,redirect=googletagmanager-gtm,domain=weathernews.jp,important","4670416":"||googletagmanager.com/gtag/js?id=$script,redirect=googletagmanager-gtm,domain=inforesist.org,important","4671018":"||googletagmanager.com/gtm.js$script,xmlhttprequest,redirect=googletagmanager-gtm,domain=evernote.com,important","4676974":"||googletagmanager.com/gtm.js$script,xmlhttprequest,redirect=googletagmanager-gtm,domain=whoer.net","4678308":"||googletagmanager.com/gtm.js$script,xmlhttprequest,redirect=googletagmanager-gtm,domain=coda.io,important","4679760":"||googletagmanager.com/gtm.js$script,xmlhttprequest,redirect=googletagmanager-gtm,domain=systemrequirementslab.com,important","4685900":"||googletagmanager.com/gtm.js$script,xmlhttprequest,redirect=googletagmanager-gtm,important,domain=napishem.ru","4688136":"||googletagmanager.com/gtm.js$script,xmlhttprequest,redirect=googletagmanager-gtm,domain=oresundsbron.com,important","4688490":"||googletagmanager.com/gtm.js$script,xmlhttprequest,redirect=googletagmanager-gtm,important,domain=thestar.co.uk","4689512":"||googletagmanager.com/gtag/js$script,other,redirect=googletagmanager-gtm,domain=filmomaniak.pl","4696327":"||googletagmanager.com/gtm.js$script,xmlhttprequest,redirect=googletagmanager-gtm,important,domain=cuk.pl","4699813":"||googletagmanager.com/gtm.js$script,xmlhttprequest,redirect=googletagmanager-gtm,important,domain=pcjisaku.com","4706288":"||googletagmanager.com/gtm.js$script,xmlhttprequest,redirect=googletagmanager-gtm,important,domain=northantstelegraph.co.uk","4711596":"||googletagmanager.com/gtm.js$script,xmlhttprequest,important,redirect=googletagmanager-gtm,domain=gazin.com.br","4714947":"||googletagmanager.com/gtag/js$script,other,redirect=googletagmanager-gtm,domain=guardaserie.app|guardaserie.biz|guardaserie.cc|guardaserie.ch|guardaserie.club|guardaserie.co.uk|guardaserie.com.bd|guardaserie.com.co|guardaserie.com.np|guardaserie.dev|guardaserie.digital|guardaserie.eu|guardaserie.info|guardaserie.life|guardaserie.media|guardaserie.net|guardaserie.one|guardaserie.online|guardaserie.org|guardaserie.pl|guardaserie.ru|guardaserie.space|guardaserie.store|guardaserie.today|guardaserie.website|guardaserie.world|guardaserie.ws","4716513":"||googletagmanager.com/gtm.js$script,redirect=googletagmanager-gtm,important,domain=flyingv.cc","4726090":"||googletagmanager.com/gtag/js$script,other,redirect=googletagmanager-gtm,domain=playphrase.me","4728186":"||googletagmanager.com/gtag/js$script,redirect=googletagmanager-gtm,domain=html5.gamedistribution.com","4735536":"||googletagmanager.com/gtm.js$script,redirect=googletagmanager-gtm,important,domain=displate.com","4757451":"||googletagmanager.com/gtm.js$script,redirect=googletagmanager-gtm,domain=theverge.com,important"}