{"4604":"arendalstidende.no#?#.wpb_wrapper:has-text(/^An{2}onse:.*$/)","4666":"butikkoversikten.no#?#.lenkeboks:has-text(/^.*Cas\\ino.*$/i)","6300":"itavisen.no##article:has(.title:has-text(/^.*[?:;—]\\san{2}ons[eø]r?$/))","6406":"tunnelsyn.no#?#.widget_media_image:has-text(/^AN{2}ONSE.*$/)","8238":"tek.no#?#main > section > section:has-text(/^an{2}onse$/)","8871":"tungt.no#?#div.large-12.row:has-text(MASCUS)","9362":"arendalstidende.no#?#div[style^=font-size]:has-text(/^An{2}onse:.*$/)","9609":"itavisen.no#?#.item:has(.meta:has-text(/^An{2}onse$/))","10654":"tu.no,digi.no#?#article~div:has-text(/^A[n|ĳ]n\\ons/i)","11061":"fodboldspilleren.dk#?#.et_section_regular:has-text(/^.*cas\\ino.*$/i)","11550":"elbil24.no#?#.preview:has(.kicker:has-text(/^.*an{2}onse.*$/i))","11676":"sorlandsavisen.no#?#div:has(> span:has-text(Annonse))","12962":"veitingageirinn.is#?#.mvp-widget-home:has-text(/^Velun{2}arar.*$/)","13206":"gamer.no#?#.entrance:has(.entrance__mark__text:has-text(Annonse:))","14706":"baeredygtigtfiskeri.dk##section.elementor-top-section:has-text(/^.*\\s\\sAnnoncer?\\s\\s.*$/i) + section.elementor-top-section:has(.elementor-image > [loading=lazy])","14870":"baeredygtigtfiskeri.dk##section.elementor-top-section:has-text(/^.*\\s\\sAnnoncer?\\s\\s.*$/i):has(+ section.elementor-top-section .elementor-image > [loading=lazy])","15100":"fiskerforum.dk##.elementor-widget-text-editor:has-text(/^.*\\s\\sANNONCER\\s\\s.*$/)","17244":"itavisen.no#?#article:has(.title:has-text( – annonse))","19068":"united.no#?#.fl-visible-desktop-medium:has(div[class^=ann-forside]:has-text(/^.*An{2}onse:.*$/))","19673":"retrospilling.no#?#.widget:has-text(Play-Asia)","24718":"730.no#?#.g-10:has-text(Artikkelen fortsetter )","25909":"kendte.dk#?#.list-group:has-text(/^.*cas\\ino.*$/i)","26657":"glr.no#?#.bottomSmallSpaced.topMediumSpaced:has-text(/^An{2}onse.*$/)","27274":"jumpb.dk#?#strong:has-text(/^.*Cas\\ino.*$/i)","29250":"gunnarandreassen.com#?#a:has-text(/^.*[kc]as\\ino.*$/i)","31158":"leinstrand-il.no#?#.latestnews-box:has-text(/^.*cas\\ino.*$/i)","31390":"dagbladet.no,www-dagbladet-no.translate.goog#?#div[class^=css]:matches-css-before(content: \"Annonse\")","32018":"margit-henriksen.dk,thura.dk#?#.blog-post:has-text(/^.*cas\\ino.*$/i)","32446":"teknologia.no#?#.one-half:has-text(/^.*[kc]as\\ino.*$/i)","38355":"ni.dk#?#.color-scheme-1:has-text(/^.*Cas\\ino.*$/i)","38522":"bilnorge.no#?#tr:has(td:has-text(Annonse:))","40049":"itavisen.no#?#.td-c-loop-item:has(.meta-info:has-text(Annonse))","41014":"gaming.dk#?#.panel-latest-forum-threads:has-text( sponsor)","43099":"xn--bodposten-n8a.no,ranaposten.no#?#.widget-goodpress-home-block-one:has-text(Annonsørinnhold)","44108":"tek.no#?#div.clearfix.col-full-width:has-text(kommersielle partner)","44831":"pengenytt.no#?#.textwidget:has-text(Annonse)","44905":"lystfiskerguiden.dk#?#.elementor-widget-wrap > .elementor-section:has-text(REKLAMER)","46219":"utrop.no#?#.td-pb-span4:has-text(ANNONSØRINNHOLD)","48827":"ni.dk#?#.color-scheme-1:has-text(/^.*Cas\\ino.*$/i) + div","50501":"tek.no#?#article > div:has-text(/^an{2}onse$/)","58186":"tek.no#?#main > div > div:has-text(kommersielle partner)","58962":"pengenytt.no#?#.widget-title:has-text(Annonser)","62627":"tek.no#?#section:has(> div > div:has-text(/^an{2}onse$/))","63039":"padleguide.dk#?#h2:has-text(/^.*cas\\ino.*$/i)","63615":"retrospilling.no#?#.widget:has-text(Reklame)","64304":"ipmsnorge.org#?#.col-md-3 .block:has-text(ponsor)","76694":"padleguide.dk,polarmedia.dk,iphoneluppen.dk,anettelyskjaer.dk,dreampapers.dk,nemsvar.nu,cuben-linedance.dk#?#p:has-text(/^.*cas\\ino.*$/i)","76833":"dagbladet.no,www-dagbladet-no.translate.goog,elbil24.no,kk.no,seher.no,sol.no,sol-no.translate.goog,vi.no#?#[data-cy=video-page-horisontal] > div:has-text(Annonse)","78038":"iphoneluppen.dk,anettelyskjaer.dk,dreampapers.dk,nemsvar.nu#?#h2:has(+ p:has-text(/^.*cas\\ino.*$/i))","119306":"icelandreview.com,bir.no,medier24.no,knr.gl,nutiminn.is#?#p:has-text(/^\\xA0$/)","119830":"yrkesbil.no#?#td:has-text(/^\\xA0$/):not(:has-text(/^.*\\s.*$/)):not(:has(img))","119909":"yrkesbil.no#?#tr:has-text(/^\\xA0$/):not(:has-text(/^.*\\s.*$/)):not(:has(img))","120030":"check-in.dk#?#p:has-text(/^\\xA0$/):not(:has-text(/^.*\\s.*$/)):not(:has(img))","132897":"nettavisen.no,www-nettavisen-no.translate.goog#?#.front optimus-element:has-text(Eurojackpot)","133142":"nettavisen.no,www-nettavisen-no.translate.goog#?#article[data-lp-section=sportspill]:has(.slotHeader):has-text(/^.*lot{2}o.*$/i)","135291":"politainment.no#?#.widget:has-text(Annonse)","139980":"thelocal.no,thelocal.dk#?#div > .section:has(> div[class*=-label]:has-text(Sponsored))"}