{"113951":"sir-apfelot.de##.entry-content > .code-block:has(> div[style] > a:contains(Werbung))","335505":"berliner-zeitung.de#@?#.m-article-teaser:-abp-has(div:-abp-contains(Anzeige))","340685":"saechsische.de#@?#article,div:-abp-has( > div > .article-section--nad > span:-abp-contains(Anzeige))","343181":"saechsische.de#@?#article,div:-abp-has( > .article-fill__section > span:-abp-contains(Anzeige))","343521":"saechsische.de#@?#article,div:-abp-has(> .landingpage > span:-abp-contains(Anzeige))","590483":"stol.it#?##ContainerFull:-abp-has(a:-abp-contains(Anzeige))","590534":"alles-mahlsdorf.de#?#.elementor-section:-abp-has(h2.elementor-heading-title:-abp-contains(Werbung))","590625":"android-hilfe.de#?#article.message--post:-abp-has(span.username:-abp-contains(Anzeige))","590704":"apfeltalk.de#?#div.wpb_text_column:-abp-contains(Werbung)","590758":"avguide.ch#?#.avgrid_1_of_1.viewlet-bottom:-abp-has(h2:-abp-contains(Advertorials))","590833":"avguide.ch#?#.gridteaser.gridteaser-m:-abp-has(h4:-abp-contains(Sponsored Post))","590905":"back-intern.de#?#.cm-post-widget-three.cm-post-widget-section:-abp-has(.section-title:-abp-contains(Partner))","591006":"baur.de#?#div[data-testid=\"card\"]:-abp-has(span.MuiCardHeader-title:-abp-contains(Gesponserte Artikel))","591101":"baur.de#?#div[data-testid=\"reco-wrapper\"]:-abp-has(div[class^=\"indexesm__HeadlineElement-fragment-product-master__\"]:-abp-contains(Gesponserte Artikel))","591245":"baur.de#?#span:-abp-contains(Gesponserte Artikel)","591291":"bergsteiger.de#?#.eight.columns.alpha.content:-abp-has(span:-abp-contains(Advertorial))","591370":"berliner-kurier.de#?#.m-teaser:-abp-has(span:-abp-contains(Sponsored))","591432":"berliner-zeitung.de#?#.m-article-teaser:-abp-has(div:-abp-contains(Anzeige))","591500":"berlinstadtservice.de#?#.row.block03:-abp-has(p:-abp-contains(ANZEIGE))","591563":"bitreporter.de#?#.code-block:-abp-has(span:-abp-contains(/ANZEIGE|Anzeige|Werbung|WERBUNG/))","591647":"carpediem.life#?#.post-overview:-abp-has(div:-abp-contains(Anzeige))","591707":"celleheute.de#?#div.YzqVVZ:-abp-has(span.wixui-rich-text__text:-abp-contains(Anzeigen))","591786":"computerbase.de#?#div.text-asset.text-width:-abp-has(p.text-width:-abp-contains(Anzeige))","591867":"computerbild.de#?#article.gridArea__teaserM:-abp-has(div.teaserBlock__label:-abp-contains(Anzeige))","591958":"cyclingmagazine.de#?#p:-abp-contains(Anzeige) > strong > a[target=\"_blank\"][rel=\"noopener\"] > picture","592056":"dkamera.de#?#.node.teaser:-abp-has(a:-abp-contains(Anzeige))","592108":"ebay.de#?#.b-module:-abp-has(h2:-abp-contains(Anzeigen))","592156":"ebay.de#?#.mfe-lex:-abp-has(h2:-abp-contains(Anzeigen))","592203":"emotion.de#?#.node--article:-abp-has(span:-abp-contains(Anzeige))","592260":"fazemag.de#?#h4:-abp-has(span:-abp-contains(ANZEIGEN))","592306":"finanzen.net#?#.mleft-10.small-font.light-grey:-abp-contains(Werbung) + .box + .border-blue-2","592396":"finanzen.net#?#.mleft-10:-abp-contains(Werbung) + .box","592447":"focus.de#?#article[id^=\"teaser-\"][data-placement]:-abp-contains(Anzeige)","592516":"games.ch#?#.col4:-abp-has(h3:-abp-contains(Unterstützt durch:))","592571":"gamestar.de#?#.content-item-medium:-abp-has(data:-abp-contains(Anzeige))","592635":"gamestar.de#?#.content-item-small:-abp-has(h3:-abp-contains(Anzeige))","592696":"gamestar.de#?#.contentnewsitem-box .box-reload .news-list:-abp-has(span.media-heading:-abp-contains([Anzeige]))","592799":"gamestar.de#?#.contentnewsitem-box .box-reload > div:-abp-has(.news-list span.media-heading:-abp-contains([Anzeige])) + hr","592913":"giga.de#?#.alice-teaser-list-item:-abp-has(.alice-teaser-meta-text:-abp-contains(Anzeige))","592995":"gofeminin.de#?#.af-block-native:-abp-contains(Anzeige)","593046":"gofeminin.de#?#.af-block-native:-abp-contains(Sponsored Post)","593104":"handelszeitung.ch#?#.teaser-m-default:-abp-contains(Native Advertising)","593172":"handelszeitung.ch#?#.teaser-m-default:-abp-contains(Publireportage)","593236":"hardwareluxx.de#?#.bg-gray-light:-abp-has(div.text-right:-abp-contains(Werbung))","593308":"heise.de#?#.px-4.md\\:px-6.py-3.h-full.bg-gray-50:-abp-has(.mb-3.text-xs.leading-none.text-center:-abp-contains(Anzeige))","593420":"heise.de#?#p:-abp-contains(=== Anzeige / Sponsorenhinweis ===)","593479":"heise.de#?#p:-abp-contains(=== Anzeige / Sponsorenhinweis ===) + p","593542":"heise.de#?#p:-abp-contains(=== Anzeige / Sponsorenhinweis ===) + p + p","593609":"heise.de#?#p:-abp-contains(=== Anzeige / Sponsorenhinweis ende===)","593672":"ibooks.to#?#form:-abp-has(button:-abp-contains(Download))","593721":"imsueden.de#?#.swiper:-abp-has(.headline:-abp-contains(Partner))","593777":"kajak-magazin.com#?#.custom:-abp-has(span:-abp-contains(Anzeige))","593834":"kaufland.*#?#.recommender-wrapper:-abp-contains(Gesponsert)","593890":"koeln.de#?#.gb-container:-abp-contains(Anzeige)","593934":"la-palma24.info#?#article[class^=\"dvs-ad-tyblqtres-uno\"]:-abp-has(div:-abp-contains(AD))","594014":"la-palma24.info#?#div[class^=\"dvbloqbasic\"]:-abp-has(div:-abp-contains(Ad))","594081":"lausitz-tv.de#?#.small-12.column:-abp-contains(Anzeige)","594133":"lessentiel.lu#?#div:-abp-has(+ span:-abp-contains(Werbung))","594184":"linkedin.com#?#.core-rail > div > div[id^=\"ember\"]:-abp-has(span:-abp-contains(Gesponsert))","594267":"marbacher-zeitung.de#?#.appetizer:-abp-contains(Anzeige)","594320":"mediamarkt.at,mediamarkt.de,saturn.de#?#li:-abp-has(div[data-test=\"mms-product-card\"]:-abp-has(span:-abp-contains(Gesponsert)))","594434":"mediamarkt.de#?#[data-test=\"mms-base-teaser\"]:-abp-contains(Gesponsert)","594502":"mediamarkt.de#?#[data-test=\"mms-search-flagship-sba\"]:-abp-contains(Gesponsert)","594578":"mediamarkt.de#?#[data-test=\"mms-search-showcase\"] + div:-abp-contains(Gesponsert)","594656":"meissen-fernsehen.de#?#.text-center:-abp-contains(- Werbung -)","594715":"mmnews.de#?#.sp-module:-abp-has(span:-abp-contains(Kleinanzeigen))","594773":"mobile.de#?#[data-testid=\"home-brand-portal-section-container\"]:-abp-contains(Gesponsert)","594859":"motorsport-total.com#?#.teaser_container.teaser-htmlcode.relative.row:-abp-has(.f1de-container-title:-abp-contains(Die besten Leasing-Deals))","594992":"notebookcheck.com#?#.introa_news:-abp-contains(Anzeige)","595044":"nur-positive-nachrichten.de#?#.moduletable.text-center:-abp-has(.bildunterschrift:-abp-contains(Anzeige))","595141":"o-sport.de#?#.card-body:-abp-contains(Sponsoren)","595186":"onvista.de#?#.outer-spacing--xxlarge-top:-abp-contains(Werbung von)","595250":"onvista.de#?#a[class*=\"ArticleTeaserBox\"]:-abp-has(div.ov-subline:-abp-contains(Werbung))","595331":"pctipp.ch#?#.list_item:-abp-has(.dachzeile:-abp-contains(Partnerzone))","595393":"pcwelt.de#?#div.box:-abp-has(span.banner-text + h4:-abp-contains(/Partner-Angebot|Angebote/))","595478":"pollenflug.de#?#.services-item:-abp-contains(bei Amazon)","595531":"produktion.de#?#.postlist-item:-abp-has(.label:-abp-contains(Gesponsert))","595596":"report-d.de#?#.content-view-containerbox:-abp-contains(SONDER-VERÖFFENTLICHUNG)","595672":"rewe.de#?#.rs-qa-product:-abp-contains(Gesponsert)","595719":"satvision.de#?#.fc_bloglist_item:-abp-has(a:-abp-contains(Advertorial))","595782":"satvision.de#?#.mod_flexicontent_standard_wrapper:-abp-has(span:-abp-contains(Advertorial))","595865":"seo-suedwest.de#?#.moduletable:-abp-has(span:-abp-contains(Anzeige))","595925":"skodacommunity.de#?#article.message--post:-abp-has(a:-abp-contains(Anzeige))","595993":"smartphonemag.de#?#.td_module_wrap:-abp-has(.td-post-author-name:-abp-contains(Werbung))","596073":"sportdeutschland.tv#?#.text-right.text-white.col-6:-abp-contains(präsentiert von)","596151":"swz.it#?#.jeg_post.jeg_pl_md_2.pr.format-standard:-abp-has(span:-abp-contains(PR-INFO))","596230":"t-online.de#?#.afl-widget-root:has(span:-abp-contains(Beliebt bei t-online))","596303":"t-online.de,www-t--online-de.cdn.ampproject.org#?#div[id^=\"T-\"][onfocus^=\"A('zid=\"]:-abp-has(a:-abp-contains(Anzeige))","596413":"tag24.de#?#article.article-tile:-abp-has(span.article-tile__badge2:-abp-contains(ANZEIGE))","596495":"tiger.ch#?#div[id^=\"gridSuche_panRecord_\"]:has([id^=\"gridSuche_lblUrl_\"]:-abp-contains(Anzeige))","596588":"tonight.de#?#.td_block_wrap:-abp-has(a:-abp-contains(Anzeige))","596642":"um-tv.de#?#.small-12.column.space:-abp-has(p:-abp-contains(--Anzeige--))","596706":"unicum.de#?#.artikel-preview-content:-abp-has(p:-abp-contains(-ANZEIGE-))","596771":"wallstreet-online.de#?#.footnote:-abp-has(.headline-box:-abp-contains(Werbung))","596842":"wallstreet-online.de#?#.module.c1.hidden-xs:-abp-has(span.issuerPromotionHint:-abp-contains(Werbung))","596935":"wallstreet-online.de#?#.newsflash:-abp-has(span.suffix.wo-inline-block.pull-right:-abp-contains(Anzeige))","597032":"wallstreet-online.de#?#.newsflash:-abp-has(span.wo-inline-block:-abp-contains(Anzeige))","597111":"welt.de#?#div[id][data-qa]:-abp-has(.c-buelent-linkbox__label:-abp-contains(Anzeige))","597188":"winfuture-forum.de#?#div.ExtraPostBlock:-abp-has(div.post_block:-abp-contains(Anzeige)):not(.with_rep)","597282":"zentrum-der-gesundheit.de#?#span:-abp-contains(/ANZ|EIGE/) + button","597346":"zentrum-der-gesundheit.de#?#span:-abp-contains(/ANZ|EIGE/) + div"}