{"4749":"agroinform.hu#?#.ez-egy-dc-doboz:-abp-has(> .double_click_doboz)","42344":"5percblog.hu#?#.code-block:-abp-has(script+ins)","42388":"ado.hu#?#.whiteBox:-abp-has(.goAdverticum)","42427":"agrarszektor.hu#?#div#mymodal:-abp-has(#form-popup)","42475":"bien.hu#?#.hidden-xs:-abp-has(>.lablec_alatt)","42517":"bien.hu#?#.hidden-xs:-abp-has(>.weboldal_felett)","42562":"blikkruzs.blikk.hu#?#div:-abp-has(>div[id^=\"div-gpt-ad-\"])","42617":"bpiautosok.hu#?#.widget:-abp-has(h3w:-abp-contains(Támogatóink))","42673":"bpiautosok.hu#?#[class*=\"item_container\"]:-abp-has([class*=\"_tag\"]:-abp-contains(hirdetés))","42756":"bpiautosok.hu#?#center:-abp-has(>font)","42791":"bpiautosok.hu#?#center:-abp-has(> a[href=\"https://bpiautosok.hu/mediaajanlat\"])","42867":"bpiautosok.hu#?#center:-abp-has(> a[href=\"https://bpiautosok.hu/mediaajanlat\"]) + br","42948":"bpiautosok.hu#?#.otw-sidebar:-abp-has(a[href=\"https://bpiautosok.hu/tamogatonk-a-te-ceged-jelenj-meg-nalunk-a-youtube-on-es-a-bpiautosok-hu-n/\"])","43090":"bpiautosok.hu#?#.widget.widget_text:-abp-has(.adsbygoogle)","43145":"budapestkornyeke.hu#?#div[class*=\"widget\"]:-abp-has(>.widgettitle:-abp-contains(Állásajánlat))","43231":"budapestkornyeke.hu#?#div[class*=\"widget\"]:-abp-has(>.widgettitle:-abp-contains(Hirdetés))","43576":"cyberpress.hu#?#.sb-widget:-abp-has(>h4:-abp-contains(Hirdetés))","43632":"egeszsegkalauz.hu#?#.row:-abp-has(>#onet-ad-top)","43677":"egeszsegkalauz.hu#?#.wrapRectangle:-abp-has(>div>span:-abp-contains(Hirdetés))","43747":"egeszsegkalauz.hu#?#div.wrapRectangle:-abp-has(#ad-cikk)","43800":"femina.hu#?#.cikk-torzs [data-miniapp-id]:-abp-has(.femina-shop-ajanlo-slider-hirdetes)","43884":"femina.hu#?#.szelso-jobb > div:-abp-has(>a)","43924":"gyakorikerdesek.hu#?#td.txtcenter:-abp-has(>script+ins)","43976":"harmonikum.co#?#div:-abp-has(>.ai-attributes+script+ins)","44029":"hetek.hu#?#div.row:-abp-has(>div.ads)","44063":"hiros.hu#?#.frame:-abp-has(>span[style^=\"font-size: 11px;\"])","44120":"hu.ign.com#?#div.right-rail:-abp-has(div.ad-wrapper)","44169":"hu.ign.com#?#figure:-abp-has(a[href*=\"ignshop.hu\"])","44217":"idokep.hu#?#.ik:-abp-contains(/^[Hh]irdetés$/)","44316":"jofogas.hu#?#[style*=\"text-align: center;\"]:-abp-has(> .adverticum-label + a)","44390":"kezilabda.hu#?#div[style*=\"margin-bottom:10px\"]:-abp-has(>div:-abp-contains(HIRDETÉS))","44468":"kiszamolo.hu#?#div.ct-div-block:-abp-has(> div.ct-div-block > div.ct-text-block:-abp-contains(Hirdetés))","44564":"koroshircentrum.hu#?#div:-abp-has(>a+h6)","44601":"kosarsport.hu,hunbasket.hu#?##league-selector+.row+.row:-abp-has(.banner)","44671":"life.hu#?#.frip-inline:-abp-has([data-module-name=\"inline-article\"])","44736":"lifestory.hu#?#div.lol:-abp-has(>a[onclick=\"getValue()\"])","44790":"lifestory.hu#?#div.widget:-abp-has(>div.textwidget>p>script)","44847":"mafab.hu#?#div[class=\"container-full\"][style=\"background:#fff\"]:-abp-has(.topadv)","44925":"magyarhang.org,hang.hu#?#.mc-modal:-abp-has(iframe)","44973":"magyarhang.org,hang.hu#?#[id^=\"um-\"]:-abp-has(.fb-page.fb_iframe_widget)","45086":"najlepsie-clanky.com#?#.code-block:-abp-has(script + ins)","45140":"napjainkportal.hu#?#.code-block:-abp-has(>div+ins.adsbygoogle+script)","45206":"nlc.hu#?#.m-breakingLayer:-abp-has(a[href*=\"nlc.hu/balkonfanatik\"])","45270":"prohardver.hu,mobilarena.hu,gamepod.hu,itcafe.hu,hardverapro.hu,fototrend.hu#?#div:-abp-has(>[style*=\"calc\"])","45376":"prohardver.hu,mobilarena.hu,itcafe.hu,gamepod.hu,logout.hu,hardverapro.hu#?#div:-abp-has(>h4 + div[style*=\"calc\"])","45487":"prohardver.hu,mobilarena.hu,itcafe.hu,gamepod.hu,logout.hu#?#div#center:-abp-has(div > div > p > a[style=\"color: #b42223;\"])","45608":"prohardver.hu,hardverapro.hu#?#div[class]:-abp-has(> h4:-abp-contains(/(Hirdetés|[Hh].*i.*r.*d.*e.*t.*é.*s)/) + div[class])","45723":"szeged365.hu#?#[id^=\"tie-block\"]:-abp-has(.stream-title)","45776":"ugytudjuk.hu#?#.row:-abp-has(.mainTopBnr)","64605":"autosjog.hu#?#p + center:-abp-has(iframe[data-src*=\"facebook\"])","64665":"femina.hu#?#.cikk-torzs [data-miniapp-id]:-abp-has(.lapozgato-ajanlo)","64731":"hirado.hu#?#.hover_bkgr_fricc:-abp-has(.facebookPopupCloseButton)","64793":"infostart.hu#?##sitemodal:-abp-has(.fb-button)"}