{"5890":"blogsazan.com##.blog_center_bar > .main_title:has-text(مطالب پیشنهادی)","5963":"blogsazan.com##.blog_right_bar > .main_title:has-text(آخرین مطالب مجله)","6037":"blogsazan.com##.blog_right_bar > .main_title:has-text(آخرین مطالب مجله) + .main_content_free","6195":"blogsazan.com##.main_content[style=\"border-radius:10px;\"] > div[style=\"padding: 10px; text-align:center; font-size:13px;\"] > a:upward(.main_content)","6404":"eramblog.com#$?#div#macy-container > article:has(> div.articlebox > div.icons:has-text(تبلیغات)) { remove: true; }","6656":"eramblog.com##div.main_title:has(> span:has-text(مطالب پیشنهادی از سراسر وب))","17942":"[$path=/^((?!\\/category\\/رپرتاژ-آگهی).)*$/]appreview.ir##.archive-blog > article > figure > .entry-category:has-text(رپرتاژ آگهی):upward(article)","18550":"anzalweb.ir##aside > div > span > a.ani[target=\"_blank\"][title]:upward(div)","18628":"[$path=/^((?!category/رپرتاژ).)*$/]anzalweb.ir##article > footer > span.post-meta-cat:has-text(رپرتاژ):upward(article)","18976":"avaz-kurd.ir##.page-body > .post:not(article) > .yn-bnr:empty:upward(.post)","19054":"avaz-kurd.ir##.page-body > .post:not(article) > [id^=\"pos-article-\"]:empty:upward(.post)","19145":"avaz-kurd.ir##.sidebar-right > .box > .title:has-text(لینک های مفید):upward(.box)","19327":"artmusics.top##aside.left > div.box > div.title:has-text(تبلیغات):upward(div.box)","20190":"androidzoom.ir###sidebar .widget div[id^=\"kaprila_linktable\"]:upward(.widget)","20270":"androidzoom.ir###sidebar .widget a[href*=\"faradars.org\"] > img[alt*=\"فرادرس\"]:upward(.widget)","20501":"akharinnews.com##.yn-bnr:upward(.custom)","20794":"asandl.com##.widget-asan > span > a:upward(.widget-asan)","21104":"arga-mag.com##.menu_left-side-ads:upward(.boxsh)","21155":"arga-mag.com##.menu_right-side-ads:upward(.boxsh)","21207":"arga-mag.com###yektanet-pos-2:upward(.boxsh)","21562":"amazing.ir##.widget > .widget-top:has-text(آگهی متنی):upward(.widget)","21844":"alamto.com##.sidebar.col-4 > ul > li > h4:has-text(رپورتاژ آگهی):upward(li)","22016":"androidgozar.com##.post-sticky:upward(.row)","22370":"aparat.com##div.video-list:has(> div > div:has(span.ad:has-text(AD)))","23005":"aftabir.com##.carousel-inner > .item > .row > .col-md-4 > article:has(a[href*=\"aftabir.com/reportages\"]):upward(.col-md-4)","23266":"aftabir.com##.block > header > h2:has-text(/وبگردی|نیازمندی|رپرتاژ/):upward(.block)","24697":"apktops.ir##.spcontent:upward(.post)","24736":"apktops.ir##.post-article > .content > .row .entry-content:has-text(اسپاتیفای پرمیوم از APKTOPS):upward(.post-article)","27491":"bazimag.com###yt_spotlight3 .klatest-items-div > .modtitle:has-text(تبلیغات متنی):upward(.klatest-items-div)","27660":"blogsazan.com###macy-container > article > .articlebox > a[href*=\"/blogsazan.com/mag/reportage\"]:upward(article)","27912":"bazdeh.org##.widget > .section-heading > .h-text:has-text(لینکستون):upward(.widget)","29840":"bartarinha.ir##section.text_type_holder:has(> header.header_section > h4:has-text(تبلیغات متنی))","32113":"charbzaban.com##.widget:has(.widgettitle:has-text(/پیشنهاد|مفید/))","32296":"chetor.com##.linkbox:upward(4)","33108":"coffeeapps.ir#$?#style:has-text(@media print) { remove: true; }","33230":"coffeeapps.ir###sidebar > .block > h5:has-text(لینک های متنی):upward(.block)","34443":"darkroid.ir##a.dl-btn:has(> span:has-text(ads))","35847":"dlrozaneh.ir##.linkbox > header:has-text(تبلیغات متنی):upward(.linkbox)","36083":"deltapayam.com##.bd-sidebar > div > .widget > .block-title:has-text(تبلیغات):upward(.widget)","37428":"digiro.ir##.main-term-none > .listing > .type-post > .item-inner > .post-meta > .post-author-a > .author:has-text(واحد تبلیغات):upward(.type-post)","37577":"digiro.ir##.main-term-none > .listing > .type-post > .item-inner > .featured > .term-badges:has-text(رپورتاژ آگهی):upward(.type-post)","39351":"donya-e-eqtesad.com##.general-box:has(.box-header:has-text(وب گردی))","39619":"[$path=/^((?!\\/رپورتاژ).)*$/]downloadsoftware.ir##.art-post > .head-post > .cat-post:has-text(رپورتاژ):upward(.art-post)","40092":"downloadly.ir###kaprila_downloadly_ir_static-post:upward(.g-cols)","40160":"downloadly.ir###kaprila_downloadly_ir_top-side:upward(.g-cols)","40225":"downloadly.ir###kaprila_downloadly_ir_side-2:upward(.g-cols)","40288":"downloadly.ir###kaprila_linktable:upward(.g-cols)","40340":"downloadly.ir##.postfixedafterpost:upward(.g-cols)","40681":"digiboy.ir##div.slider-tab-ring:has(> h4.extra-menu:has-text(حامیان ما))","41538":"digiato.com###primary:not(> .categoriesPageHead:has-text(رپورتاژ آگهی)).rowList > li:has(a[href*=\"/promoted/\"])","42412":"www.digikala.com##div.flex.w-full > div.grow.min-w-0 > div[class*=\"styles_PdpProductContent__s\"]:has(> div.break-words > div.text-body-2:has-text(آگهی‌شده))","42689":"digikala.com##div.py-2:has(> div.items-center > div.swiper-container > div.swiper-wrapper > div.swiper-slide > div.h-full > div.flex > span.text-caption:has-text(سفارشی))","45338":"elmevarzesh.com##.footer-content .tag-cloud:upward(.foot-col)","46802":"ecoiran.com##.latestContents:has(.bTitle:has-text(وب گردی))","47357":"entekhab.ir##div.sp_ln_box_title:has-text(نیازمندیها)","48250":"elmefarda.com##div#sidebar300 > div.mywidget > div.titles:has-text(تبلیغات)","48328":"elmefarda.com##div#sidebar300 > div.mywidget > div.titles:has-text(تبلیغات) + div.titline","48461":"elmefarda.com##div.mywidget:has(> div.titles:has-text(تبلیغات متنی))","50424":"filmnet.ir##div#player-container svg[width=\"48\"][height=\"48\"][viewBox=\"0 0 64 64\"] > g[opacity=\"0.6\"]:upward(svg)","50722":"filmsky.ir##.widget > .widget_title:has-text(پیوندهای مفید):upward(.widget)","50800":"farsifilm.ir##.aside-inner > .widget-sidebar > .title:has-text(/بنر شماره|تبلیغات متنی/):upward(.widget-sidebar)","51410":"farachart.com##div.sidebar > div.widget:has(> div.widget-head > h3:has-text(تبلیغات))","51498":"farachart.com##div.g:has(> div.g-col > span[style]:has-text(تبلیغات)):has( div.post-link-box1)","53688":"farnet.io##.content-column:not(> .archive-title:has-text(رپرتاژ تبلیغاتی)) .item-inner:has(a[href*=\"/pr/\"])","55627":"gamemods.ir##div#sidebar > aside > section.widget_text:has(> a > h5:has-text(تبلیغات))","56257":"7ganj.ir##.herald-sidebar .widget:has(.widget-title:has-text(تبلیغات)) p:not(:has(a[href*=\"kurdsoft\"])):not(:has(a[href*=\"7ganj.ir\"]))","56716":"gamesetup.ir##.sidebar > .box > .behtarinbacklink:upward(.box)","58132":"ghatreh.com##table > tbody > tr > td > .dagh > strong:has-text(اخبار تبلیغاتی)","58430":"graphiran.com##div[id$=\"col-up\"]:has-text(تبلیغات)","58483":"graphiran.com##div[id$=\"col-up\"]:has-text(تبلیغات) + div[id$=\"col-body\"]","59454":"harmonydl.us##.cside1 > .hside2:has-text(تبلیغات):upward(.cside1)","59899":"hamtamovie.nl##section#left-side > aside > h4:has-text(تبلیغات):upward(aside)","60116":"harfetaze.com##aside.sidebar-right > div.box:has(> div.title > h4.title-text:has-text(تبلیغات متنی))","60550":"hamshahrionline.ir###ads-container > .box > header:has-text(وبگردی):upward(.box)","61024":"iranidata.com##.m-ads:upward(.sidebar-left-item.content)","61918":"imna.ir##.box:has(header:has-text(تبلیغات متنی))","62812":"my.irancell.ir##div[class^=\"css-\"][dir=\"auto\"]:has-text(بازارگاه)","62880":"my.irancell.ir##div[class^=\"css-\"][dir=\"auto\"]:has-text(بازارگاه) + div[class^=\"css-\"]:empty + div[class^=\"css-\"]:has(> div[class^=\"css-\"][style] > div[class^=\"css-\"]:empty + div[class^=\"css-\"][style] > div[style=\"width: 25%;\"] > div[tabindex=\"0\"][style=\"transition-duration: 0s;\"])","64675":"iranjib.ir##div#column3 > table.sidea > tbody > tr:has(> td > div.mybox > h4:has-text(تبلیغات متنی))","66882":"jafekri.com#$?#style:has-text(@media print) { remove: true; }","69045":"kihanb.ir#$?#style:has-text(user-select) { remove: true; }","69105":"kihanb.ir#$?#style[media=\"print\"]:has-text(display:none) { remove: true; }","69235":"khodrotak.com##section.other_news > header:has-text(رپرتاژ)","69297":"khodrotak.com##section.other_news > header:has-text(رپرتاژ) + div","69787":"khodropluss.ir##.aside_boxs > .title_nt_box:has-text(تبلیغ):upward(.aside_boxs)","70222":"khanefootball.com##.bahavadaran-news > .header-section:has-text(دیگر رسانه ها)","71055":"konkur.in##.part-content-wordpres > .title-section:has-text(پست تبلیغاتی):upward(.part-content-wordpres)","71162":"konkur.in##.small-tab-news > .sidebar-news > ul:has-text(تبلیغات متنی):upward(.small-tab-news)","71259":"konkur.in##section.tabliqat-text > header:has-text(تبلیغات متنی):upward(section.tabliqat-text)","73589":"khabarpu.com##.rbox .rbox-h:has-text(تبلیغات):upward(.rbox)","74070":"kalakamuz.ir##div.sidebar > div.box:has(div.row:has-text(تبلیغات))","74924":"lordroid.com##.lnk > center > a > img[alt=\"ADS\"]:upward(center)","74990":"lordroid.com##.footer_column > div > ul > li > a:has-text(طراحی سایت)","75123":"listen2music.ir##.side_left > .side > .title:has-text(تبلیغات متنی):upward(.side_left)","76129":"mihantrader.com##div.text-white:has(> div:has-text(AD))","76750":"mohandescenter.ir##div.col-12 div#ctl00_topModule1_pnlTop:has(> div.divleftmod > div.py-2 > strong:has-text(جت سئو))","76983":"mediat.ir##div.elementor > section > div.elementor-container:has(h2.heading-title:has-text(لینک‌های کاربردی))","79469":"mihand.ir##.entry:has(.title:has-text(تبلیغات))","81320":"mybia4music.com##aside#left > .box > .title:has-text(تبلیغات):upward(.box)","81503":"marzfun.com##aside:has(aside>div>div>span:has-text(تبلیغ))","82114":"moderndl.com##.sidebar_item > .sidebar_item__inner > .sidebar_item__title:has-text(تبلیغات متنی):upward(.sidebar_item)","84782":"nex11music.ir,show-music.ir##div.side_left > div.side > div.title:has-text(تبلیغات متنی):upward(div.side)","85488":"niniban.com##section:has(> header > h4:has-text(تبلیغات متنی))","87526":"55online.news###webgardi_list:upward(.section_cnt)","89697":"plaza.ir##.post > .post__content > .post__category:has-text(رپورتاژ آگهی):upward(.post)","89869":"par30media.com##.right-sidebar > aside > .tit-side:has-text(لینک های مفید):upward(aside)","90311":"power-music.ir##.sidbar > p > strong:has-text(پیوندها):upward(.sidbar)","91099":"p30konkor.com#$?#style:has-text(@media print) { remove: true; }","95093":"1pezeshk.com##div.wpb_column:has(h3.section-heading:has-text(رپورتاژ))","95166":"1pezeshk.com##div#custom_html-3:has(p.section-heading:has-text(رپورتاژ))","95241":"1pezeshk.com##div.wpb_column:has(div.section-heading:has-text(آگهی متنی))","95317":"1pezeshk.com##div.wbie:has(div.section-heading:has-text(آگهی متنی))","98470":"rokna.net##div.margin-bottom-16 > section.various-cnt:has(> header.default-header > h2.title:has-text(بازرگانی))","98614":"rokna.net##header.default-header-2 > h2.title:has-text(وبگردی)","100902":"subkade.ir##aside.widget-area > div > div.sk-side:has(> div.sk-side-title > h2:has-text(دانلود فیلم و سریال جدید))","101019":"subkade.ir##aside.widget-area > div > div.sk-side:has(> div.sk-side-title > h2:has-text(لوازم جانبی کامپیوتر و موبایل))","103439":"sclinic.ir#$?#style:has-text(@media print) { remove: true; }","103802":"sariasan.com##.widget > h3:has-text(مطالب مفید):upward(.widget)","104840":"salameno.com##.box:has(header:has-text(مفید))","105883":"sheypoor.com##main.mainV2 div:has(> section > a > div > div > span:has-text(تبلیغات))","105971":"sheypoor.com##main.mainV2 div:has(> section > div > div > h2 > p:has-text(/^Ad$/))","106077":"shereno.com##.widget:has(.widget_title:has-text(پیوند))","108866":"sakhtafzarmag.com##.dinu:upward(.widget)","109169":"sarzamindownload.com##.OpenTable > div > center > a[rel=\"nofollow\"] > .img-responsive:upward(.OpenTable)","109276":"sarzamindownload.com##.GSBlock > div > .title > h3:has-text(لینک های ویژه):upward(.GSBlock)","109370":"sarzamindownload.com##.OpenTable > h2:has-text(مقالات):upward(.OpenTable)","109446":"sarzamindownload.com##.GSLiveTab > .tab_container1 > #tab3 > h2:has-text(مقالات):upward(.GSLiveTab)","111966":"skinak.ir##div.left-body:has(> div.left-title:has-text(لینک دوستان))","112684":"[$path=/^((?!\\/fa\\/news\\/pr).)*$/]shahrsakhtafzar.com##.items-row:has(.sazitem_imgcat:has-text(رپورتاژ آگهی))","113630":"saednews.com##div.px-3:has(a > span:has-text(AD))","113879":"saat24.news##li[id^=\"ad\"]:upward(section.box)","113927":"saat24.news##section.box ul > li.bklnk:upward(section.box)","116859":"technews-iran.com##.sidebar > .d-flex > aside > section > figure:has(a[href*=\"ad.technews-iran.com/\"]):upward(.sidebar)","118851":"torob.com##div.buy_box > a.cheapest-seller-wrapper > div.online_seller div.online_badge:has-text(آگهی):upward(div.buy_box)","119975":"takmili.com#$?#style:has-text(wccp) { remove: true; }","120030":"takmili.com#$?#style:has-text(user-select) { remove: true; }","120281":"[$path=/^((?!category/website/reportage).)*$/]techfars.com##.box:has-text(رپورتاژ آگهی)","120579":"techna.news##[class=\"widget_text sidebar-box\"]:has-text(تبلیغ)","120644":"techna.news##[class=\"widget_text sidebar-box\"]:has-text(وبگردی)","121541":"texahang.org##div.right-sidebar > aside:has(> div.tit-side:has-text(پیوندهای داغ))","121954":"techrato.com##.widget > p > #KajAds_Panel:upward(.widget)","122014":"[$path=/^((?!tag/رپورتاژ-آگهی).)*$/]techrato.com##.posts-list > article.tag-8164 > .clearfix > a[class=\"title\"][href$=\"reportage/\"]:upward(article)","122534":"tabnak.ir##.film_box:has-text(مدرسه آنلاین)","122580":"tabnak.ir##.stitle_box:has(.top_title:has-text(وب گردی))","122639":"tabnak.ir##.box:has(.top_title:has-text(نیازمندیها))","124402":"toranji.ir###mostvisited:has(.widget-title:has-text(تبلیغات متنی))","126468":"tarafdari.com##aside.column-side > div.block:has(> div.block-title:has-text(وبگردی))","126692":"takskin.com##div.col-md-3 > .box.style-1 > .box-header:has-text(/تبلیغات رپورتاژ|لوگو اسپانسر/):upward(.box)","126847":"taknaz.ir##section#RightPanel > div.RBC > div.CCTS:has-text(تبلیغات متنی):upward(div.RBC)","127438":"uptrack.ir##aside.widget_text > div.aside_box_title:has-text(لینک های ویژه):upward(aside.widget_text)","129863":"vipofilm.com##aside > .title:has-text(تبلیغات):upward(aside)","131248":"vazeh.com##div.main > div.mainx1 > div:has(> span.side-title:has-text(تبلیغات))","133523":"youc.ir##.widget > .widget-title:has-text(تبلیغات):upward(.widget)","133592":"[$path=/^((?!\\/author\\/d-reportages).)*$/]youc.ir##ul#posts-container > li.post-item > .post-details > .post-meta > .author-meta:has-text(دپارتمان تبلیغات):upward(li.post-item)","135662":"zibamoon.com##.LeftSide > .TableOfContent > div[style=\"text-align:center;\"]:has-text(صفحات مرتبط):upward(.TableOfContent)","136759":"zoomit.ir,zoomg.ir##div[class][width=\"100%\"][height=\"100%\"][style]:empty:upward(3)","136844":"zoomit.ir,zoomg.ir##div[class][width=\"100%\"][height=\"100%\"][style]:empty:matches-css-after(animation: 1.6s linear 0.5s infinite normal none running waveKeyframe):upward(3)","227616":"takvim.tj##a[name^=Advertisement]:upward(.wb_element)","227816":"benawa.com##.benawa_contentarea .benawa_treeads:upward(.benawa_contentarea)"}