{"81730":"bahianoticias.com.br##div[class]:has(> h2:contains(/^Compartilhar$/))","87692":"noticiasaominuto.com##p.text-center:contains(Partilhe a notícia)","88860":"rskrf.ru##.news-bottom-info > span.simple-list__title:contains(/^Поделиться/)","94675":"github.blog##.flex-items-center > ul:has(> li > span:contains(Share:))","94890":"pragmaticengineer.com##.pencraft > div.pencraft:has(> a.post-ufi-button > div:contains(Share))","113545":"gamefile.news##.pencraft > div.pencraft:has(> a.post-ufi-button > div.label:contains(Share))","682646":"my-best.com##p.text:contains(/^SHARE$/)"}