{"181524":"adnkronos.com#?#.cont-ev-list:-abp-has(.title-channel:-abp-contains(in Evidenza))","181597":"agi.it#?#.agi-article-card:-abp-has(.article-category:-abp-contains(BRANDED CONTENT))","181674":"cronacadiverona.com#?#.td_block_template_1:-abp-has(.td-block-title-wrap:-abp-contains(Banner))","181761":"forum-wranglermania.com#?#.box:has(.box-head:-abp-contains(WM Sponsor))","181829":"guadagna.net#?#center:-abp-has(a:-abp-contains(Esponi i tuoi banner sul forum))","181900":"ilpiccolo.net#?#.article:has(div.categories:-abp-contains(pubbliredazionale))","181974":"ilprogettistaindustriale.it#?#.td_block_wrap:-abp-has(span:-abp-contains(Contenuti sponsorizzati))","182064":"impiego24.it#?#.boxAnnunci:-abp-has(h4:-abp-contains(Annuncio pubblicitario))","182133":"investire.biz#?#.container-fluid.py-3.bg-white-color.pl-5.pr-5:-abp-has(.text-black.weight-400.mb-0:-abp-contains(I Nostri Partners))","182258":"lalaziosiamonoi.it#?#.testo > div:-abp-has(b:-abp-contains(PARTNERS COMMERCIALI))","182331":"laleggepertutti.it#?#.cl-amp-important-information:-abp-has(div:-abp-contains(Annuncio pubblicitario))","182425":"laleggepertutti.it#?#.custom-html:-abp-has(div:-abp-contains(Annuncio pubblicitario))","182502":"logisticanews.it#?#.td_block_wrap:-abp-has(a:-abp-contains(Contenuti sponsorizzati))","182578":"lospiffero.com#?#.article-blog-default:-abp-has(span:-abp-contains(CONTENUTO SPONSORIZZATO))","182662":"mediamarkt.ch,mediaworld.it#?#li[data-index-number]:-abp-has([data-test=\"mms-product-card\"]:-abp-contains(Sponsorizzati))","182775":"paginegialle.it#?#.search-itm:-abp-has(.search-itm__label:-abp-contains(annuncio))","182849":"pharmacyscanner.it#?#.similar-post-holder:-abp-has(.categoria:-abp-contains(Post sponsorizzato))","182937":"radioluna.it#?#.feat-widget-wrap:-abp-has(div:-abp-contains(INFORMAZIONE REDAZIONALE))","183015":"technofashion.it#?#.td_block_wrap:-abp-has(span:-abp-contains(Advertorial))","183082":"tgcom24.mediaset.it#?#div[data-testid=\"section\"]:-abp-has(span:-abp-contains(Contenuto sponsorizzato))","183176":"tuttoandroid.net#?#.card.dark:-abp-has(span:-abp-contains(Adv))"}