{"11882":"18comic.org,18comic.vip,18-comic.work#@?#:-abp-has(>ins+script)","170225":"18comic.org,18comic.vip,jmcomic1.city,jmcomic1.win#@?#:-abp-has(>script[src*=\".realsrv.com\"])","170378":"ruanyifeng.com#@?#.asset-content > p:-abp-contains(/二维|助教|0 元|报名费|原价/) + p + p > img","170459":"ruanyifeng.com#@?#.asset-content > p:-abp-contains(/二维|助教|0 元|报名费|原价/) + p > img","418870":"bing.com#?#.b_algo:-abp-has(.ad_esltitle)","418908":"bing.com#?#.b_algo:-abp-has(.b_ads1line)","418945":"bing.com#?#.sb_form_placeholder:-abp-has(>.ad-ghost-slug)","419017":"mydrivers.com#?#li:-abp-has(>.titl+:-abp-contains(好 物))","460075":"douyin.com#?##videoSideBar:-abp-has(div:-abp-contains(/商品|商家|退款|店铺/))","560981":"114la.com#?#.sortItem:-abp-has(> dIV[class] > .FeedADClose)","561037":"141jj.com#?#li:-abp-contains(/贊助|推廣/)","561071":"159i.com#?#.style15:-abp-has(> img[src=\"//159i.com/images/arrow3.gif\"])","561139":"159i.com#?#:-abp-has(> img[src*=\"gif\"])","561175":"159i.com#?#div:-abp-has(> img+a)","561204":"1point3acres.com#?#div[id^=\"portal_block\"]:-abp-has(a[href*=\"fiverr.com\"])","561275":"2345.com#?#.pic:-abp-has(a[href^=\"http://g.wan.\"])","561322":"3dmgame.com#?#.downl_list:-abp-has(style)","561360":"3g.baidu.com,m.baidu.com,m5.baidu.com,www.baidu.com#?#div:-abp-has(>.openBox-container)","561444":"3g.baidu.com,m.baidu.com,m5.baidu.com,www.baidu.com#?#div:-abp-has(>div[id$=\"_1\"]+div[id$=\"_5\"])","561537":"423down.com#?#.post-related > ul > li:-abp-has(> a[href^=\"http\"]:not([href*=\"423down.\"]))","561623":"423down.com#?#li:-abp-has(> .pic[href^=\"http\"]:not([href*=\"423down.\"]))","578466":"ablesci.com#?#.fly-panel:-abp-has(img[src*=\"-hongbao.\"])","578519":"amazon.cn#?#.s-result-item:-abp-has(> .s-item-container > h5 .s-sponsored-info-icon)","578687":"cn.bing.com#?##b_results > li:-abp-has(.b_adProvider)","578737":"baidu.com#?#.c-gap-bottom-small:-abp-has(>a>div>div[class^=\"jr-stock-open-account-\"])","578819":"baidu.com#?#.container:-abp-has(>.bottom-section>.item_voice_room[data-yysid])","578894":"baidu.com#?#.container_frs:-abp-has(>.voice_room_card_frs[data-url*=\"yylive\"])","578969":"baidu.com,bdimg.com,tieba.com#?#.l_post:-abp-has(div[class*=\" fc-\"])","579034":"baidu.com,bdimg.com,tieba.com#?#.thread_item_box:-abp-has(div[class*=\" fc-\"])","579108":"bdimg.com,tieba.baidu.com,tieba.com#?#.tl_shadow:-abp-has(> .ti_item > .ti_infos > .label_text_tag:-abp-contains(广告))","579217":"benyixiwang.com#?#p:-abp-has(a[href=\"http://www.sm9166.com\"])","579275":"bilibili.com#?#.eva-extension-body > .bili-video-card:-abp-has(.bili-video-card__info--ad)","579362":"bilibili.com#?#.video-card-common:-abp-has(>.card-pic>a[href*=\"cm.bilibili.com\"][data-target-url])","579457":"bilibili.com#?#.video-page-special-card-small:-abp-has(>.card-box>.info>a[href^=\"http\"]:not([href*=\".bilibili.com/\"]))","579572":"bing.com#?#li[class=\"b_algo\"]:-abp-has(.b_attribution[data-partnertag]+p[class])","580499":"btmulu.com#?#.item:-abp-has(> a[target=\"_blank\"])","580545":"cartoon18.com#?#.row:-abp-has(.badge:-abp-contains(ad))","580628":"chbeyond.cn#?#a:-abp-has(> .xcybk-adfg)","580664":"cnyes.com#?#.content-main > div:-abp-has(>div[id^=\"div-gpt-ad\"])","580725":"cnyes.com#?#article > div:-abp-has(>div[id^=\"div-gpt-ad\"])","580780":"copyfuture.com#?#.tabbable > div:-abp-contains(宝红)","580854":"czzy.top,czzy77.com#?#.swiper-slide:-abp-has(a[href^=\"http\"]:not([href*=\"czzy\"]))","580932":"6parknews.com#?##d_list > ul > li:-abp-has(a[href^=\"http\"]:not([href*=\"6parknews\"]))","601816":"douban.com#?#.rec_topics:-abp-has(>.rec_topics_name[href^=\"https://erebor.douban.\"])","601897":"doubiuser.github.io,doubibackup.com#?#.custom-html-widget:-abp-has(div[style^=\"position\"])","601984":"douyin.com#?#.xgplayer>div[class]:-abp-has(svg[height=\"16\"][width=\"30\"])","602053":"douyu.com#?#.SharePanel:-abp-has(> .SharePanel-content > .SharePanel-contentTitle:-abp-contains(福利))","602145":"douyu.com#?#.bc-wrapper:-abp-has(>.wm-view>div>.isLink[href*=\".qualtrics.com/\"])","602222":"douyu.com#?#.wm-general:-abp-has(.link[href*=\".tmall.com\"])","602327":"engadget.com#?#.Py\\(40px\\):-abp-has(> article > .D\\(f\\) > .Pos\\(r\\)[data-ylk*=\":AD;\"])","602410":"fishpi.cn#?#.module:-abp-has(>.ad)","602517":"guilinlife.com#?#li:-abp-has(> div > .content-other > .content-type:-abp-contains(广告))","602617":"hao.360.com#?#.cube-mod:-abp-has(.dh-cpcad-container)","602667":"hdhive.online#?#.mt-4:-abp-has(>.text-lg)","602705":"huya.com#?#.item-pic:-abp-has(>.img-tips)","602743":"ifeng.com#?#.box_list:-abp-has(.tuig)","602777":"ifeng.com#?#div[class^=\"titleImg-\"]:-abp-has(span[class^=\"source-\"]:-abp-contains(推广))","602916":"image.baidu.com#?#.newfcImgli:-abp-has(.fc-ad-tip)","602963":"image.so.com#?#.cell:-abp-has(.txt:-abp-contains(广告))","603008":"image.so.com#?#.imgcell:-abp-has(.txt:-abp-contains(广告))","604572":"iqshv.com#?#.post-list-item:-abp-has(.thumb-link[href^=\"http\"]:not([href*=\".iqshv.\"]))","604655":"itdog.cn#?#.card:-abp-has(.partner>a[href*=\".jimcloud.net\"])","604712":"ithome.com#?#.placeholder:-abp-has(> a > .plc-con > .plc-footer > .tip-gray)","604785":"ithome.com#?#li:-abp-has(>.block a[href*=\"/lapin.\"])","604834":"jianshu.com#?#div[id]:-abp-has(> .ad-badge)","604874":"jin10.com#?#.jin-timeline:-abp-has(.jin-tag)","604915":"kostool.cn#?#div:-abp-has(> h1:-abp-contains(推广))","604998":"ldqk.xyz,masuit.com#?#.panel:-abp-has(>.panel-body>a>img)","605052":"lenovo.com.cn#?#.imgNewText:-abp-has(>footer>.info>.source:-abp-contains(/广告/))","605123":"lenovo.com.cn#?#a:-abp-has(>div>p:-abp-contains(广告))","605690":"libaclub.com#?#.ui-list-item:-abp-has(>.ui-list-item-title>a[onclick^=\"SendAd\"])","605767":"lihkg.com#?#div[class^=\"_\"]:-abp-has(>div>div>.adsbygoogle)","605823":"linkedin.com#?#.core-rail > div > div[id^=\"ember\"]:-abp-has(.feed-shared-actor__description span:-abp-contains(/促銷內容|广告/))","605937":"linkedin.com#?#.core-rail > div > div[id^=\"ember\"]:-abp-has(.feed-shared-actor__sub-description span:-abp-contains(/促銷內容|广告/))","606055":"manhuadb.com#?#.comicbook-index:-abp-has(>a[href^=\"http\"])","606110":"moegirl.org.cn#?#.capsule-card:-abp-has(.n-tag)","606154":"mongoing.com#?#.widget_custom_html:-abp-has(> .custom-html-widget > a[href^=\"http\"]:not([href*=\"mongoing.com\"]))","606263":"mrmad.com.tw#?#div[id^=\"mrmad-\"]:-abp-has(>.adsbygoogle)","606316":"muchong.com#?#.forum_Post_index:-abp-has(nobr:-abp-contains(18))","606372":"mydowndown.com#?#.bs-component:-abp-has(>a[href*=\"97jez.com\"])","606431":"mydrivers.com#?#li:-abp-has(>.titl+:-abp-contains(/广*告/))","606480":"mydrivers.com#?#li:-abp-has(>.titl+:-abp-contains(/推*广/))","606529":"mydrivers.com#?#li:-abp-has(>.titl+:-abp-contains(好物))","606575":"news.baidu.com#?#.index-list-item:-abp-has(.tip-time:-abp-contains(广告))","606638":"news.sohu.com,www.sohu.com#?#.list16 > ul > li:-abp-contains(广告)","606699":"nfmovies.com#?#div[id]:-abp-has(>img[onclick=\"openurl()\"])","606754":"nfstar.net#?#.myui-panel-bg:-abp-has(strong:-abp-contains(广告))","606808":"novipnoad.com#?#.video-item:-abp-has(img[src*=\"/bd/\"])","607377":"isiyuan.net#?##page-list > ul > .layui-row:-abp-has(.ad)","607430":"zn513.cc#?##portal_block_69_content > li:-abp-has(a[href^=\"http\"])","607493":"ruanyifeng.com#?#.asset-content > p:-abp-contains(/二维|助教|0 元|报名费|原价/) + p + p > img","607573":"ruanyifeng.com#?#.asset-content > p:-abp-contains(/二维|助教|0 元|报名费|原价/) + p > img","607649":"runoob.com#?#.sidebar-box:-abp-has(.re-600160)","607692":"samsung.com#?#.template-item:-abp-has(> .wrap-sub-title > div > .ad)","608067":"sogou.com#?#div[class^=\"right-feedback\"]:-abp-has(>.list-step-title:-abp-contains(网游))","611588":"toutiao.com#?#.has_action:-abp-has(> .icon_ad)","611768":"v2ex.com#?#.box:-abp-has(>.inner>div>span[style]:-abp-contains(Sponsored))","611865":"wealth.com.tw#?#div[class]:-abp-has(>div[class]>div[class*=\"-ad-manager-\"])","611937":"weibo.com#?#.card-content > ul > li:-abp-has(> p > .icon-txt-recommend)","612005":"weibo.com#?#.card-content > ul > li:-abp-has(>a[action-type=\"realtimehot_ad\"])","612080":"weibo.com#?#.card-wrap:-abp-has(> .card-film > .card-head > .title:-abp-contains(广告))","612157":"weibo.com#?#.card-wrap:-abp-has(>.card-top>.s-fr:-abp-contains(广告))","612216":"weibo.com#?#.card-wrap:-abp-has(>.card>i[style*=\"%E5%B9%\"])","612272":"weibo.com#?#.vue-recycle-scroller__item-view:-abp-has(.wbpro-ad-tag:-abp-contains(广告))","612350":"weibo.com#?#.vue-recycle-scroller__item-view:-abp-has(div[class*=\"head-info_\"]>div:-abp-contains(热推))","612443":"weibo.com#?#.vue-recycle-scroller__item-view:-abp-has(div[class*=\"head-info_\"]>img[src^=\"data\"])","612536":"weibo.com#?#.vue-recycle-scroller__item-view:-abp-has(img[class^=\"head-info_authicon_\"][src^=\"data\"])","612634":"weibo.com#?#.vue-recycle-scroller__item-view:-abp-has(span[class^=\"wbpro-icon-search\"]:-abp-contains(/商|上新|好物/))","612738":"weibo.com#?#.wbpro-side-panel:-abp-has(span[class^=\"wbpro-icon-search\"]:-abp-contains(商))","612819":"weibo.com#?#tr:-abp-has(> .td-03 > .icon-txt-recommend)","612871":"wenxuecity.com#?#div:-abp-has(>label[class^=\"adlab\"])","612921":"wezhicms.com#?#.card-main:-abp-has(.waimai-item-img)","612970":"x6d.com#?#li:-abp-has(>.myad)","612996":"yahoo.com#?#.js-stream-content:-abp-has(a[href*=\".promotions.\"])","613057":"yahoo.com#?#.js-stream-content:-abp-has(div:-abp-contains(雅虎搜尋))","613113":"yahoo.com#?#.stream-item:-abp-has(>div>div>div>span:-abp-contains(即日熱搜))","613177":"yahoo.com#?#.wafer-beacon:-abp-has(a[data-ylk*=\":ad;\"])","613229":"ying35.com#?#table:-abp-has(a[href*=\"/fei-ad\"])","613273":"ypojie.com#?#.excerpt:-abp-has(>.focus[href^=\"http\"]:not([href*=\"ypojie\"]))","613345":"yyets.click#?#.MuiBadge-root:-abp-has(>a[href*=\"/maomao.cloud/\"])","613407":"zhihu.com#?#.TopstoryItem:-abp-has(.Popover > .TopstoryItem-advertButton)","646769":"18-comicfrieren.xyz,18comic.org,18comic.vip#?#:-abp-has(>ins+div)","646831":"18-comicfrieren.xyz,18comic.org,18comic.vip#?#:-abp-has(>ins+script)","646896":"18-comicfrieren.xyz,18comic.org,18comic.vip#?#:-abp-has(>ins+style)","646960":"18-comicfrieren.xyz,18comic.org,18comic.vip#?#:-abp-has(>script+ins)","647025":"18-comicfrieren.xyz,18comic.org,18comic.vip#?#:not(body):-abp-has(>script[src*=\".realsrv.com\"])","647799":"58.com#?#.ac_item:-abp-has(.jingpin)","647832":"58.com#?#.business_main:-abp-has(> .business_desc > .left > .ding_icon)","647900":"58.com#?#.zzinfo:-abp-has(.zhiding_icon)","647937":"58.com#?#LI[sortid]:-abp-has(.icon-jingxuan)","647978":"58.com#?#LI[sortid]:-abp-has(.icon-zhiding)","648018":"58.com#?#LI[sortid]:-abp-has(.jinico)","648052":"58.com#?#TR[logr]:-abp-has(> .t > .mt-p-tit > .jingpin)","648104":"58.com#?#tr[sortid]:-abp-has(> .t > .ico.accurate)","648805":"91porny.org,jstv600.com,x9av7.com#?#.card:-abp-has(>.card-image>a[href^=\"http\"])","649652":"ipv6.baidu.com,www.baidu.com,www1.baidu.com,xueshu.baidu.com#?##content_left > [class]:-abp-has(span[data-tuiguang])","649866":"ipv6.baidu.com,www.baidu.com,www1.baidu.com,xueshu.baidu.com#?##content_left > div:-abp-has(.ec-tuiguang)","649968":"ipv6.baidu.com,www.baidu.com,www1.baidu.com,xueshu.baidu.com#?##content_right > [class]:-abp-has(span[data-tuiguang])","650082":"ipv6.baidu.com,www.baidu.com,www1.baidu.com,xueshu.baidu.com#?##content_right > div:-abp-has(.ec-tuiguang)","650268":"ipv6.baidu.com,xueshu.baidu.com,www.baidu.com,www1.baidu.com#?#.c-container:-abp-has(.t > a[data-landurl])","676524":"boylov.xyz,boylove.cc,boyloves.fun#?#:-abp-has(>.adsbyexoclick)","678813":"ddooo.com#?#span:-abp-has(>p:-abp-contains(高速))","678852":"ddooo.com#?#ul:-abp-has(>dd:-abp-contains(高速))","696057":"rvlev.com,t66y.com#?#.tpc_content:-abp-has(>b:nth-child(n+40)>span>a[onmouseover=\"this.style.background='#DEF5CD';\"]:-abp-contains(91TV)) > :nth-child(-n+45)","696206":"rvlev.com,t66y.com#?#.tpc_content:-abp-has(>b:nth-child(n+50)>span>a[onmouseover=\"this.style.background='#DEF5CD';\"]:-abp-contains(91TV)) > :nth-child(-n+55)","696355":"rvlev.com,t66y.com#?#[class]:-abp-has(>a[onmouseover=\"this.style.background='#DEF5CD';\"]:nth-child(n+150):-abp-contains(/赌|娱|澳/)) > :nth-child(-n+155)","696497":"rvlev.com,t66y.com#?#[class]:-abp-has(>a[onmouseover=\"this.style.background='#DEF5CD';\"]:nth-child(n+160):-abp-contains(/赌|娱|澳/)) > :nth-child(-n+170)","696639":"rvlev.com,t66y.com#?#[class]:-abp-has(>a[onmouseover=\"this.style.background='#DEF5CD';\"]:nth-child(n+180):-abp-contains(/赌|娱|澳/)) > :nth-child(-n+188)","696781":"rvlev.com,t66y.com#?#[class]:-abp-has(>a[onmouseover=\"this.style.background='#DEF5CD';\"]:nth-child(n+190):-abp-contains(/赌|娱|澳/)) > :nth-child(-n+195)","697524":"69xx.one,69xx487.xyz,8mav.cc,av411.xyz,cable2055.cc,theav.xyz,thep178.com,theporn.cc,weav.xyz#?#[class]:-abp-has(>a>.q-responsive)"}