{"60504":"coolblue.nl#?#.product-grid__card:-abp-contains(promotion)","60559":"delhaize.be#?#.product-item:-abp-contains(Gesponsord)","60609":"krefel.be#?#div[class^=\"Flex-styled__StyledFlex-\"]:has(h3:-abp-contains(Gesponsorde producten))","60751":"marktplaats.nl#?#.hz-Listing--list-item:-abp-contains(Topadvertentie)","60948":"2dehands.be#?#.hz-Listing--list-item:-abp-has(.hz-Listing-priority:-abp-contains(Topadvertentie))","61037":"almere-nieuws.nl#?#.wpb_wrapper:has(.section-heading:-abp-contains(partners))","61111":"amstelveensnieuwsblad.nl,baarnschecourant.nl,barneveldsekrant.nl,bennekomsnieuwsblad.nl,biltschecourant.nl,deputtenaer.nl,derijnpost.nl,destadamersfoort.nl,destadgorinchem.nl,dewoudenberger.nl,edestad.nl,ermelosweekblad.nl,harderwijkercourant.nl,hcnieuws.nl,hetkompashardinxveld-giessendam.nl,hetkompassliedrecht.nl,houtensnieuws.nl,huisaanhuiselburg.nl,huisaanhuisoldebroek.nl,leusderkrant.nl,nieuwsbladdekaap.nl,nunspeethuisaanhuis.nl,recreatiekrantveluwe.nl,regiosportveenendaal.nl,rijnenveluwe.nl,scherpenzeelsekrant.nl,soestercourant.nl,stadnijkerk.nl,stadwageningen.nl,weekbladvoorouderamstel.nl,wijksnieuws.nl#?#.component__plugin:has(h6:-abp-contains(advertentie))","61780":"autobahn.eu#?#.d-none.d-md-block.mb-3:-abp-has(a[target=\"_blank\"][rel=\"noopener\"])","61859":"buienradar.nl#?#.linklist:-abp-has(h1:-abp-contains(Lekker Dichtbij Deals))","61926":"businessinsider.nl#?#.widget_custom_html:-abp-has(h2:-abp-contains(Beter Beleggen))","62105":"fonq.nl#?#[data-cy=\"plp-tile-container\"]:-abp-contains(Gesponsord)","62168":"fonq.nl#?#li:-abp-contains(Gesponsord)","62203":"geenstijl.nl#?#.article.row.no-image:-abp-has(.row.compost-warn:-abp-contains(- ingezonden mededeling -))","62300":"glutenvrij.nl#?#.Article__inner:has(.Article__title:-abp-contains(Advertentie))","62376":"linda.nl#?#.article-column_article:-abp-has(.category-label_label:-abp-contains(Advertorial))","62461":"linda.nl#?#.article-row_article:-abp-has(.article-row_category.category-label_label:-abp-contains(Advertorial))","62564":"mediamarkt.be,mediamarkt.nl#?#[data-index-number]:-abp-contains(Gesponsord)","62636":"mnm.be#?#.grid-item.grid-item-pebble:-abp-has(#pebble-label:-abp-contains(Advertentie))","62715":"moviemeter.nl#?#.footer-artikelen:has(.footer-h6:-abp-contains(Partners))","62785":"nieuwsopbeeld.nl#?#.td_module_wrap:-abp-has(.td-post-category:-abp-contains(Gesponsord))","62865":"psvinside.nl#?#.td_block_template_1:has(.block-title:-abp-contains(Partners))","62939":"tijd.be#?#.o-hpgrid__row-tijdconnect:-abp-has(h2:-abp-contains(Gesponsorde inhoud))","63014":"tostrams.nl#?#section.network:-abp-has(.contentheader.contentheader--network:-abp-contains(Gesponsorde links))","63116":"vi.nl#?#.c-articles-list__item.c-articles-list__item--highlight:-abp-has(.c-tag.c-articles-list__label:-abp-contains(Advertorial))","63238":"voetbalcentraal.nl#?#.blok:-abp-has(h3:-abp-contains(Partners))","63293":"weer.nl#?#.shadow-lvl-2:-abp-has(a[href^=\"https://www.voordeeluitjes.nl/\"])","63365":"wielerflits.nl#?#.widget-container:-abp-has(.h3.mb-4:-abp-contains(Wielerdeals))","63437":"wielerflits.nl#?#li.list-item.list-item-aside:-abp-has(.badge:-abp-contains(Ad))","63509":"wielerflits.nl#?#li.list-item.list-item-default:-abp-has(span:-abp-contains(Ad))","63581":"wkdarts.nl#?#.wpb_wrapper:-abp-has(div:-abp-contains(#advertentie))","77293":"hartvannederland.nl##div:has(> span:first-child:contains(Advert))","77859":"centraalplus.nl##div[class^=\"col\"] > div.center:has(> div.g > div.g-single > center > i:contains(Advertentie))"}