{"8811":"thewindowsclub.com##.entry-content > div > strong:has-text(find & fix Windows error)","9177":"2-spyware.com,novirus.uk,faravirus.ro,uirusu.jp,virusi.hr,wubingdu.cn,avirus.hu,ioys.gr,odstranitvirus.cz,tanpavirus.web.id,utanvirus.se,virukset.fi,losvirus.es,virusler.info.tr,semvirus.pt,lesvirus.fr,senzavirus.it,dieviren.de,viruset.no,usunwirusa.pl,zondervirus.nl,bedynet.ru,virusai.lt,virusi.bg,viirused.ee,udenvirus.dk##.attention-button-wrap:has-text(Reimage)","10336":"2-spyware.com,novirus.uk,faravirus.ro,uirusu.jp,virusi.hr,wubingdu.cn,avirus.hu,ioys.gr,odstranitvirus.cz,tanpavirus.web.id,utanvirus.se,virukset.fi,losvirus.es,virusler.info.tr,semvirus.pt,lesvirus.fr,senzavirus.it,dieviren.de,viruset.no,usunwirusa.pl,zondervirus.nl,bedynet.ru,virusai.lt,virusi.bg,viirused.ee,udenvirus.dk##th:has-text(/^Detection$/)","10709":"2-spyware.com,novirus.uk,faravirus.ro,uirusu.jp,virusi.hr,wubingdu.cn,avirus.hu,ioys.gr,odstranitvirus.cz,tanpavirus.web.id,utanvirus.se,virukset.fi,losvirus.es,virusler.info.tr,semvirus.pt,lesvirus.fr,senzavirus.it,dieviren.de,viruset.no,usunwirusa.pl,zondervirus.nl,bedynet.ru,virusai.lt,virusi.bg,viirused.ee,udenvirus.dk##th:has-text(/^Detection$/) + td","12570":"2-spyware.com,novirus.uk,faravirus.ro,uirusu.jp,virusi.hr,wubingdu.cn,avirus.hu,ioys.gr,odstranitvirus.cz,tanpavirus.web.id,utanvirus.se,virukset.fi,losvirus.es,virusler.info.tr,semvirus.pt,lesvirus.fr,senzavirus.it,dieviren.de,viruset.no,usunwirusa.pl,zondervirus.nl,bedynet.ru,virusai.lt,virusi.bg,viirused.ee,udenvirus.dk##.nfc-bottom-right:has-text(Reimage)","12952":"2-spyware.com,novirus.uk,faravirus.ro,uirusu.jp,virusi.hr,wubingdu.cn,avirus.hu,ioys.gr,odstranitvirus.cz,tanpavirus.web.id,utanvirus.se,virukset.fi,losvirus.es,virusler.info.tr,semvirus.pt,lesvirus.fr,senzavirus.it,dieviren.de,viruset.no,usunwirusa.pl,zondervirus.nl,bedynet.ru,virusai.lt,virusi.bg,viirused.ee,udenvirus.dk##a:has-text(Reimage)","16888":"howtoremove.guide##.entry-content > div:has-text(Special Offer)","17127":"howtoremove.guide###alt_content_main_div > p:has-text(SpyHunter)","17715":"2-spyware.com,novirus.uk,faravirus.ro,uirusu.jp,virusi.hr,wubingdu.cn,avirus.hu,ioys.gr,odstranitvirus.cz,tanpavirus.web.id,utanvirus.se,virukset.fi,losvirus.es,virusler.info.tr,semvirus.pt,lesvirus.fr,senzavirus.it,dieviren.de,viruset.no,usunwirusa.pl,zondervirus.nl,bedynet.ru,virusai.lt,virusi.bg,viirused.ee,udenvirus.dk##a:has-text(SpyHunter)"}