[{"id":42260,"action":{"type":"block"},"condition":{"urlFilter":"-baneris-"},"priority":1},{"id":42280,"action":{"type":"block"},"condition":{"urlFilter":".altero-banner-2_top"},"priority":1},{"id":42311,"action":{"type":"block"},"condition":{"urlFilter":"/baneriai^","excludedInitiatorDomains":["pigubeakcijos.lt"]},"priority":2},{"id":42369,"action":{"type":"block"},"condition":{"urlFilter":"/baneris."},"priority":1},{"id":42389,"action":{"type":"block"},"condition":{"urlFilter":"/baneris_"},"priority":1},{"id":42409,"action":{"type":"block"},"condition":{"urlFilter":"/baneriukai/*"},"priority":1},{"id":42433,"action":{"type":"block"},"condition":{"urlFilter":"/baneriukas/*"},"priority":1},{"id":42457,"action":{"type":"block"},"condition":{"urlFilter":"/PopBox.js"},"priority":1},{"id":42478,"action":{"type":"block"},"condition":{"urlFilter":"/skydeliai/*"},"priority":1},{"id":42501,"action":{"type":"block"},"condition":{"urlFilter":".lt/images/banners^","excludedInitiatorDomains":["procolor.lt","rde.lt"]},"priority":2},{"id":42571,"action":{"type":"block"},"condition":{"urlFilter":".lt/reklamos^"},"priority":1},{"id":42595,"action":{"type":"block"},"condition":{"urlFilter":".lt/banners^","excludedInitiatorDomains":["barbora.lt"]},"priority":2},{"id":42649,"action":{"type":"block"},"condition":{"urlFilter":".lt/uploads/banners^"},"priority":1},{"id":42680,"action":{"type":"block"},"condition":{"urlFilter":".lt/banner^"},"priority":1},{"id":42702,"action":{"type":"block"},"condition":{"urlFilter":".lt/resources/_banners^"},"priority":1},{"id":42736,"action":{"type":"block"},"condition":{"urlFilter":"||adart.hostin.lt^","domainType":"thirdParty"},"priority":2},{"id":42780,"action":{"type":"block"},"condition":{"urlFilter":"||adbox.lt^","domainType":"thirdParty"},"priority":2},{"id":42817,"action":{"type":"block"},"condition":{"urlFilter":"||adclick.lt^","domainType":"thirdParty"},"priority":2},{"id":42856,"action":{"type":"block"},"condition":{"urlFilter":"||adsplius.lt^","domainType":"thirdParty"},"priority":2},{"id":42896,"action":{"type":"block"},"condition":{"urlFilter":"||adverum.lt^","domainType":"thirdParty"},"priority":2},{"id":42935,"action":{"type":"block"},"condition":{"urlFilter":"||aleja.lt^","domainType":"thirdParty"},"priority":2},{"id":42972,"action":{"type":"block"},"condition":{"urlFilter":"||banners.igloro.info^"},"priority":1},{"id":43005,"action":{"type":"block"},"condition":{"urlFilter":"||bms.creativepartner.lt^"},"priority":1},{"id":43041,"action":{"type":"block"},"condition":{"urlFilter":"||peacto.com^","initiatorDomains":["filmux.to"]},"priority":201},{"id":43094,"action":{"type":"block"},"condition":{"urlFilter":"*","initiatorDomains":["filmux.to"],"resourceTypes":["main_frame"]},"priority":201},{"id":43144,"action":{"type":"block"},"condition":{"urlFilter":"||prod.one.lt^"},"priority":1},{"id":43169,"action":{"type":"block"},"condition":{"urlFilter":"||trackers.adtarget.me^"},"priority":1},{"id":43203,"action":{"type":"block"},"condition":{"urlFilter":"||darnipora.lt^","domainType":"thirdParty"},"priority":2},{"id":43244,"action":{"type":"block"},"condition":{"urlFilter":"||keliones.lt^","domainType":"thirdParty"},"priority":2},{"id":43284,"action":{"type":"block"},"condition":{"urlFilter":"||top100.lt^","domainType":"thirdParty"},"priority":2},{"id":43322,"action":{"type":"block"},"condition":{"urlFilter":"||on-line.lt^","domainType":"thirdParty"},"priority":2},{"id":43361,"action":{"type":"block"},"condition":{"urlFilter":"||plius.lt^","domainType":"thirdParty","excludedInitiatorDomains":["domoplius.lt"]},"priority":3},{"id":43425,"action":{"type":"block"},"condition":{"urlFilter":"||rkl.draugas.lt^"},"priority":1},{"id":43453,"action":{"type":"block"},"condition":{"urlFilter":"||komi.lt^","domainType":"thirdParty"},"priority":2},{"id":43489,"action":{"type":"block"},"condition":{"urlFilter":"://ad.admitad.com^","domainType":"thirdParty"},"priority":2},{"id":43533,"action":{"type":"block"},"condition":{"urlFilter":"||ads.vmedija.lt^","domainType":"thirdParty"},"priority":2},{"id":43576,"action":{"type":"block"},"condition":{"urlFilter":"||ads.one.lt^","domainType":"thirdParty"},"priority":2},{"id":43740,"action":{"type":"block"},"condition":{"urlFilter":"||r-scale-fb.static.go3.tv^"},"priority":1},{"id":43778,"action":{"type":"block"},"condition":{"urlFilter":"||freewheel-mtgx-tv.akamaized.net^","initiatorDomains":["tv3.lt"]},"priority":201},{"id":43849,"action":{"type":"block"},"condition":{"urlFilter":"/script/suv4.js"},"priority":1},{"id":43909,"action":{"type":"block"},"condition":{"urlFilter":"||skpiramide.lt^"},"priority":1},{"id":43936,"action":{"type":"block"},"condition":{"urlFilter":"||revive.imones.lt^","domainType":"thirdParty"},"priority":2},{"id":43981,"action":{"type":"block"},"condition":{"urlFilter":"||banners.adnetmedia.lt^","domainType":"thirdParty"},"priority":2},{"id":44031,"action":{"type":"block"},"condition":{"urlFilter":"||static.grupinis.lt^","domainType":"thirdParty"},"priority":2},{"id":44078,"action":{"type":"block"},"condition":{"urlFilter":"||topsport.lt^","domainType":"thirdParty","resourceTypes":["main_frame"]},"priority":2},{"id":44127,"action":{"type":"block"},"condition":{"urlFilter":"||skaitliukas.eu^","domainType":"thirdParty"},"priority":2},{"id":44170,"action":{"type":"block"},"condition":{"urlFilter":"/reklamjuostes^","resourceTypes":["image"]},"priority":101},{"id":44211,"action":{"type":"block"},"condition":{"urlFilter":"||core.dimatter.ai^"},"priority":1},{"id":45566,"action":{"type":"redirect","redirect":{"extensionPath":"/web-accessible-resources/redirects/noopmp3.mp3"}},"condition":{"urlFilter":"||161.97.106.129/info.mp4","domainType":"firstParty","resourceTypes":["media"]},"priority":1102},{"id":46017,"action":{"type":"block"},"condition":{"urlFilter":"/images/banners/*","initiatorDomains":["dumblas.com","onlyoffice.com","viskasvestuvems.eu"]},"priority":135},{"id":46110,"action":{"type":"block"},"condition":{"urlFilter":"/lt/davise/*","initiatorDomains":["torrent.ai","torrent.lt"]},"priority":151},{"id":46174,"action":{"type":"block"},"condition":{"urlFilter":"/out_data/banners/*","initiatorDomains":["ekstremalas.lt","samata.lt"]},"priority":151},{"id":46248,"action":{"type":"block"},"condition":{"urlFilter":".lt/infoblocks","initiatorDomains":["autoplius.lt","cvmarket.lt"]},"priority":151},{"id":46317,"action":{"type":"block"},"condition":{"urlFilter":".lt/static/images/banner"},"priority":1},{"id":46352,"action":{"type":"block"},"condition":{"urlFilter":".lt/uploads/img/banners/","initiatorDomains":["medguru.lt","sveikas.lt"]},"priority":151},{"id":46428,"action":{"type":"block"},"condition":{"urlFilter":"/ads.php","initiatorDomains":["bigbolz.com","iwant.lt"]},"priority":151},{"id":46487,"action":{"type":"block"},"condition":{"urlFilter":"/banner-job-ads^","initiatorDomains":["www.15min.lt"]},"priority":201},{"id":46546,"action":{"type":"block"},"condition":{"urlFilter":"/EMP_sugedo_210x105.gif^","initiatorDomains":["emp.lt","viko.lt"]},"priority":151},{"id":46615,"action":{"type":"block"},"condition":{"urlFilter":"/images/texts/*","initiatorDomains":["miskobirza.lt"],"resourceTypes":["image"]},"priority":301},{"id":46683,"action":{"type":"block"},"condition":{"urlFilter":"/newsfeed/?p=","initiatorDomains":["tavovaikas.lt","delfi.lt"]},"priority":151},{"id":46749,"action":{"type":"block"},"condition":{"urlFilter":"/newsfeed_v2/?p=","initiatorDomains":["manonamai.lt","perpasauli.lt"]},"priority":151},{"id":46822,"action":{"type":"block"},"condition":{"urlFilter":"/oc-content/themes^","initiatorDomains":["suvalkai.lt"]},"priority":201},{"id":46883,"action":{"type":"block"},"condition":{"urlFilter":"images/banners/","initiatorDomains":["marijosradijas.lt"],"resourceTypes":["image"]},"priority":301},{"id":46955,"action":{"type":"block"},"condition":{"urlFilter":"pakalne.lt/wp-content/uploads/","domainType":"firstParty","resourceTypes":["image"]},"priority":102},{"id":47020,"action":{"type":"block"},"condition":{"urlFilter":"pav/","initiatorDomains":["orai.biz"],"resourceTypes":["image"]},"priority":301},{"id":47072,"action":{"type":"block"},"condition":{"urlFilter":"uploads/images/","initiatorDomains":["gyvenimoguru.lt"],"resourceTypes":["image"]},"priority":301},{"id":47142,"action":{"type":"block"},"condition":{"urlFilter":"||1551.lt/images/banner"},"priority":1},{"id":47176,"action":{"type":"block"},"condition":{"urlFilter":"||15min.lt/*_300x400-","resourceTypes":["image"]},"priority":101},{"id":47223,"action":{"type":"block"},"condition":{"urlFilter":"||15min.lt/*_300x400px-*.jpg^","resourceTypes":["image"]},"priority":101},{"id":47278,"action":{"type":"block"},"condition":{"urlFilter":"||15min.lt/*_baneriai_*.jpg^","resourceTypes":["image"]},"priority":101},{"id":47332,"action":{"type":"block"},"condition":{"urlFilter":"||15min.lt/static/*/200x300_*.jpg^","resourceTypes":["image"]},"priority":101},{"id":47392,"action":{"type":"block"},"condition":{"urlFilter":"||15min.lt/static/*/300x400-*.jpg^","resourceTypes":["image"]},"priority":101},{"id":47452,"action":{"type":"block"},"condition":{"urlFilter":"||15min.lt/static/cache/*-adblock-banner-*.jpg^","resourceTypes":["image"]},"priority":101},{"id":47525,"action":{"type":"block"},"condition":{"urlFilter":"||15minlt.adocean.pl/files/x/*.mp4"},"priority":1},{"id":47570,"action":{"type":"block"},"condition":{"urlFilter":"||alio.lt/infoblock1200x250a.html"},"priority":1},{"id":47614,"action":{"type":"block"},"condition":{"urlFilter":"||alio.lt/positionPages"},"priority":1},{"id":47648,"action":{"type":"block"},"condition":{"urlFilter":"||alio.lt/posPages.html?position=Titulinis_Carusele_"},"priority":1},{"id":47711,"action":{"type":"block"},"condition":{"urlFilter":"||alytausgidas.lt/media/_banners/"},"priority":1},{"id":47755,"action":{"type":"block"},"condition":{"urlFilter":"||aktualu.com/pop.js","domainType":"firstParty","resourceTypes":["script"]},"priority":102},{"id":47810,"action":{"type":"block"},"condition":{"urlFilter":"||apievestuves.lt/m/ads"},"priority":1},{"id":47844,"action":{"type":"block"},"condition":{"urlFilter":"||audifanai.com/images/bap.jpg"},"priority":1},{"id":47885,"action":{"type":"block"},"condition":{"urlFilter":"||audifanai.com/images/draugai/"},"priority":1},{"id":47927,"action":{"type":"block"},"condition":{"urlFilter":"||aukse.ucoz.com/8ea7f19510a7.gif"},"priority":1},{"id":47971,"action":{"type":"block"},"condition":{"urlFilter":"||aukse.ucoz.com/aurelialogo.jpg"},"priority":1},{"id":48014,"action":{"type":"block"},"condition":{"urlFilter":"||aukse.ucoz.com/editalogo.jpg"},"priority":1},{"id":48055,"action":{"type":"block"},"condition":{"urlFilter":"||aukse.ucoz.com/lilijos_logo.jpg"},"priority":1},{"id":48099,"action":{"type":"block"},"condition":{"urlFilter":"||aukse.ucoz.com/sokiu_bunkeris.png"},"priority":1},{"id":48145,"action":{"type":"block"},"condition":{"urlFilter":"||auto-loads.lt/media/uploads/banners/"},"priority":1},{"id":48194,"action":{"type":"block"},"condition":{"urlFilter":"||autobilis.lt/assets/images/lizingas.jpg"},"priority":1},{"id":48246,"action":{"type":"block"},"condition":{"urlFilter":"||autoplius-static.dgn.lt/static/images/desktop/placement/Luminor/luminor_ap_2048.jpg"},"priority":1},{"id":48342,"action":{"type":"block"},"condition":{"urlFilter":"||b.inbox.lt/b/"},"priority":1},{"id":48368,"action":{"type":"block"},"condition":{"urlFilter":"||basketnews.lt/config/basketnews.lt/files/3/2323.gif"},"priority":1},{"id":48432,"action":{"type":"block"},"condition":{"urlFilter":"||basketnews.lt/config/basketnews.lt/themes/ads_"},"priority":1},{"id":48491,"action":{"type":"block"},"condition":{"urlFilter":"||basketnews.lt/config/basketnews.lt/themes/banners/olybet_"},"priority":1},{"id":48561,"action":{"type":"block"},"condition":{"urlFilter":"||basketzone.lt/images/stories/wfotkes/musu_statymai.jpg"},"priority":1},{"id":48628,"action":{"type":"block"},"condition":{"urlFilter":"||basketzone.lt/images/stories/wfotkes/statymai_blue_500x60.gif"},"priority":1},{"id":48702,"action":{"type":"block"},"condition":{"urlFilter":"||basset-hound.lt/uploads/basset_banner.gif"},"priority":1},{"id":48756,"action":{"type":"block"},"condition":{"urlFilter":"||beligu.lt/images/longavit.jpg"},"priority":1},{"id":48798,"action":{"type":"block"},"condition":{"urlFilter":"||bigbenas.lt/wp-content/uploads/2017/03/banner-1.jpg"},"priority":1},{"id":48862,"action":{"type":"block"},"condition":{"urlFilter":"||bigbenas.lt/wp-content/uploads/2017/10/study-in-london-1024x189-px.gif"},"priority":1},{"id":48945,"action":{"type":"block"},"condition":{"urlFilter":"||ccg.lv/ads/"},"priority":1},{"id":48969,"action":{"type":"block"},"condition":{"urlFilter":"||ccic.lt/get.php?i."},"priority":1},{"id":49000,"action":{"type":"block"},"condition":{"urlFilter":"||cdn.gsmarena.com/vv/assets8/js/"},"priority":1},{"id":49044,"action":{"type":"block"},"condition":{"urlFilter":"||church.lt/t/files/u5/kiekvienamstudentui.gif"},"priority":1},{"id":49101,"action":{"type":"block"},"condition":{"urlFilter":"||church.lt/t/files/u5/rlc_banner1.gif"},"priority":1},{"id":49150,"action":{"type":"block"},"condition":{"urlFilter":"||credit24.lt/paskolos.html?transid="},"priority":1},{"id":49197,"action":{"type":"block"},"condition":{"urlFilter":"||cvzona.lt/dienaLT_adv.php"},"priority":1},{"id":49235,"action":{"type":"block"},"condition":{"urlFilter":"||dazasvydis.lt/images/laz_ban.gif"},"priority":1},{"id":49280,"action":{"type":"block"},"condition":{"urlFilter":"||dazasvydis.lt/images/lazertag_ban-ani.gif"},"priority":1},{"id":49334,"action":{"type":"block"},"condition":{"urlFilter":"||delfi.lt/apps/banners"},"priority":1},{"id":49368,"action":{"type":"block"},"condition":{"urlFilter":"||delfi.lt/b?region="},"priority":1},{"id":49399,"action":{"type":"block"},"condition":{"urlFilter":"||delfi.lt/c/ib/"},"priority":1},{"id":49426,"action":{"type":"block"},"condition":{"urlFilter":"||delfi.lt/files/*.mp4"},"priority":1},{"id":49459,"action":{"type":"block"},"condition":{"urlFilter":"||delfi.lt/misc/ebooks.php"},"priority":1},{"id":49496,"action":{"type":"block"},"condition":{"urlFilter":"||delfi.lt/misc/export/aovp.php"},"priority":1},{"id":49538,"action":{"type":"block"},"condition":{"urlFilter":"||delfi.lt/video/sporto-tv/widgets/250px/"},"priority":1},{"id":49590,"action":{"type":"block"},"condition":{"urlFilter":"||delfi.lt/video/sporto-tv/widgets/728px/images/hermis.jpg"},"priority":1},{"id":49659,"action":{"type":"block"},"condition":{"urlFilter":"||dcdn.lt/images/hntis/","initiatorDomains":["delfi.lt"]},"priority":201},{"id":49721,"action":{"type":"block"},"condition":{"urlFilter":"||depiliacija.eu/wp-content/uploads/2011/12/fotoepiliacija-namuose.png"},"priority":1},{"id":49802,"action":{"type":"block"},"condition":{"urlFilter":"||depiliacija.eu/wp-content/uploads/2012/06/fotoepiliatorius-silkn-flashngo.png"},"priority":1},{"id":49892,"action":{"type":"block"},"condition":{"urlFilter":"||depiliacija.eu/wp-content/uploads/2013/09/HF-depiliacija-baneris180x500.jpg"},"priority":1},{"id":49980,"action":{"type":"block"},"condition":{"urlFilter":"||dgn.lt/static/5/paskolos-v2.html"},"priority":1},{"id":50025,"action":{"type":"block"},"condition":{"urlFilter":"||dgn.lt/static/nqs/5/banner"},"priority":1},{"id":50064,"action":{"type":"block"},"condition":{"urlFilter":"||dgn.lt^","initiatorDomains":["15min.lt"]},"priority":201},{"id":50112,"action":{"type":"block"},"condition":{"urlFilter":"||diena.lt/sites/default/files/forma/cikaga.gif"},"priority":1},{"id":50170,"action":{"type":"block"},"condition":{"urlFilter":"||diena.lt/sites/default/files/forma/izel-3.gif"},"priority":1},{"id":50228,"action":{"type":"block"},"condition":{"urlFilter":"||diena.lt/sites/default/files/Vilniausdiena/Vartotoju%20zona/diena_admin/giberta_darbo_0.jpg"},"priority":1},{"id":50332,"action":{"type":"block"},"condition":{"urlFilter":"||diena.lt/sites/default/files/Vilniausdiena/Vartotoju%20zona/diena_admin/giberta_darbo_1.jpg"},"priority":1},{"id":50436,"action":{"type":"block"},"condition":{"urlFilter":"||dienosakcijos.lt/static/banners/"},"priority":1},{"id":50481,"action":{"type":"block"},"condition":{"urlFilter":"||donoryste.eu/pictures/banner_"},"priority":1},{"id":50523,"action":{"type":"block"},"condition":{"urlFilter":"||dratas.lt/wp-content/uploads/house-fb2.jpg"},"priority":1},{"id":50578,"action":{"type":"block"},"condition":{"urlFilter":"||drauge.org/pilnas/pv140x180.jpg"},"priority":1},{"id":50622,"action":{"type":"block"},"condition":{"urlFilter":"||drauge.org/pilnas/pv200x150.jpg"},"priority":1},{"id":50666,"action":{"type":"block"},"condition":{"urlFilter":"||drauge.org/pilnas/pvgen_promo.jpg"},"priority":1},{"id":50712,"action":{"type":"block"},"condition":{"urlFilter":"||dykai.eu/fun/content/2014/01/08/video-chatas-juodame.jpg"},"priority":1},{"id":50781,"action":{"type":"block"},"condition":{"urlFilter":"||ecoland.lt/modules/sotewsadds/files/Right"},"priority":1},{"id":50835,"action":{"type":"block"},"condition":{"urlFilter":"||elektromarkt.lt/out/pictures/promo/"},"priority":1},{"id":50883,"action":{"type":"block"},"condition":{"urlFilter":"||elektromarkt.lt/assets/img/marketing/940x450/","domainType":"firstParty","resourceTypes":["image"]},"priority":102},{"id":50965,"action":{"type":"block"},"condition":{"urlFilter":"||empire.dykai.eu/logo_empire.jpg"},"priority":1},{"id":51009,"action":{"type":"block"},"condition":{"urlFilter":"||eurobasket.lt/images/statymai3.jpg"},"priority":1},{"id":51056,"action":{"type":"block"},"condition":{"urlFilter":"||eurobasket.lt/images/toshow/1000x200.jpg"},"priority":1},{"id":51109,"action":{"type":"block"},"condition":{"urlFilter":"||europoszemelapis.lt/dedikuoti-nuolaida150.jpg"},"priority":1},{"id":51167,"action":{"type":"block"},"condition":{"urlFilter":"||europoszemelapis.lt/serveriai-nuolaida150.jpg"},"priority":1},{"id":51225,"action":{"type":"block"},"condition":{"urlFilter":"||fanpagelistbuilder.net/pagetab/app_coupon/scriptindex.php?pageid="},"priority":1},{"id":51303,"action":{"type":"block"},"condition":{"urlFilter":"||farm4.static.flickr.com/3512/3178137982_2d1f1d4ff1_o.gif"},"priority":1},{"id":51372,"action":{"type":"block"},"condition":{"urlFilter":"||filosofija.info/wp-content/uploads/2013/11/praktine-filosofija.gif"},"priority":1},{"id":51451,"action":{"type":"block"},"condition":{"urlFilter":"||fm99.lt/wp-content/banners/"},"priority":1},{"id":51491,"action":{"type":"block"},"condition":{"urlFilter":"||fm99.lt/wp-content/uploads/2014/03/slider_blues_konkurs_dlugi_logo_ang.jpg"},"priority":1},{"id":51578,"action":{"type":"block"},"condition":{"urlFilter":"||fotofaze.lt/img/dezavu.jpg"},"priority":1},{"id":51617,"action":{"type":"block"},"condition":{"urlFilter":"||fotofaze.lt/img/fotonaras.png"},"priority":1},{"id":51659,"action":{"type":"block"},"condition":{"urlFilter":"||fotofaze.lt/img/musu-vestuves.jpg"},"priority":1},{"id":51705,"action":{"type":"block"},"condition":{"urlFilter":"||fotofaze.lt/img/procentras.png"},"priority":1},{"id":51748,"action":{"type":"block"},"condition":{"urlFilter":"||fotofaze.lt/img/vestuveskitaip.jpg"},"priority":1},{"id":51795,"action":{"type":"block"},"condition":{"urlFilter":"||fotofaze.lt/img/zzet.jpg"},"priority":1},{"id":51832,"action":{"type":"block"},"condition":{"urlFilter":"||games.lt/i/banners/"},"priority":1},{"id":51864,"action":{"type":"block"},"condition":{"urlFilter":"||games4you.lt/img/game1.gif"},"priority":1},{"id":51903,"action":{"type":"block"},"condition":{"urlFilter":"||games4you.lt/img/game2.gif"},"priority":1},{"id":51942,"action":{"type":"block"},"condition":{"urlFilter":"||geliukrautuvele.lt/images/vestuviu_atributika.png"},"priority":1},{"id":52004,"action":{"type":"block"},"condition":{"urlFilter":"||geopolitika.lt/img/ban/"},"priority":1},{"id":52040,"action":{"type":"block"},"condition":{"urlFilter":"||geopolitika.lt/img/banner_"},"priority":1},{"id":52079,"action":{"type":"block"},"condition":{"urlFilter":"||geopolitika.lt/img/book_ppceu_en.jpg"},"priority":1},{"id":52128,"action":{"type":"block"},"condition":{"urlFilter":"||geopolitika.lt/img/logo_srtrf.png"},"priority":1},{"id":52174,"action":{"type":"block"},"condition":{"urlFilter":"||geopolitika.lt/img/newtimeslogo.jpg"},"priority":1},{"id":52222,"action":{"type":"block"},"condition":{"urlFilter":"||grafika.iv.lt/hostingas/small_logo.png"},"priority":1},{"id":52273,"action":{"type":"block"},"condition":{"urlFilter":"||grafika.iv.lt/serveriai/hosted.gif"},"priority":1},{"id":52320,"action":{"type":"block"},"condition":{"urlFilter":"||greitukas.lt/images/kupi.jpg"},"priority":1},{"id":52361,"action":{"type":"block"},"condition":{"urlFilter":"||greitukas.lt/images/papuosaliukas.JPG"},"priority":1},{"id":52411,"action":{"type":"block"},"condition":{"urlFilter":"||greitukas.lt/images/vestuves_baneris.jpg"},"priority":1},{"id":52464,"action":{"type":"block"},"condition":{"urlFilter":"||groziodovanos.lt/groupon/affiliateFrame"},"priority":1},{"id":52516,"action":{"type":"block"},"condition":{"urlFilter":"||grupinis.lt/www.grupinis.lt"},"priority":1},{"id":52556,"action":{"type":"block"},"condition":{"urlFilter":"||gsmarena.lt/images/13173439603.jpeg"},"priority":1},{"id":52604,"action":{"type":"block"},"condition":{"urlFilter":"||gyvenimas.eu/G_DS/skelb_arkl.jpg"},"priority":1},{"id":52649,"action":{"type":"block"},"condition":{"urlFilter":"||hardas.lt/http://www.hardas.lt/wp-content/uploads/icons//2014/04/brother-mazasis.png"},"priority":1},{"id":52746,"action":{"type":"block"},"condition":{"urlFilter":"||herba.lt/media/dynamic/banners/"},"priority":1},{"id":52790,"action":{"type":"block"},"condition":{"urlFilter":"||hostex.lt/images/header/logo.gif"},"priority":1},{"id":52835,"action":{"type":"block"},"condition":{"urlFilter":"||i422.photobucket.com/albums/pp305/savaites/banerisold_160x192.jpg"},"priority":1},{"id":52913,"action":{"type":"block"},"condition":{"urlFilter":"||i461.photobucket.com/albums/qq339/martynukas/AntBangos.gif"},"priority":1},{"id":52984,"action":{"type":"block"},"condition":{"urlFilter":"||i941.photobucket.com/albums/ad255/skoniublogas/baneris-1.png"},"priority":1},{"id":53057,"action":{"type":"block"},"condition":{"urlFilter":"||ic.pics.livejournal.com/sig_tyr/13029589/1319/1319_900.jpg"},"priority":1},{"id":53128,"action":{"type":"block"},"condition":{"urlFilter":"||ic.pics.livejournal.com/sig_tyr/13029589/1652/1652_900.gif"},"priority":1},{"id":53199,"action":{"type":"block"},"condition":{"urlFilter":"||ic.pics.livejournal.com/sig_tyr/13029589/2153/2153_900.jpg"},"priority":1},{"id":53270,"action":{"type":"block"},"condition":{"urlFilter":"||igs.lt/images/saugumas/"},"priority":1},{"id":53306,"action":{"type":"block"},"condition":{"urlFilter":"||images.neobux.com/imagens/banner9/?uh=536B79425454&u3=15892148"},"priority":1},{"id":53381,"action":{"type":"block"},"condition":{"urlFilter":"||img2.diena.lt/sites/default/files/Vilniausdiena/Vartotoju%20zona/diena_admin/urmas-kaledos-940x100-px-2.jpg"},"priority":1},{"id":53501,"action":{"type":"block"},"condition":{"urlFilter":"||imgur.com/rGcWN.jpg"},"priority":1},{"id":53533,"action":{"type":"block"},"condition":{"urlFilter":"||imones.lt/searchblocks/","domainType":"thirdParty"},"priority":2},{"id":53584,"action":{"type":"block"},"condition":{"urlFilter":"||imones.lt/companies/banners/*.gif","domainType":"firstParty","resourceTypes":["image"]},"priority":102},{"id":53654,"action":{"type":"block"},"condition":{"urlFilter":"||imones.lt/companies/sponsors/*.gif","domainType":"firstParty","resourceTypes":["image"]},"priority":102},{"id":53725,"action":{"type":"block"},"condition":{"urlFilter":"||infoadmin.lt/img/alertpay120x60.gif"},"priority":1},{"id":53773,"action":{"type":"block"},"condition":{"urlFilter":"||infoadmin.lt/uploads/images/Banner120x60.gif"},"priority":1},{"id":53830,"action":{"type":"block"},"condition":{"urlFilter":"||infoadmin.lt/uploads/images/infoadmin120x60.jpg"},"priority":1},{"id":53890,"action":{"type":"block"},"condition":{"urlFilter":"||infodiena.com/wp-content/uploads/2018/03/1200.gif"},"priority":1},{"id":53952,"action":{"type":"block"},"condition":{"urlFilter":"||infodiena.com/wp-content/uploads/2018/03/1200x225.gif"},"priority":1},{"id":54018,"action":{"type":"block"},"condition":{"urlFilter":"||infodiena.com/wp-content/uploads/2018/04/1280x225.gif"},"priority":1},{"id":54084,"action":{"type":"block"},"condition":{"urlFilter":"||infoma.lt/images/ruba-reklama.gif"},"priority":1},{"id":54130,"action":{"type":"block"},"condition":{"urlFilter":"||infoplius.lt/cimg/brandpage/"},"priority":1},{"id":54171,"action":{"type":"block"},"condition":{"urlFilter":"||infoplius.lt/lt/searchblocks"},"priority":1},{"id":54212,"action":{"type":"block"},"condition":{"urlFilter":"||interjeras.lt/tl_files/catalogs/banners/"},"priority":1},{"id":54265,"action":{"type":"block"},"condition":{"urlFilter":"||invega.lt/site/banners/"},"priority":1},{"id":54301,"action":{"type":"block"},"condition":{"urlFilter":"||itneta.lt/failai/CENTAS.jpg"},"priority":1},{"id":54341,"action":{"type":"block"},"condition":{"urlFilter":"||itiketini-faktai.online/reklamos/","domainType":"firstParty","resourceTypes":["image"]},"priority":102},{"id":54411,"action":{"type":"block"},"condition":{"urlFilter":"||jurbarkiskis.lt/images/stories/lanmeta.gif"},"priority":1},{"id":54466,"action":{"type":"block"},"condition":{"urlFilter":"||jurbarkosviesa.lt/var/ezwebin_site/storage/images/media/skydeliu-kategorijos/"},"priority":1},{"id":54556,"action":{"type":"block"},"condition":{"urlFilter":"||kaimai.lt/images/default/source/perku_vaikui.jpg"},"priority":1},{"id":54617,"action":{"type":"block"},"condition":{"urlFilter":"||kaina24.lt/images/kaina24_180_green.gif"},"priority":1},{"id":54669,"action":{"type":"block"},"condition":{"urlFilter":"||kainos.lt/img/logox160.png"},"priority":1},{"id":54708,"action":{"type":"block"},"condition":{"urlFilter":"||kainos.lt/kainos-banner.html"},"priority":1},{"id":54749,"action":{"type":"block"},"condition":{"urlFilter":"||kaisiadoriuzinios.lt/wp-content/uploads/2014/03/EXTRAFM-AD-300x150.png"},"priority":1},{"id":54832,"action":{"type":"block"},"condition":{"urlFilter":"||karjerairsveikata.lt/wp-content/uploads/2013/09/profertil-720_200_1.png"},"priority":1},{"id":54916,"action":{"type":"block"},"condition":{"urlFilter":"||kasvyksta.lt/isejimas-mob.php"},"priority":1},{"id":54958,"action":{"type":"block"},"condition":{"urlFilter":"||kasvyksta.lt/wp-content/themes/kasvyksta/images/ads"},"priority":1},{"id":55022,"action":{"type":"block"},"condition":{"urlFilter":"||kasvyksta.lt/wp-content/themes/kasvyksta/images/exit/"},"priority":1},{"id":55088,"action":{"type":"block"},"condition":{"urlFilter":"||kasvyksta.lt/wp-content/uploads/2015/06/bagazinesvilijampole.jpg"},"priority":1},{"id":55165,"action":{"type":"block"},"condition":{"urlFilter":"||kasvyksta.lt/wp-content/uploads/2017/*300x250.jpg"},"priority":1},{"id":55227,"action":{"type":"block"},"condition":{"urlFilter":"||dcdn.lt/images/*/300x600.jpg|"},"priority":1},{"id":55269,"action":{"type":"block"},"condition":{"urlFilter":"||dcdn.lt/images/*/1200x250.jpg|"},"priority":1},{"id":55312,"action":{"type":"block"},"condition":{"urlFilter":"||kaunozurnalistai.lt/templates/zurnalistai/images/random/kamane.jpg"},"priority":1},{"id":55391,"action":{"type":"block"},"condition":{"urlFilter":"||kedes.lt/showimage.php?f=4786_banner_lauko_baldai_6520s.jpg&w=215"},"priority":1},{"id":55469,"action":{"type":"block"},"condition":{"urlFilter":"||kedes.lt/showimage.php?f=banner_rumsiskes_200x200_6447s.jpg&w=215"},"priority":1},{"id":55547,"action":{"type":"block"},"condition":{"urlFilter":"||kinopavasaris.lt/bnr/2014/"},"priority":1},{"id":55586,"action":{"type":"block"},"condition":{"urlFilter":"||kkml.lt/public/var/banners/"},"priority":1},{"id":55626,"action":{"type":"block"},"condition":{"urlFilter":"||komentaras.lt/wp-content/themes/kk/img/P1_baneris.jpg"},"priority":1},{"id":55692,"action":{"type":"block"},"condition":{"urlFilter":"||komiksai.com/img_rek/"},"priority":1},{"id":55726,"action":{"type":"block"},"condition":{"urlFilter":"||kompextra.lt/image/data/182x258_kompextra.jpg"},"priority":1},{"id":55784,"action":{"type":"block"},"condition":{"urlFilter":"||kompextra.lt/image/data/Reklama%20sonine/cia%20galioja%20DC%20nuolaida.jpg"},"priority":1},{"id":55871,"action":{"type":"block"},"condition":{"urlFilter":"||kosmetikos.lt/images/zenklai/"},"priority":1},{"id":55913,"action":{"type":"block"},"condition":{"urlFilter":"||krastietis.lt/wp-content/uploads/ekolaome.png"},"priority":1},{"id":55971,"action":{"type":"block"},"condition":{"urlFilter":"||krastietis.lt/wp-content/uploads/tic-big.png"},"priority":1},{"id":56028,"action":{"type":"block"},"condition":{"urlFilter":"||krepsininkas.net/pav/e-parduotuve.gif"},"priority":1},{"id":56078,"action":{"type":"block"},"condition":{"urlFilter":"||kronika.lt/images/balandis2014/Zaizdos_1.gif"},"priority":1},{"id":56135,"action":{"type":"block"},"condition":{"urlFilter":"||kronika.lt/images/BEGIMAS.jpg"},"priority":1},{"id":56177,"action":{"type":"block"},"condition":{"urlFilter":"||kronika.lt/images/Untitled.jpg"},"priority":1},{"id":56220,"action":{"type":"block"},"condition":{"urlFilter":"||kursenuparapija.lt/wp-content/uploads/logo/logo_m-studija.gif"},"priority":1},{"id":56294,"action":{"type":"block"},"condition":{"urlFilter":"||kursenuparapija.lt/wp-content/uploads/logo/logo_marijos-r.gif"},"priority":1},{"id":56368,"action":{"type":"block"},"condition":{"urlFilter":"||kursenuparapija.lt/wp-content/uploads/logo/logo_pakuta.gif"},"priority":1},{"id":56439,"action":{"type":"block"},"condition":{"urlFilter":"||kursenuparapija.lt/wp-content/uploads/logo/logo_vatikano-r.gif"},"priority":1},{"id":56514,"action":{"type":"block"},"condition":{"urlFilter":"||kvitrina.lt/kv/updir/*-150x150.jpg^"},"priority":1},{"id":56562,"action":{"type":"block"},"condition":{"urlFilter":"||kvitrina.lt/kv/updir/*-536x*-536x*.jpeg^"},"priority":1},{"id":56615,"action":{"type":"block"},"condition":{"urlFilter":"||kvitrina.lt/kv/updir/*-reklama-*.jpg^"},"priority":1},{"id":56665,"action":{"type":"block"},"condition":{"urlFilter":"||kvitrina.lt/kv/updir/*/150x150.jpg^"},"priority":1},{"id":56713,"action":{"type":"block"},"condition":{"urlFilter":"||kvitrina.lt/kv/updir/*/A00*.jpeg^"},"priority":1},{"id":56759,"action":{"type":"block"},"condition":{"urlFilter":"||kvitrina.lt/kv/updir/*/btn-*.jpeg^"},"priority":1},{"id":56806,"action":{"type":"block"},"condition":{"urlFilter":"||kvitrina.lt/kv/updir/2015/07/mineral_spa_logo-*.jpg^"},"priority":1},{"id":56871,"action":{"type":"block"},"condition":{"urlFilter":"||kvitrina.lt/kv/updir/201*/*-536x*.jpg^"},"priority":1},{"id":56922,"action":{"type":"block"},"condition":{"urlFilter":"||kvitrina.lt/kv/updir/2020/07/*stovykla*.jpg"},"priority":1},{"id":56978,"action":{"type":"block"},"condition":{"urlFilter":"||kvitrina.lt/kv/updir/2020/08/*_2019_*.jpg^"},"priority":1},{"id":57033,"action":{"type":"block"},"condition":{"urlFilter":"||l2j.lt/ads/"},"priority":1},{"id":57057,"action":{"type":"block"},"condition":{"urlFilter":"||l2r.xz.lt/l2rbanners/"},"priority":1},{"id":57091,"action":{"type":"block"},"condition":{"urlFilter":"||l2servers.com/promo"},"priority":1},{"id":57123,"action":{"type":"block"},"condition":{"urlFilter":"||laisvaslaikrastis.lt/images/reklaminiai/"},"priority":1},{"id":57176,"action":{"type":"block"},"condition":{"urlFilter":"||lavinantys.lt/shop/out/oxbaseshop/html/2/images"},"priority":1},{"id":57236,"action":{"type":"block"},"condition":{"urlFilter":"||legacy.flirtas.lt/alfa/users_block/"},"priority":1},{"id":57284,"action":{"type":"block"},"condition":{"urlFilter":"||lilijairsaulius.ucoz.de/Ikonos/Unbenannt.png"},"priority":1},{"id":57341,"action":{"type":"block"},"condition":{"urlFilter":"||lineager.lt/images/kyc1.gif"},"priority":1},{"id":57381,"action":{"type":"block"},"condition":{"urlFilter":"||lineager.lt/images/kyc2.jpg"},"priority":1},{"id":57421,"action":{"type":"block"},"condition":{"urlFilter":"||lkl.lt/wp-content/themes/lkl/js/fancybox/jquery.fancybox.pack.js"},"priority":1},{"id":57498,"action":{"type":"block"},"condition":{"urlFilter":"||lkl.lt/banners_new/","domainType":"firstParty","resourceTypes":["image"]},"priority":102},{"id":57554,"action":{"type":"block"},"condition":{"urlFilter":"||lmg.lt/kiti/img/vip_reklama2.png"},"priority":1},{"id":57599,"action":{"type":"block"},"condition":{"urlFilter":"||lombas.lt/image/gmx/"},"priority":1},{"id":57632,"action":{"type":"block"},"condition":{"urlFilter":"||lova.lt/files/uploads/images/sitefriends/"},"priority":1},{"id":57686,"action":{"type":"block"},"condition":{"urlFilter":"||lova.lt/uno/bigbank_"},"priority":1},{"id":57719,"action":{"type":"block"},"condition":{"urlFilter":"||lt.tonybet.com/tonybetpoker?trc="},"priority":1},{"id":57764,"action":{"type":"block"},"condition":{"urlFilter":"||lyderis.eu/wp-content/uploads/2010/11/LL_logo2_300_50.png"},"priority":1},{"id":57834,"action":{"type":"block"},"condition":{"urlFilter":"||lyderis.eu/wp-content/uploads/2010/11/logo-1.jpg"},"priority":1},{"id":57895,"action":{"type":"block"},"condition":{"urlFilter":"||lyderis.eu/wp-content/uploads/2011/10/agito300x300.gif"},"priority":1},{"id":57962,"action":{"type":"block"},"condition":{"urlFilter":"||lzinios.lt/lzinios/failai/video/"},"priority":1},{"id":58007,"action":{"type":"block"},"condition":{"urlFilter":"||macpartija.lt/images/stories/ishop.png"},"priority":1},{"id":58058,"action":{"type":"block"},"condition":{"urlFilter":"||macpartija.lt/images/stories/telefix_175x80.png"},"priority":1},{"id":58118,"action":{"type":"block"},"condition":{"urlFilter":"||maistobankas.lt/uploads/user/image/maisto-svaistymas-naujas.gif"},"priority":1},{"id":58194,"action":{"type":"block"},"condition":{"urlFilter":"||maldeikiene.lt/wp-content/uploads/2015/10/PensijosFondas.lt_.png"},"priority":1},{"id":58271,"action":{"type":"block"},"condition":{"urlFilter":"||mama.lt/Uploads/UGallery/photos/ad/bb/8a/2f/adbb8a2f2310e49a3958169037e7d057.jpg"},"priority":1},{"id":58364,"action":{"type":"block"},"condition":{"urlFilter":"||mamairvaikas.lt/tvs/failai/2012/08/moteris-info2-e1345913451356.jpg"},"priority":1},{"id":58444,"action":{"type":"block"},"condition":{"urlFilter":"||mamosgidas.lt/uploads/images/modifast.jpg"},"priority":1},{"id":58498,"action":{"type":"block"},"condition":{"urlFilter":"||mamosgidas.lt/uploads/images/ngc2.gif"},"priority":1},{"id":58548,"action":{"type":"block"},"condition":{"urlFilter":"||mamoszurnalas.lt/multisites/mamoszurnalas/images/stories/logotipai/ikimpokyklinis.jpg"},"priority":1},{"id":58646,"action":{"type":"block"},"condition":{"urlFilter":"||manonamai.lt/newsfeed/"},"priority":1},{"id":58681,"action":{"type":"block"},"condition":{"urlFilter":"||masazonamai.lt/imunitetas.gif"},"priority":1},{"id":58723,"action":{"type":"block"},"condition":{"urlFilter":"||masazonamai.lt/kleopatra%2060x120.jpg"},"priority":1},{"id":58773,"action":{"type":"block"},"condition":{"urlFilter":"||medicina.lt/r/"},"priority":1},{"id":58800,"action":{"type":"block"},"condition":{"urlFilter":"||meileslegendos.lt/wp-content/uploads/2014/02/fotografas.png"},"priority":1},{"id":58872,"action":{"type":"block"},"condition":{"urlFilter":"||meileslegendos.lt/wp-content/uploads/2014/02/mergvakario-baneris_legendos.jpg"},"priority":1},{"id":58962,"action":{"type":"block"},"condition":{"urlFilter":"||meileslegendos.lt/wp-content/uploads/2014/03/vestuviu-fotografai.jpg"},"priority":1},{"id":59043,"action":{"type":"block"},"condition":{"urlFilter":"||meileslegendos.lt/wp-content/uploads/2014/04/Ivory.png"},"priority":1},{"id":59110,"action":{"type":"block"},"condition":{"urlFilter":"||meniu.lt/uploads/user_images/Ozonas_virselis_Maistas_250pix.jpg"},"priority":1},{"id":59186,"action":{"type":"block"},"condition":{"urlFilter":"||meniu.lt/uploads/user_images/RV41_cover.jpg"},"priority":1},{"id":59242,"action":{"type":"block"},"condition":{"urlFilter":"||meteoprog.lt/lt/informerget/?type=4&city[]=Gargzdai&color=E45700&txtcolor=FFFF00&day=tommorow"},"priority":1},{"id":59348,"action":{"type":"block"},"condition":{"urlFilter":"||miestugatves.lt/nuolaida-"},"priority":1},{"id":59386,"action":{"type":"block"},"condition":{"urlFilter":"||minfo.lt/img/dovana-dukrai.jpg"},"priority":1},{"id":59429,"action":{"type":"block"},"condition":{"urlFilter":"||minfo.lt/img/horizontal_main.jpg"},"priority":1},{"id":59474,"action":{"type":"block"},"condition":{"urlFilter":"||minfo.lt/img/laiminga.png"},"priority":1},{"id":59512,"action":{"type":"block"},"condition":{"urlFilter":"||minfo.lt/img/muscle.gif"},"priority":1},{"id":59548,"action":{"type":"block"},"condition":{"urlFilter":"||minfo.lt/img/vertical_"},"priority":1},{"id":59583,"action":{"type":"block"},"condition":{"urlFilter":"||minfo.lt/img/zaidimas.jpg"},"priority":1},{"id":59621,"action":{"type":"block"},"condition":{"urlFilter":"||miskobirza.lt/images/news/Baneris1_120x60[1].JPG"},"priority":1},{"id":59682,"action":{"type":"block"},"condition":{"urlFilter":"||miskobirza.lt/images/texts/ad"},"priority":1},{"id":59724,"action":{"type":"block"},"condition":{"urlFilter":"||miskobirza.lt/images/texts/miskui_lt_90x55_1[1].jpg"},"priority":1},{"id":59788,"action":{"type":"block"},"condition":{"urlFilter":"||miskobirza.lt/images/texts/sanit.jpg"},"priority":1},{"id":59837,"action":{"type":"block"},"condition":{"urlFilter":"||miskobirza.lt/images/users_ads/"},"priority":1},{"id":59881,"action":{"type":"block"},"condition":{"urlFilter":"||miskui.lt/images/news/sip-1.jpg"},"priority":1},{"id":59925,"action":{"type":"block"},"condition":{"urlFilter":"||monetupiramide.lt/skydelis-150.png"},"priority":1},{"id":59972,"action":{"type":"block"},"condition":{"urlFilter":"||mokilizingas.lt^","initiatorDomains":["kilobaitas.lt","trajektorija.lt","baitukas.lt","primtech.lt","technoringas.lt","valmanta.lt","rigveda.lt"],"resourceTypes":["sub_frame"]},"priority":216},{"id":60122,"action":{"type":"block"},"condition":{"urlFilter":"||mususavaite.lt/wp-content/uploads/2014/05/aeroklubas.png"},"priority":1},{"id":60191,"action":{"type":"block"},"condition":{"urlFilter":"||mususavaite.lt/wp-content/uploads/2014/05/miesto_dienos.png"},"priority":1},{"id":60263,"action":{"type":"block"},"condition":{"urlFilter":"||nailbar.lt/images/stories/nuolaidos/"},"priority":1},{"id":60312,"action":{"type":"block"},"condition":{"urlFilter":"||nesijuok.lt/images/buliausgalia.gif"},"priority":1},{"id":60360,"action":{"type":"block"},"condition":{"urlFilter":"||niekonaujo.lt/wp-content/uploads/2010/12/serveriai_logo.png"},"priority":1},{"id":60432,"action":{"type":"block"},"condition":{"urlFilter":"||nuotykiu-lenktynes.pramoguslenis.lt/failai/iliustracijos/2013/Generalinis_KAS.gif"},"priority":1},{"id":60526,"action":{"type":"block"},"condition":{"urlFilter":"||nuotykiu-lenktynes.pramoguslenis.lt/failai/iliustracijos/2014/Pagr_remejai_AIC-Imenza_S-Sportas.gif"},"priority":1},{"id":60638,"action":{"type":"block"},"condition":{"urlFilter":"||nuotykiu-lenktynes.pramoguslenis.lt/failai/iliustracijos/2014/s_sportas_LOGOTIPAS_horizontalus_small.jpg"},"priority":1},{"id":60755,"action":{"type":"block"},"condition":{"urlFilter":"||nuotykiu-lenktynes.pramoguslenis.lt/failai/iliustracijos/2014/SmaPro.JPG"},"priority":1},{"id":60840,"action":{"type":"block"},"condition":{"urlFilter":"||nuotykiu-lenktynes.pramoguslenis.lt/failai/iliustracijos/AiC%20logo%20copy_2.JPG"},"priority":1},{"id":60933,"action":{"type":"block"},"condition":{"urlFilter":"||nyksciai.lt/images/*_200x200*.gif"},"priority":1},{"id":60979,"action":{"type":"block"},"condition":{"urlFilter":"||nyksciai.lt/images/1551.jpg"},"priority":1},{"id":61019,"action":{"type":"block"},"condition":{"urlFilter":"||nyksciai.lt/images/a_k_banner1.jpg"},"priority":1},{"id":61066,"action":{"type":"block"},"condition":{"urlFilter":"||nyksciai.lt/images/anyksciu_vandenys_160.jpg"},"priority":1},{"id":61123,"action":{"type":"block"},"condition":{"urlFilter":"||nyksciai.lt/images/anyksciu_vynas_2014_1.gif"},"priority":1},{"id":61180,"action":{"type":"block"},"condition":{"urlFilter":"||nyksciai.lt/images/baidariu_nuoma.gif"},"priority":1},{"id":61230,"action":{"type":"block"},"condition":{"urlFilter":"||nyksciai.lt/images/edox_200x91.gif"},"priority":1},{"id":61277,"action":{"type":"block"},"condition":{"urlFilter":"||nyksciai.lt/images/futbolo_sporto_klubas.jpg"},"priority":1},{"id":61334,"action":{"type":"block"},"condition":{"urlFilter":"||nyksciai.lt/images/jaros_prekyba_140403_1.gif"},"priority":1},{"id":61392,"action":{"type":"block"},"condition":{"urlFilter":"||nyksciai.lt/images/kompeksa_200x150"},"priority":1},{"id":61440,"action":{"type":"block"},"condition":{"urlFilter":"||nyksciai.lt/images/nominacijos.gif"},"priority":1},{"id":61487,"action":{"type":"block"},"condition":{"urlFilter":"||nyksciai.lt/images/nyksciai_168x91.gif"},"priority":1},{"id":61538,"action":{"type":"block"},"condition":{"urlFilter":"||nyksciai.lt/images/res_banner.jpg"},"priority":1},{"id":61584,"action":{"type":"block"},"condition":{"urlFilter":"||nyksciai.lt/images/sportas_1.jpg"},"priority":1},{"id":61629,"action":{"type":"block"},"condition":{"urlFilter":"||nyksciai.lt/images/sveikatos_oaze_982x110new1"},"priority":1},{"id":61687,"action":{"type":"block"},"condition":{"urlFilter":"||offers.webitas.lt/o-images"},"priority":1},{"id":61726,"action":{"type":"block"},"condition":{"urlFilter":"||opti-myst.lt/wp-content/uploads/2014/05/linava_2.jpg"},"priority":1},{"id":61791,"action":{"type":"block"},"condition":{"urlFilter":"||pasidarykpats.eu/wp-content/uploads/2012/09/pasidaryk120.png"},"priority":1},{"id":61864,"action":{"type":"block"},"condition":{"urlFilter":"||pasidarykpats.eu/wp-content/uploads/2012/09/pasidaryk468.png"},"priority":1},{"id":61937,"action":{"type":"block"},"condition":{"urlFilter":"||perku.lt/uploads/taupiems_tapetas.gif"},"priority":1},{"id":61987,"action":{"type":"block"},"condition":{"urlFilter":"||15min.lt/static/cache/*adblock*.jpg|"},"priority":1},{"id":62036,"action":{"type":"block"},"condition":{"urlFilter":"||perkuvaikui.lt/media/upload/image/Beautyline%20ban%20180x180.jpg"},"priority":1},{"id":62113,"action":{"type":"block"},"condition":{"urlFilter":"||perkuvaikui.lt/media/upload/image/kaimai_lt(2).jpg"},"priority":1},{"id":62176,"action":{"type":"block"},"condition":{"urlFilter":"||perkuvaikui.lt/media/upload/image/mamu%20unija-1.png"},"priority":1},{"id":62241,"action":{"type":"block"},"condition":{"urlFilter":"||perkuvaikui.lt/media/upload/image/mokinukas(1).gif"},"priority":1},{"id":62304,"action":{"type":"block"},"condition":{"urlFilter":"||perkuvaikui.lt/media/upload/image/perku%20vaikui1.jpg"},"priority":1},{"id":62370,"action":{"type":"block"},"condition":{"urlFilter":"||perkuvaikui.lt/media/upload/image/Zappy%20baneris%20180x120_frame_2.jpg"},"priority":1},{"id":62454,"action":{"type":"block"},"condition":{"urlFilter":"||perkuvaikui.lt/media/wysiwyg/ARTmanija%20DOVANOS-04.jpg"},"priority":1},{"id":62522,"action":{"type":"block"},"condition":{"urlFilter":"||pho.lt/wp-content/uploads/2009/10/logo.jpg"},"priority":1},{"id":62577,"action":{"type":"block"},"condition":{"urlFilter":"||pho.lt/wp-content/uploads/2009/10/musu_paveldas_150x300.gif"},"priority":1},{"id":62649,"action":{"type":"block"},"condition":{"urlFilter":"||pho.lt/wp-content/uploads/2010/11/300_250px_fotonuoma.gif"},"priority":1},{"id":62719,"action":{"type":"block"},"condition":{"urlFilter":"||pho.lt/wp-content/uploads/2012/06/idomiausios-knygos.jpg"},"priority":1},{"id":62788,"action":{"type":"block"},"condition":{"urlFilter":"||pics.livejournal.com/yourprivatehell/pic/00050ypw"},"priority":1},{"id":62850,"action":{"type":"block"},"condition":{"urlFilter":"||pirkanglijoje.lt/wp-content/themes/pirkebay/images/regi.png"},"priority":1},{"id":62922,"action":{"type":"block"},"condition":{"urlFilter":"||pirkpigiau.lt/shop/images/shop/banners-"},"priority":1},{"id":62974,"action":{"type":"block"},"condition":{"urlFilter":"||pixolain.lt/images/stories/peliuko.jpg"},"priority":1},{"id":63025,"action":{"type":"block"},"condition":{"urlFilter":"||pokalbis.narod.ru/ismok.gif"},"priority":1},{"id":63065,"action":{"type":"block"},"condition":{"urlFilter":"||pokalbis.narod.ru/lietuva_laisva.gif"},"priority":1},{"id":63114,"action":{"type":"block"},"condition":{"urlFilter":"||pramogu.lt/pramogult.png"},"priority":1},{"id":63151,"action":{"type":"block"},"condition":{"urlFilter":"||prekes.suaugusiems.lt/Shop/affiliateFrame.html"},"priority":1},{"id":63210,"action":{"type":"block"},"condition":{"urlFilter":"||priejuros.lt/admin/uploads/baneriai_right"},"priority":1},{"id":63264,"action":{"type":"block"},"condition":{"urlFilter":"||priejuros.lt/imgs/issinuomosiu.gif"},"priority":1},{"id":63311,"action":{"type":"block"},"condition":{"urlFilter":"||prokuraturos.lt/Portals/0/Skins/lrgp/images/banner1.gif"},"priority":1},{"id":63379,"action":{"type":"block"},"condition":{"urlFilter":"||prokuraturos.lt/Portals/0/Skins/lrgp/images/Patarimai.gif"},"priority":1},{"id":63449,"action":{"type":"block"},"condition":{"urlFilter":"||psichika.eu/wp-content/uploads/1/Terapija.jpg"},"priority":1},{"id":63507,"action":{"type":"block"},"condition":{"urlFilter":"||psichika.eu/wp-content/uploads/2014/07/VALGYMO-sutrikimai.jpg"},"priority":1},{"id":63581,"action":{"type":"block"},"condition":{"urlFilter":"||pzemaitis.lt/wp-content/uploads/2013/06/VMI/"},"priority":1},{"id":63638,"action":{"type":"block"},"condition":{"urlFilter":"||r.diena.lt/i/co-sites/"},"priority":1},{"id":63673,"action":{"type":"block"},"condition":{"urlFilter":"||r1.lt/paveiksliukai/*.png"},"priority":1},{"id":63711,"action":{"type":"block"},"condition":{"urlFilter":"||r1.lt/wp-content/uploads/2013/04/fontanas-v-195x168.jpg"},"priority":1},{"id":63779,"action":{"type":"block"},"condition":{"urlFilter":"||rcdrift.lt/2010-07-29/Plakatas%20(1).jpg"},"priority":1},{"id":63832,"action":{"type":"block"},"condition":{"urlFilter":"||rcdrift.lt/putinukas.png"},"priority":1},{"id":63869,"action":{"type":"block"},"condition":{"urlFilter":"||rcmodelis.lt/styles/hestia/theme/images/propeleris.png"},"priority":1},{"id":63936,"action":{"type":"block"},"condition":{"urlFilter":"||receptumedis.lt/wordpress/wp-content/uploads/2012/04/untitled.jpg"},"priority":1},{"id":64014,"action":{"type":"block"},"condition":{"urlFilter":"||receptumedis.lt/wordpress/wp-content/uploads/2013/03/Numeris7Pavasaris2013virselis.jpg"},"priority":1},{"id":64113,"action":{"type":"block"},"condition":{"urlFilter":"||redo.lt/galery/_redo/page/klaipedos_info20110506.png"},"priority":1},{"id":64178,"action":{"type":"block"},"condition":{"urlFilter":"||reitingai.eu/draugai/"},"priority":1},{"id":64212,"action":{"type":"block"},"condition":{"urlFilter":"||rimi.lt/assets/upload/userfiles/images/background/Frette%20fonas%201600x970-3.jpg"},"priority":1},{"id":64306,"action":{"type":"block"},"condition":{"urlFilter":"||rkdragunas.lt/ip_themes/dragunas/rk_pav/"},"priority":1},{"id":64359,"action":{"type":"block"},"condition":{"urlFilter":"||rkl.lt/15min/index.php"},"priority":1},{"id":64394,"action":{"type":"block"},"condition":{"urlFilter":"||russianamerica.com/top/logo/index.php?id=5983"},"priority":1},{"id":64452,"action":{"type":"block"},"condition":{"urlFilter":"||s1.15cdn.lt/img/banners/knorr/knorr_oru_ikonele.png"},"priority":1},{"id":64516,"action":{"type":"block"},"condition":{"urlFilter":"||s1.postimage.org/xh5bk9p2n/siuntos_200x200.jpg"},"priority":1},{"id":64575,"action":{"type":"block"},"condition":{"urlFilter":"||s2.15cdn.lt/images/infoblocks/vaiva-cili-535f717dc89e7.jpg"},"priority":1},{"id":64646,"action":{"type":"block"},"condition":{"urlFilter":"||s2.15cdn.lt/images/infoblocks/versli-lietuva-5371f4a560b08.jpg"},"priority":1},{"id":64721,"action":{"type":"block"},"condition":{"urlFilter":"||sblizingas.lt/skaiciuokle/","initiatorDomains":["skytech.lt","bigbox.lt","avitela.lt","kilobaitas.lt","itsupply.lt","technorama.lt","iwow.lt","fortakas.lt","primtech.lt","topocentras.lt","ermitazas.lt"],"resourceTypes":["sub_frame"]},"priority":211},{"id":64921,"action":{"type":"block"},"condition":{"urlFilter":"||savaite.lt/uploads/bnr/"},"priority":1},{"id":64957,"action":{"type":"block"},"condition":{"urlFilter":"||seksas.us/REK/*.jpg"},"priority":1},{"id":64989,"action":{"type":"block"},"condition":{"urlFilter":"||selonija.lt/selonija_draugai/"},"priority":1},{"id":65031,"action":{"type":"block"},"condition":{"urlFilter":"||sgg.lt/uploads/images/sgg120x60.jpg"},"priority":1},{"id":65079,"action":{"type":"block"},"condition":{"urlFilter":"||silaine.lt/Kase/Silokarcema2.gif"},"priority":1},{"id":65124,"action":{"type":"block"},"condition":{"urlFilter":"||silaine.lt/m/wp-content/uploads/2013/11/MLA-2.gif"},"priority":1},{"id":65186,"action":{"type":"block"},"condition":{"urlFilter":"||siloaidas.lt/wp-content/uploads/2012/12/Logotipas1.jpg"},"priority":1},{"id":65253,"action":{"type":"block"},"condition":{"urlFilter":"||skaiciuokle.gf.lt/calculators/display"},"priority":1},{"id":65303,"action":{"type":"block"},"condition":{"urlFilter":"||skelbiu-files.dgn.lt/blplc_0_"},"priority":1},{"id":65345,"action":{"type":"block"},"condition":{"urlFilter":"||skrastas.lt/galery/_skrastas/banners/"},"priority":1},{"id":65395,"action":{"type":"block"},"condition":{"urlFilter":"||smartseo.lt/*.png"},"priority":1},{"id":65425,"action":{"type":"block"},"condition":{"urlFilter":"||solisun.lt/?_nm_shot=files.1.2-329&_nm_nosession=1"},"priority":1},{"id":65488,"action":{"type":"block"},"condition":{"urlFilter":"||spainetosdraudimas.lt/uploads/images/banner"},"priority":1},{"id":65544,"action":{"type":"block"},"condition":{"urlFilter":"||spainetosdraudimas.lt/uploads/images/sadomaksa_ct_cs.gif"},"priority":1},{"id":65613,"action":{"type":"block"},"condition":{"urlFilter":"||spainetosdraudimas.lt/uploads/images/Vart-ban-220x100(1)b.jpg"},"priority":1},{"id":65687,"action":{"type":"block"},"condition":{"urlFilter":"||spargalka.lt/images/filmai.gif"},"priority":1},{"id":65730,"action":{"type":"block"},"condition":{"urlFilter":"||spausdink-ilgiau.lt/image/cache/data/img/mokilizingas-182x182-182x182.png"},"priority":1},{"id":65816,"action":{"type":"block"},"condition":{"urlFilter":"||sport24.lt/uploads/NET4.png"},"priority":1},{"id":65856,"action":{"type":"block"},"condition":{"urlFilter":"||sportas.lt/Uploads/image/03_klasika_2200x1024.jpg"},"priority":1},{"id":65918,"action":{"type":"block"},"condition":{"urlFilter":"||sportas.lt/Uploads/image/Naujasis%20tapetas%20be%20vir%C5%A1aus.jpg"},"priority":1},{"id":65998,"action":{"type":"block"},"condition":{"urlFilter":"||static.autoplius.lt/static/images/desktop/landing_page/featured_promotion/ap_loan_promotion_08.png","domainType":"firstParty","resourceTypes":["image"]},"priority":102},{"id":66133,"action":{"type":"block"},"condition":{"urlFilter":"||suaugusiems.lt/Uploads/Affiliates/"},"priority":1},{"id":66180,"action":{"type":"block"},"condition":{"urlFilter":"||suru.lt/srwrd/wp-content/themes/scarlett/images/sponsors/LELO_PLEASURE_OBJECTS.png"},"priority":1},{"id":66275,"action":{"type":"block"},"condition":{"urlFilter":"||suru.lt/srwrd/wp-content/uploads/mBanner/banners/"},"priority":1},{"id":66337,"action":{"type":"block"},"condition":{"urlFilter":"||suvalkai.lt/wp-content/uploads/2014/bigbus.gif^"},"priority":1},{"id":66397,"action":{"type":"block"},"condition":{"urlFilter":"||sveikatosabc.lt/templates/main/images/skradio.jpg"},"priority":1},{"id":66459,"action":{"type":"block"},"condition":{"urlFilter":"||tavovaikams.lt//cshowimage/augantys_rasomieji_stalai_vaikams_akcija6264s.jpg/165/170"},"priority":1},{"id":66556,"action":{"type":"block"},"condition":{"urlFilter":"||tavovaikams.lt//cshowimage/mamairvaik._180_5207s.jpg/165/170"},"priority":1},{"id":66629,"action":{"type":"block"},"condition":{"urlFilter":"||technologijos.lt/archyvas/skydeliai_mainams/"},"priority":1},{"id":66686,"action":{"type":"block"},"condition":{"urlFilter":"||technologijos.lt/infoBlockEN"},"priority":1},{"id":66727,"action":{"type":"block"},"condition":{"urlFilter":"||technologijos.lt/n/iframe_baneris"},"priority":1},{"id":66773,"action":{"type":"block"},"condition":{"urlFilter":"||technologijos.lt/n/url/straipsnio_viduje/iframe_baneris"},"priority":1},{"id":66841,"action":{"type":"block"},"condition":{"urlFilter":"||technologijos.lt/upload/image/n/iliustracijos/skelbimu_logotipai/ban/"},"priority":1},{"id":66923,"action":{"type":"block"},"condition":{"urlFilter":"||technologijos.lt/upload/image/*/980x200.jpg","domainType":"firstParty","resourceTypes":["image"]},"priority":102},{"id":67003,"action":{"type":"block"},"condition":{"urlFilter":"||technologijos.lt/upload/image/iliustracijos/ivairus^"},"priority":1},{"id":67068,"action":{"type":"block"},"condition":{"urlFilter":"||www.technologijos.lt/upload/image/iliustracijos/11/980-LT.gif","resourceTypes":["image"]},"priority":101},{"id":67157,"action":{"type":"block"},"condition":{"urlFilter":"||tekstai.lt/images/stories/draugai/"},"priority":1},{"id":67204,"action":{"type":"block"},"condition":{"urlFilter":"||teo.lt/akcijoms/uzsakymoformos/kontaktai3.php?no_close"},"priority":1},{"id":67271,"action":{"type":"block"},"condition":{"urlFilter":"||tevu-darzelis.lt/img/hot-stuff/happeak-ispardavimas.jpg"},"priority":1},{"id":67339,"action":{"type":"block"},"condition":{"urlFilter":"||skaiciuokles.inbank.lt^","initiatorDomains":["www.topocentras.lt","itwork.lt","kmobiles.lt","gitana.lt","ermitazas.lt"]},"priority":121},{"id":67458,"action":{"type":"block"},"condition":{"urlFilter":"||themusic.lt/images/geramada12x120.gif"},"priority":1},{"id":67508,"action":{"type":"block"},"condition":{"urlFilter":"||themusic.lt/images/imknuolaida2.png"},"priority":1},{"id":67556,"action":{"type":"block"},"condition":{"urlFilter":"||themusic.lt/images/thesport.png"},"priority":1},{"id":67600,"action":{"type":"block"},"condition":{"urlFilter":"||themusic.lt/images/vienisi.png"},"priority":1},{"id":67643,"action":{"type":"block"},"condition":{"urlFilter":"||tiketa.lt/files/2014.04/id_18980.jpg"},"priority":1},{"id":67692,"action":{"type":"block"},"condition":{"urlFilter":"||tinypic.com/2yos7f7.png"},"priority":1},{"id":67728,"action":{"type":"block"},"condition":{"urlFilter":"||tinypic.com/k4vxvm.gif"},"priority":1},{"id":67763,"action":{"type":"block"},"condition":{"urlFilter":"||torentai.lt/pic/ldiena.png"},"priority":1},{"id":67802,"action":{"type":"block"},"condition":{"urlFilter":"||torentai.lt/pic/logo_mazas.png"},"priority":1},{"id":67845,"action":{"type":"block"},"condition":{"urlFilter":"||torrent.ai/*/advise/"},"priority":1},{"id":67878,"action":{"type":"block"},"condition":{"urlFilter":"||torrent.lt/*/advise/"},"priority":1},{"id":67911,"action":{"type":"block"},"condition":{"urlFilter":"||toxnet.nlm.nih.gov/help/widget/lactmed_widget_large.html"},"priority":1},{"id":67980,"action":{"type":"block"},"condition":{"urlFilter":"||transplantacija.lt/images/15min.png"},"priority":1},{"id":68028,"action":{"type":"block"},"condition":{"urlFilter":"||transplantacija.lt/images/novartis.png"},"priority":1},{"id":68079,"action":{"type":"block"},"condition":{"urlFilter":"||travianas.lt/images/2007/zaidimai-01.gif"},"priority":1},{"id":68132,"action":{"type":"block"},"condition":{"urlFilter":"||travianas.lt/images/2008/travian-lt-03.jpg"},"priority":1},{"id":68187,"action":{"type":"block"},"condition":{"urlFilter":"||triada.lt/image/data/image001.png"},"priority":1},{"id":68233,"action":{"type":"block"},"condition":{"urlFilter":"||triada.lt/image/data/Lazer-250x250-1.jpg"},"priority":1},{"id":68286,"action":{"type":"block"},"condition":{"urlFilter":"||trl.lt/di-JQOX06.jpg"},"priority":1},{"id":68319,"action":{"type":"block"},"condition":{"urlFilter":"||tv3.lt/Uploads/2454399.jpg"},"priority":1},{"id":68358,"action":{"type":"block"},"condition":{"urlFilter":"||tv3.lt/Uploads/banner_300x250(1).png"},"priority":1},{"id":68407,"action":{"type":"block"},"condition":{"urlFilter":"||tv3.lt/Uploads/image/000/indeliaiLT_baneris__300x200.jpg"},"priority":1},{"id":68476,"action":{"type":"block"},"condition":{"urlFilter":"||tv3.lt/Uploads/image/pwr.jpg"},"priority":1},{"id":68517,"action":{"type":"block"},"condition":{"urlFilter":"||tv3.lt/Uploads/kalediniai_DM_tapetas.jpg"},"priority":1},{"id":68570,"action":{"type":"block"},"condition":{"urlFilter":"||tv3.lt/Uploads/wp_danai.jpg"},"priority":1},{"id":68610,"action":{"type":"block"},"condition":{"urlFilter":"||twickerz.com/banner/125x125.gif"},"priority":1},{"id":68654,"action":{"type":"block"},"condition":{"urlFilter":"||ubl.lt/skaiciuokle/calculator.php"},"priority":1},{"id":68700,"action":{"type":"block"},"condition":{"urlFilter":"||urmas.net/upload/rk/"},"priority":1},{"id":68733,"action":{"type":"block"},"condition":{"urlFilter":"||vairuokime.lt/img/lyoness.png"},"priority":1},{"id":68775,"action":{"type":"block"},"condition":{"urlFilter":"||valstietis.lt/bn/"},"priority":1},{"id":68805,"action":{"type":"block"},"condition":{"urlFilter":"||veberis.com/banner/"},"priority":1},{"id":68837,"action":{"type":"block"},"condition":{"urlFilter":"||veberis.com/foto/balionucentras/balionai.jpg"},"priority":1},{"id":68894,"action":{"type":"block"},"condition":{"urlFilter":"||veberis.com/images/virselis_26.jpg"},"priority":1},{"id":68941,"action":{"type":"block"},"condition":{"urlFilter":"||vela.lt/images/additional/footmate3.jpg","domainType":"firstParty","resourceTypes":["image"]},"priority":102},{"id":69017,"action":{"type":"block"},"condition":{"urlFilter":"||vendors.lt/pics/dumblascom.gif"},"priority":1},{"id":69060,"action":{"type":"block"},"condition":{"urlFilter":"||vendors.lt/pics/hero.png"},"priority":1},{"id":69097,"action":{"type":"block"},"condition":{"urlFilter":"||vendors.lt/pics/linkuva.gif"},"priority":1},{"id":69137,"action":{"type":"block"},"condition":{"urlFilter":"||versijos.lt/wp-content/uploads/2015/07/Parama-tinklapiui.jpg"},"priority":1},{"id":69210,"action":{"type":"block"},"condition":{"urlFilter":"||verslovirusas.lt/wp-content/uploads/2013/10/logovisi.png"},"priority":1},{"id":69279,"action":{"type":"block"},"condition":{"urlFilter":"||vienaturis.lt/detales2.gif"},"priority":1},{"id":69318,"action":{"type":"block"},"condition":{"urlFilter":"||viktorijosvestuves.lt/blog/wp-content/uploads/2011/10/fotoperlas.jpg"},"priority":1},{"id":69399,"action":{"type":"block"},"condition":{"urlFilter":"||viktorijosvestuves.lt/blog/wp-content/uploads/2013/07/idw.png"},"priority":1},{"id":69473,"action":{"type":"block"},"condition":{"urlFilter":"||vilniaus-turtas.lt/images/isikelk.gif"},"priority":1},{"id":69523,"action":{"type":"block"},"condition":{"urlFilter":"||vilniausgidas.lt/wp-content/uploads/2013/05/vorutos-logo.jpg"},"priority":1},{"id":69596,"action":{"type":"block"},"condition":{"urlFilter":"||vilniausgidas.lt/wp-content/uploads/2013/06/G.clips_.png"},"priority":1},{"id":69665,"action":{"type":"block"},"condition":{"urlFilter":"||visalietuva.lt/companies/banners/"},"priority":1},{"id":69711,"action":{"type":"block"},"condition":{"urlFilter":"||viskasvestuvems.eu/images/Paslaugos/patalpos/alauso/alausoslenis.gif"},"priority":1},{"id":69792,"action":{"type":"block"},"condition":{"urlFilter":"||vz.lt/images/publicationimages/c8e2a76c-d6ea-461b-8fa8-215a54ed4c4a.jpg"},"priority":1},{"id":69876,"action":{"type":"block"},"condition":{"urlFilter":"||vz.lt/img/logos/cv.png"},"priority":1},{"id":69911,"action":{"type":"block"},"condition":{"urlFilter":"||wad.ojooo.com/bs_b_en.php?u=226712"},"priority":1},{"id":69958,"action":{"type":"block"},"condition":{"urlFilter":"||wildcat.lt/Images/Wildcat_180.gif"},"priority":1},{"id":70004,"action":{"type":"block"},"condition":{"urlFilter":"||wp.com/www.myliusoda.lt/wp-content/uploads/2018/03/ali-sale.png"},"priority":1},{"id":70080,"action":{"type":"block"},"condition":{"urlFilter":"||xn--kl-9ma74a8c.lt/images/angleris.jpg"},"priority":1},{"id":70131,"action":{"type":"block"},"condition":{"urlFilter":"||xtgem.com/images/banners/32x32.gif"},"priority":1},{"id":70178,"action":{"type":"block"},"condition":{"urlFilter":"||zigzag.lt/Laiskai/img/zigzag_stovyklos_280x169.jpg"},"priority":1},{"id":70241,"action":{"type":"block"},"condition":{"urlFilter":"||zindyk.lt/wp-content/themes/purple-pastels/images/MamaIrTetisLOGO.png"},"priority":1},{"id":70323,"action":{"type":"block"},"condition":{"urlFilter":"||zindyk.lt/wp-content/themes/purple-pastels/images/nesiokles.png"},"priority":1},{"id":70399,"action":{"type":"block"},"condition":{"urlFilter":"||zindymas.lt/sites/zindymas.lt/files/la_leche_banner_0.jpg"},"priority":1},{"id":70469,"action":{"type":"block"},"condition":{"urlFilter":"||zindymas.lt/sites/zindymas.lt/files/MilkSENSE.jpg"},"priority":1},{"id":70531,"action":{"type":"block"},"condition":{"urlFilter":"||zindymas.lt/sites/zindymas.lt/files/ptc-logo2.png"},"priority":1},{"id":70593,"action":{"type":"block"},"condition":{"urlFilter":"||elektronika.lt/*150x32_*","resourceTypes":["image"]},"priority":101},{"id":70645,"action":{"type":"block"},"condition":{"urlFilter":"||elektronika.lt/*150x32.*","resourceTypes":["image"]},"priority":101},{"id":70697,"action":{"type":"block"},"condition":{"urlFilter":"||world^","initiatorDomains":["filmux.to"],"resourceTypes":["xmlhttprequest"]},"priority":301},{"id":70754,"action":{"type":"block"},"condition":{"urlFilter":"||info^","initiatorDomains":["filmux.to"],"resourceTypes":["xmlhttprequest"]},"priority":301},{"id":70810,"action":{"type":"block"},"condition":{"urlFilter":"||1588.lt/web/companies/banners^"},"priority":1},{"id":70853,"action":{"type":"block"},"condition":{"urlFilter":"||chatas.lt^","domainType":"firstParty","resourceTypes":["xmlhttprequest"]},"priority":102},{"id":70900,"action":{"type":"block"},"condition":{"urlFilter":"||plus.lrytas.lt/staticbanners/*1200x250_300x370.jpg","domainType":"firstParty","initiatorDomains":["lrytas.lt"],"resourceTypes":["image"]},"priority":302},{"id":71197,"action":{"type":"block"},"condition":{"urlFilter":"||zarasuose.lt/reklama_","resourceTypes":["image"]},"priority":101},{"id":71246,"action":{"type":"block"},"condition":{"urlFilter":"||vilniausskelbimai.lt/adv^"},"priority":1},{"id":71284,"action":{"type":"allow"},"condition":{"urlFilter":".png#","initiatorDomains":["siustis.net"]},"priority":100201},{"id":71331,"action":{"type":"allow"},"condition":{"urlFilter":"15minlt.adocean.pl/files/js/ado.js"},"priority":100001},{"id":71376,"action":{"type":"allow"},"condition":{"urlFilter":"imasdk.googleapis.com^","initiatorDomains":["lrytas.lt"]},"priority":100201},{"id":71438,"action":{"type":"allow"},"condition":{"urlFilter":"|http://skelbimai.one.lt/uploads/modules/ads/"},"priority":100001},{"id":71494,"action":{"type":"allow"},"condition":{"urlFilter":"||9menesiai.lt/image/cache/data/Baneriai/"},"priority":100001},{"id":71546,"action":{"type":"allow"},"condition":{"urlFilter":"||adworks.lt^"},"priority":100001},{"id":71570,"action":{"type":"allow"},"condition":{"urlFilter":"||apatinukai.lt/image/cache/data/baneriai/"},"priority":100001},{"id":71623,"action":{"type":"allow"},"condition":{"urlFilter":"||banners.adnet.lt/i/euro_game_1.js"},"priority":100001},{"id":71669,"action":{"type":"allow"},"condition":{"urlFilter":"||entitlements.jwplayer.com/*.json"},"priority":100001},{"id":71714,"action":{"type":"allow"},"condition":{"urlFilter":"||eurovaistine.lt/uploads/banners/"},"priority":100001},{"id":71759,"action":{"type":"allow"},"condition":{"urlFilter":"||googleapis.com/js/sdkloader/ima3.js","initiatorDomains":["lrytas.lt"]},"priority":100201},{"id":71836,"action":{"type":"allow"},"condition":{"urlFilter":"||grozionamai.lt/images/sobipro/adv/"},"priority":100001},{"id":71883,"action":{"type":"allow"},"condition":{"urlFilter":"||hit.gemius.pl^","domainType":"thirdParty","initiatorDomains":["alfa.lt","lnkgo.lt"]},"priority":100152},{"id":71955,"action":{"type":"allow"},"condition":{"urlFilter":"||kaunieciams.lt/miestas/"},"priority":100001},{"id":71991,"action":{"type":"allow"},"condition":{"urlFilter":"||kvt.lt/ebilet.cup.static/img/header/"},"priority":100001},{"id":72040,"action":{"type":"allow"},"condition":{"urlFilter":"||manodienynas.lt^"},"priority":100001},{"id":72069,"action":{"type":"allow"},"condition":{"urlFilter":"||mega.lt/uploads/img/banners/"},"priority":100001},{"id":72110,"action":{"type":"allow"},"condition":{"urlFilter":"||mssl.fwmrm.net/p/MTG_Brightcove_HTML5/AdManager.js","initiatorDomains":["play.tv3.lt"]},"priority":100201},{"id":72204,"action":{"type":"allow"},"condition":{"urlFilter":"||perlas.lt/baneriai/"},"priority":100001},{"id":72236,"action":{"type":"allow"},"condition":{"urlFilter":"||perlas.lt/files/banners/"},"priority":100001},{"id":72273,"action":{"type":"allow"},"condition":{"urlFilter":"||pildyk.lt/uploads/files/BANERIS_pildyk.jpg"},"priority":100001},{"id":72328,"action":{"type":"allow"},"condition":{"urlFilter":"||play.tv3.lt/ad/banner/_ad","resourceTypes":["xmlhttprequest"]},"priority":100101},{"id":72381,"action":{"type":"allow"},"condition":{"urlFilter":"||play.tv3.lt/ad/banner/_adsense_/_adserver/"},"priority":100001},{"id":72436,"action":{"type":"allow"},"condition":{"urlFilter":"||post.lt/bin/banners/"},"priority":100001},{"id":72469,"action":{"type":"allow"},"condition":{"urlFilter":"||post.lt/files/resized/*x*/banners/"},"priority":100001},{"id":72516,"action":{"type":"allow"},"condition":{"urlFilter":"||prod.one.lt/api/framesize.js"},"priority":100001},{"id":72557,"action":{"type":"allow"},"condition":{"urlFilter":"||sascdn.com^","domainType":"thirdParty","initiatorDomains":["vz.lt"]},"priority":100202},{"id":72615,"action":{"type":"allow"},"condition":{"urlFilter":"||smailas.net/baneriai/"},"priority":100001},{"id":72649,"action":{"type":"allow"},"condition":{"urlFilter":"||tamo.lt^"},"priority":100001},{"id":72670,"action":{"type":"allow"},"condition":{"urlFilter":"||tavovaikams.lt//images/goods/","excludedInitiatorDomains":["tavovaikams.lt"]},"priority":100002},{"id":72747,"action":{"type":"allow"},"condition":{"urlFilter":"||teatras.lt/uploads/img/banners/"},"priority":100001},{"id":72791,"action":{"type":"allow"},"condition":{"urlFilter":"||technologijos.lt/iframe_komentarai"},"priority":100001},{"id":72838,"action":{"type":"allow"},"condition":{"urlFilter":"||telikas.biz/wp-content/uploads/2014/10/logo1.png"},"priority":100001},{"id":72899,"action":{"type":"allow"},"condition":{"urlFilter":"||telikas.biz/wp-content/uploads/2015/04/test4.png"},"priority":100001},{"id":72960,"action":{"type":"allow"},"condition":{"urlFilter":"||vaikutis.lt/image/cache/data/baneriai/"},"priority":100001},{"id":73011,"action":{"type":"allow"},"condition":{"urlFilter":"||vaikutis.lt/image/data/baneriai/"},"priority":100001},{"id":73056,"action":{"type":"allow"},"condition":{"urlFilter":"||vjs.zencdn.net/4.12.5/video.js"},"priority":100001},{"id":73099,"action":{"type":"allow"},"condition":{"urlFilter":"||b.adbox.lv^","initiatorDomains":["inbox.lt"],"resourceTypes":["image"]},"priority":100301},{"id":73160,"action":{"type":"allow"},"condition":{"urlFilter":"://b.adbox.lv/bxlib/js/loader.js^","initiatorDomains":["inbox.lt"]},"priority":100201},{"id":73232,"action":{"type":"allow"},"condition":{"urlFilter":"||play.tv3.lt/static/scripts/ima3.js"},"priority":100001},{"id":73279,"action":{"type":"allow"},"condition":{"urlFilter":"||lt.adocean.pl^","initiatorDomains":["lnk.lt"],"resourceTypes":["script"]},"priority":100301},{"id":73341,"action":{"type":"allow"},"condition":{"urlFilter":"||prod.one.lt^","initiatorDomains":["www.tv3.lt"],"resourceTypes":["media"]},"priority":100301},{"id":73405,"action":{"type":"allow"},"condition":{"urlFilter":"/events.gif?","initiatorDomains":["play.tv3.lt"]},"priority":100201},{"id":73459,"action":{"type":"allow"},"condition":{"urlFilter":"||td.setupad.com^","initiatorDomains":["aina.lt"]},"priority":100201},{"id":73514,"action":{"type":"allow"},"condition":{"urlFilter":"||td.setupad.com^","domainType":"firstParty"},"priority":100002},{"id":73557,"action":{"type":"allow"},"condition":{"urlFilter":"||play.tv3.lt/static/scripts/adroot^"},"priority":100001},{"id":73604,"action":{"type":"allow"},"condition":{"urlFilter":"||secure.livechatinc.com^","initiatorDomains":["telia.lt"],"resourceTypes":["sub_frame"]},"priority":100301},{"id":73677,"action":{"type":"redirect","redirect":{"extensionPath":"/web-accessible-resources/redirects/1x1-transparent.gif"}},"condition":{"urlFilter":"||15min.lt/cached/tgif","domainType":"firstParty"},"priority":1002},{"id":73739,"action":{"type":"allow"},"condition":{"urlFilter":"||adform.net/banners/scripts/adx.js|","initiatorDomains":["delfi.lt"],"resourceTypes":["script"]},"priority":100301},{"id":73823,"action":{"type":"allow"},"condition":{"urlFilter":"||content-thumbnail.cxpublic.com/content/dominantthumbnail/","domainType":"thirdParty","initiatorDomains":["www.delfi.lt"],"resourceTypes":["image"]},"priority":100302},{"id":71010,"action":{"type":"block"},"condition":{"regexFilter":"\\.dcdn\\.lt\\/images\\/[a-z]{4}\\/","initiatorDomains":["delfi.lt"],"resourceTypes":["image"]},"priority":301},{"id":71090,"action":{"type":"block"},"condition":{"regexFilter":"muge\\.eu\\/wp-content\\/uploads\\/20\\d{2}\\/\\d{2}\\/thumbnail.*","initiatorDomains":["muge.eu"],"resourceTypes":["image"]},"priority":301}]