[{"id":6147,"action":{"type":"redirect","redirect":{"transform":{"queryTransform":{"removeParams":["caid"]}}}},"condition":{"urlFilter":"||v.fwmrm.net/ad/g/1","resourceTypes":["main_frame","sub_frame"]},"priority":1},{"id":7872,"action":{"type":"redirect","redirect":{"transform":{"queryTransform":{"removeParams":["browser"]}}}},"condition":{"urlFilter":"&browser=MozillaFirefox","initiatorDomains":["mtv.fi","mtvuutiset.fi"],"resourceTypes":["xmlhttprequest"]},"priority":251},{"id":5851,"action":{"type":"redirect","redirect":{"extensionPath":"/web-accessible-resources/redirects/nooptext.js"}},"condition":{"urlFilter":"||adservice.google.com/adsid/integrator.js","initiatorDomains":["telsu.fi"],"resourceTypes":["xmlhttprequest"]},"priority":1301},{"id":5955,"action":{"type":"redirect","redirect":{"extensionPath":"/web-accessible-resources/redirects/nooptext.js"}},"condition":{"urlFilter":"||doubleclick.net^","initiatorDomains":["puhekupla.com"],"resourceTypes":["xmlhttprequest"]},"priority":1301},{"id":6040,"action":{"type":"block"},"condition":{"urlFilter":"||elisa.digital.nuance.com/tagserver/js/ads-blocking-detector.min.js","initiatorDomains":["elisa.fi"]},"priority":201},{"id":7976,"action":{"type":"allow"},"condition":{"urlFilter":"||fi-mtv3.videoplaza.tv/proxy/distributor","initiatorDomains":["mtv.fi","mtvuutiset.fi"]},"priority":100151},{"id":8759,"action":{"type":"block"},"condition":{"urlFilter":"||cloudfront.net/creatives/assets/","initiatorDomains":["mtv.fi","mtvuutiset.fi"],"resourceTypes":["image"]},"priority":251},{"id":8853,"action":{"type":"redirect","redirect":{"extensionPath":"/web-accessible-resources/redirects/noopmp3.mp3"}},"condition":{"urlFilter":"||cloudfront.net/creatives/assets/*.mp4","initiatorDomains":["mtv.fi","mtvuutiset.fi"],"resourceTypes":["media"]},"priority":1251},{"id":8966,"action":{"type":"block"},"condition":{"urlFilter":"||fi-mtv3.videoplaza.tv/proxy/distributor/*&xpb=1","initiatorDomains":["mtv.fi","mtvuutiset.fi"],"resourceTypes":["xmlhttprequest"]},"priority":1000251},{"id":9084,"action":{"type":"allow"},"condition":{"urlFilter":"||fwmrm.net/ad/g/*mtv","initiatorDomains":["mtv.fi","mtvuutiset.fi"],"resourceTypes":["xmlhttprequest"]},"priority":100251},{"id":9274,"action":{"type":"block"},"condition":{"urlFilter":"/bannerCounter.php"},"priority":1},{"id":9303,"action":{"type":"block"},"condition":{"urlFilter":"/js/spring.js"},"priority":1},{"id":9327,"action":{"type":"block"},"condition":{"urlFilter":"/karuselli/js/AgAdCarousel"},"priority":1},{"id":9364,"action":{"type":"block"},"condition":{"urlFilter":"/mainokset."},"priority":1},{"id":9386,"action":{"type":"block"},"condition":{"urlFilter":"/mainokset/*"},"priority":1},{"id":9409,"action":{"type":"block"},"condition":{"urlFilter":"/mainokset_"},"priority":1},{"id":9431,"action":{"type":"block"},"condition":{"urlFilter":"/mainos."},"priority":1},{"id":9450,"action":{"type":"block"},"condition":{"urlFilter":"/mainos/*"},"priority":1},{"id":9470,"action":{"type":"block"},"condition":{"urlFilter":"/mainos_"},"priority":1},{"id":9489,"action":{"type":"block"},"condition":{"urlFilter":"/mainosbanneri."},"priority":1},{"id":9515,"action":{"type":"block"},"condition":{"urlFilter":"/mainosbanneri/*"},"priority":1},{"id":9542,"action":{"type":"block"},"condition":{"urlFilter":"/mainosbanneri_"},"priority":1},{"id":9568,"action":{"type":"block"},"condition":{"urlFilter":"/mainosbannerit."},"priority":1},{"id":9595,"action":{"type":"block"},"condition":{"urlFilter":"/mainosbannerit/*"},"priority":1},{"id":9623,"action":{"type":"block"},"condition":{"urlFilter":"/mainosbannerit_"},"priority":1},{"id":9650,"action":{"type":"block"},"condition":{"urlFilter":"/mainoskaruselli."},"priority":1},{"id":9678,"action":{"type":"block"},"condition":{"urlFilter":"/mainoskaruselli/*"},"priority":1},{"id":9707,"action":{"type":"block"},"condition":{"urlFilter":"/mainoskaruselli_yli"},"priority":1},{"id":9738,"action":{"type":"block"},"condition":{"urlFilter":"/mainosmokkula/*","resourceTypes":["image"]},"priority":101},{"id":9780,"action":{"type":"block"},"condition":{"urlFilter":"/sivulaskuri"},"priority":1},{"id":9803,"action":{"type":"block"},"condition":{"urlFilter":"/sponsorit."},"priority":1},{"id":9825,"action":{"type":"block"},"condition":{"urlFilter":"/sponsorit/*"},"priority":1},{"id":9848,"action":{"type":"block"},"condition":{"urlFilter":"/sponsorit_"},"priority":1},{"id":9870,"action":{"type":"block"},"condition":{"urlFilter":"/yhteistyokumppanit."},"priority":1},{"id":9901,"action":{"type":"block"},"condition":{"urlFilter":"/yhteistyokumppanit/*"},"priority":1},{"id":9933,"action":{"type":"block"},"condition":{"urlFilter":"/yhteistyokumppanit_"},"priority":1},{"id":9964,"action":{"type":"block"},"condition":{"urlFilter":"/yhteistyossa."},"priority":1},{"id":9989,"action":{"type":"block"},"condition":{"urlFilter":"/yhteistyossa/*"},"priority":1},{"id":10015,"action":{"type":"block"},"condition":{"urlFilter":"/yhteistyossa_"},"priority":1},{"id":10040,"action":{"type":"block"},"condition":{"urlFilter":"_mainos."},"priority":1},{"id":10059,"action":{"type":"block"},"condition":{"urlFilter":"_mainosnappi."},"priority":1},{"id":117686,"action":{"type":"block"},"condition":{"urlFilter":"/*-mainos-","initiatorDomains":["futisfani.com","kiekkofani.com","omalahio.fi","penkkiurheilu.com","uutisankka.com"],"resourceTypes":["image"]},"priority":221},{"id":117809,"action":{"type":"block"},"condition":{"urlFilter":"/a-ylabannerit","initiatorDomains":["apteekkari.fi"],"resourceTypes":["image"]},"priority":301},{"id":117876,"action":{"type":"block"},"condition":{"urlFilter":"/b-suurbannerit-uutisvirrassa","initiatorDomains":["apteekkari.fi"],"resourceTypes":["image"]},"priority":301},{"id":117958,"action":{"type":"block"},"condition":{"urlFilter":"/common-column-ads","initiatorDomains":["seutumajakka.fi"],"resourceTypes":["xmlhttprequest"]},"priority":301},{"id":118424,"action":{"type":"block"},"condition":{"urlFilter":"/macro.adnami.io","initiatorDomains":["futisfani.com","kiekkofani.com","penkkiurheilu.com","uutisankka.com"],"resourceTypes":["script"]},"priority":226},{"id":118541,"action":{"type":"block"},"condition":{"urlFilter":"/neoproxy.dll","initiatorDomains":["pkank.fi"],"resourceTypes":["xmlhttprequest"]},"priority":301},{"id":118602,"action":{"type":"block"},"condition":{"urlFilter":"/pop_media_*_fi_inarticle","initiatorDomains":["episodi.fi","rumba.fi","tilt.fi"],"resourceTypes":["script"]},"priority":235},{"id":118694,"action":{"type":"block"},"condition":{"urlFilter":"/prerolls/*.mp4","initiatorDomains":["gamereactor.fi"]},"priority":201},{"id":118754,"action":{"type":"block"},"condition":{"urlFilter":"/wp-content/uploads/*/HymyAlibi*_300x300_","initiatorDomains":["alibi.fi","hymy.fi"],"resourceTypes":["image"]},"priority":251},{"id":118851,"action":{"type":"block"},"condition":{"urlFilter":"/wp-content/uploads/pum/*","initiatorDomains":["futisfani.com","kiekkofani.com","penkkiurheilu.com","uutisankka.com"]},"priority":126},{"id":118968,"action":{"type":"block"},"condition":{"urlFilter":"_300x300_*.mp4","initiatorDomains":["futisfani.com","kiekkofani.com","penkkiurheilu.com","uutisankka.com"],"resourceTypes":["media"]},"priority":226},{"id":119083,"action":{"type":"block"},"condition":{"urlFilter":"||aamuset.fi/Content/app/img/Latkaliiga_banneri.jpg","resourceTypes":["image"]},"priority":101},{"id":119160,"action":{"type":"block"},"condition":{"urlFilter":"||ad.citycdn.fi^","domainType":"thirdParty"},"priority":2},{"id":119202,"action":{"type":"block"},"condition":{"urlFilter":"||ad.ilcdn.fi^","domainType":"thirdParty"},"priority":2},{"id":119242,"action":{"type":"block"},"condition":{"urlFilter":"||affiliate.guts.com^","domainType":"thirdParty"},"priority":2},{"id":119289,"action":{"type":"block"},"condition":{"urlFilter":"||affiliatesolution.se^","initiatorDomains":["ykkoslohja.fi"]},"priority":201},{"id":119356,"action":{"type":"block"},"condition":{"urlFilter":"||alibi.fi/wp-content/uploads/2018/03/AL_sivupalkin_myyntiviesti2.jpg","resourceTypes":["image"]},"priority":101},{"id":119451,"action":{"type":"block"},"condition":{"urlFilter":"||ap-online.media.fi/scripts/eneo*.dll","initiatorDomains":["aamuposti.fi","helsinginuutiset.fi","karkkilantienoo.fi","keski-uusimaa.fi","lansi-uusimaa.fi","lansivayla.fi","lappeenrannanuutiset.fi","lopenlehti.fi","loviisansanomat.fi","mantsalanuutiset.fi","nurmijarvenuutiset.fi","pyhtaanlehti.fi","seinajoensanomat.fi","sipoonsanomat.fi","tamperelainen.fi","turkulainen.fi","uusimaa.fi","vantaansanomat.fi","vihdinuutiset.fi"],"resourceTypes":["script"]},"priority":207},{"id":119859,"action":{"type":"block"},"condition":{"urlFilter":"||api.etuovi.com/bad/wings/v2/kisu","initiatorDomains":["uusisuomi.fi"]},"priority":201},{"id":119936,"action":{"type":"block"},"condition":{"urlFilter":"||apps.sandviks.com/apix?x-method=ElementService.selectAdvertiserElement","initiatorDomains":["vau.fi"],"resourceTypes":["script"]},"priority":301},{"id":120054,"action":{"type":"block"},"condition":{"urlFilter":"||asuntorauma.fi/iframe/uusimmat","initiatorDomains":["ls24.fi"],"resourceTypes":["sub_frame"]},"priority":301},{"id":120133,"action":{"type":"block"},"condition":{"urlFilter":"||auto1.fi^","domainType":"thirdParty"},"priority":2},{"id":120170,"action":{"type":"block"},"condition":{"urlFilter":"||bittiraha.fi/app/themes/bittiraha-theme/assets/images/bittiraha_coinmotion_banner","resourceTypes":["image"]},"priority":101},{"id":120279,"action":{"type":"block"},"condition":{"urlFilter":"||bittiraha.fi/app/uploads/*/bittimaatti*_banner","resourceTypes":["image"]},"priority":101},{"id":120353,"action":{"type":"block"},"condition":{"urlFilter":"||blogit.fi/ext/","initiatorDomains":["blogit.fi"],"resourceTypes":["image"]},"priority":301},{"id":120418,"action":{"type":"block"},"condition":{"urlFilter":"||c1.hinta.fi^","domainType":"thirdParty","resourceTypes":["script"]},"priority":102},{"id":120467,"action":{"type":"block"},"condition":{"urlFilter":"||caravan-lehti.fi/media/Carado-matkailuauto.","initiatorDomains":["caravan-lehti.fi"],"resourceTypes":["image"]},"priority":301},{"id":120568,"action":{"type":"block"},"condition":{"urlFilter":"||carousel-prod-kaleva-fi.s3.amazonaws.com^","domainType":"thirdParty"},"priority":2},{"id":120637,"action":{"type":"block"},"condition":{"urlFilter":"||cdn.bluebillywig.com/apps/player/","initiatorDomains":["gekkonen.net","hevosurheilu.fi"],"resourceTypes":["script"]},"priority":251},{"id":120740,"action":{"type":"block"},"condition":{"urlFilter":"||celtra.com^","domainType":"thirdParty"},"priority":2},{"id":120779,"action":{"type":"block"},"condition":{"urlFilter":"||cfapi.voikukka.fi/graphql?operationName=CitrusAd&","initiatorDomains":["s-kaupat.fi"],"resourceTypes":["xmlhttprequest"]},"priority":301},{"id":120881,"action":{"type":"block"},"condition":{"urlFilter":"||cjar.a-lehdet.fi^","domainType":"thirdParty"},"priority":2},{"id":120926,"action":{"type":"block"},"condition":{"urlFilter":"||cloudfront.net/images/backgroundimages/backgroundimage^","domainType":"thirdParty"},"priority":2},{"id":121009,"action":{"type":"block"},"condition":{"urlFilter":"||cloudfront.net/poppartners/","resourceTypes":["script"]},"priority":101},{"id":121064,"action":{"type":"block"},"condition":{"urlFilter":"||deals.innocode.no/api/public/v1/widgets","initiatorDomains":["aland.com","alandstidningen.ax","enontekionsanomat.fi","inarilainen.fi","kainuunsanomat.fi","kittilalehti.fi","kotilappi.fi","kuhmolainen.fi","levinyt.fi","luoteis-lappi.fi","saariselansanomat.fi","sompio.fi","sotkamolehti.fi","ylakainuu.fi"]},"priority":109},{"id":121351,"action":{"type":"block"},"condition":{"urlFilter":"||deals.kledjut.com^","initiatorDomains":["viranomaisuutiset.fi"]},"priority":201},{"id":121422,"action":{"type":"block"},"condition":{"urlFilter":"||dropbox.com/*usbanner.gif","initiatorDomains":["urbaanisanakirja.com"],"resourceTypes":["image"]},"priority":301},{"id":121509,"action":{"type":"block"},"condition":{"urlFilter":"||elmotv.com/wp-content/uploads/*/stake-banneri-","initiatorDomains":["elmotv.com"],"resourceTypes":["image"]},"priority":301},{"id":121607,"action":{"type":"block"},"condition":{"urlFilter":"||etn.fi/images/banners/","resourceTypes":["image"]},"priority":101},{"id":121657,"action":{"type":"block"},"condition":{"urlFilter":"||expekt.com^","domainType":"thirdParty"},"priority":2},{"id":121696,"action":{"type":"block"},"condition":{"urlFilter":"||feed.autotalli.com/bannerdata/html/*.html","resourceTypes":["sub_frame"]},"priority":101},{"id":121765,"action":{"type":"block"},"condition":{"urlFilter":"||feed.etuovi.com/etuovi/html/*.html","resourceTypes":["sub_frame"]},"priority":101},{"id":121827,"action":{"type":"block"},"condition":{"urlFilter":"||fundingchoicesmessages.google.com^","initiatorDomains":["telsu.fi"],"resourceTypes":["script"]},"priority":301},{"id":121911,"action":{"type":"block"},"condition":{"urlFilter":"||gamereactor.fi^*/videojs.ads.js","initiatorDomains":["gamereactor.fi"],"resourceTypes":["script"]},"priority":301},{"id":121998,"action":{"type":"block"},"condition":{"urlFilter":"||hifimaailma.fi/neodirect/static/*/karuselli","resourceTypes":["image"]},"priority":101},{"id":122069,"action":{"type":"block"},"condition":{"urlFilter":"||hintaopas.fi^","domainType":"thirdParty"},"priority":2},{"id":122110,"action":{"type":"block"},"condition":{"urlFilter":"||hintaseuranta.fi/*/tripsteri_boxes/","resourceTypes":["sub_frame"]},"priority":101},{"id":122173,"action":{"type":"block"},"condition":{"urlFilter":"||honestpartners.com^","domainType":"thirdParty"},"priority":2},{"id":122220,"action":{"type":"block"},"condition":{"urlFilter":"||hymy.fi/wp-content/uploads/2018/03/HY_sivupalkin_myyntiviesti2.jpg","resourceTypes":["image"]},"priority":101},{"id":122314,"action":{"type":"block"},"condition":{"urlFilter":"||hymy.fi/wp-content/uploads/2022/11/nicorette_hymy.jpg","resourceTypes":["image"]},"priority":101},{"id":122395,"action":{"type":"block"},"condition":{"urlFilter":"||hymy.fi/wp-content/uploads/2023/05/Nicorette2023_4_300x300.jpg","initiatorDomains":["hymy.fi"],"resourceTypes":["image"]},"priority":301},{"id":122506,"action":{"type":"block"},"condition":{"urlFilter":"||ig.fi/bannerit/koronabanneri.png","resourceTypes":["image"]},"priority":101},{"id":122566,"action":{"type":"block"},"condition":{"urlFilter":"||improveads.fi^","domainType":"thirdParty"},"priority":2},{"id":122608,"action":{"type":"block"},"condition":{"urlFilter":"||io-tech.fi/images/*_290x290px.png","resourceTypes":["image"]},"priority":101},{"id":122669,"action":{"type":"block"},"condition":{"urlFilter":"||is.fi/kampanjat/taloussanomat/startel_600x300px.jpg","initiatorDomains":["is.fi"],"resourceTypes":["image"]},"priority":301},{"id":122767,"action":{"type":"block"},"condition":{"urlFilter":"||juomaposti.fi/wp-content/uploads/*/Paraatibanner-Mobiili.jpg","resourceTypes":["image"]},"priority":101},{"id":122855,"action":{"type":"block"},"condition":{"urlFilter":"||kaasujalka.fi/assets/banners/","initiatorDomains":["kaasujalka.fi"],"resourceTypes":["image"]},"priority":301},{"id":122939,"action":{"type":"block"},"condition":{"urlFilter":"||kake.fi^","domainType":"thirdParty"},"priority":2},{"id":122975,"action":{"type":"block"},"condition":{"urlFilter":"||kaksplus.fi/upotukset/hintaopas^"},"priority":1},{"id":123020,"action":{"type":"block"},"condition":{"urlFilter":"||kaksplus.fi/wp-json/feeds/ad-feed","initiatorDomains":["keskustelu.kaksplus.fi"],"resourceTypes":["xmlhttprequest"]},"priority":301},{"id":123117,"action":{"type":"block"},"condition":{"urlFilter":"||kalamies.com/?_dnid=","initiatorDomains":["kalamies.com"],"resourceTypes":["sub_frame"]},"priority":301},{"id":123191,"action":{"type":"block"},"condition":{"urlFilter":"||kampanjat.is.fi/alennuskoodit-promo/index.html","initiatorDomains":["is.fi"],"resourceTypes":["sub_frame"]},"priority":301},{"id":123284,"action":{"type":"block"},"condition":{"urlFilter":"||karjalainen.fi/images/banners/kiinnostuitko","initiatorDomains":["karjalainen.fi"],"resourceTypes":["image"]},"priority":301},{"id":123383,"action":{"type":"block"},"condition":{"urlFilter":"||kelkkalehti.com/bannerit/","initiatorDomains":["kelkkalehti.com"],"resourceTypes":["image"]},"priority":301},{"id":123465,"action":{"type":"block"},"condition":{"urlFilter":"||keskustelu.pakkotoisto.com/bannerit/","initiatorDomains":["keskustelu.pakkotoisto.com"],"resourceTypes":["image"]},"priority":301},{"id":123569,"action":{"type":"block"},"condition":{"urlFilter":"||kinuskikissa.fi/wp-content/uploads/*kumppani_*.gif","initiatorDomains":["kinuskikissa.fi"],"resourceTypes":["image"]},"priority":301},{"id":123676,"action":{"type":"block"},"condition":{"urlFilter":"||kiuruvesilehti.fi/wp-content/uploads/*kampanja_banneri.png","initiatorDomains":["kiuruvesilehti.fi"],"resourceTypes":["image"]},"priority":301},{"id":123793,"action":{"type":"block"},"condition":{"urlFilter":"||koeajolle.com/wp-content/uploads/*/blue-billboard-*.jpg","initiatorDomains":["koeajolle.com"],"resourceTypes":["image"]},"priority":301},{"id":123903,"action":{"type":"block"},"condition":{"urlFilter":"||koeajolle.com/wp-content/uploads/*/blue-rect-*.jpg","initiatorDomains":["koeajolle.com"],"resourceTypes":["image"]},"priority":301},{"id":124008,"action":{"type":"block"},"condition":{"urlFilter":"||koeajolle.com/wp-content/uploads/*/pop-vakuutus-alennuskoodi.png","initiatorDomains":["koeajolle.com"],"resourceTypes":["image"]},"priority":301},{"id":124127,"action":{"type":"block"},"condition":{"urlFilter":"||kotikarjala.fi/eneo?tem=ndap_ilmoitus&","initiatorDomains":["kotikarjala.fi"],"resourceTypes":["xmlhttprequest"]},"priority":301},{"id":124221,"action":{"type":"block"},"condition":{"urlFilter":"||kotiliesi.fi/upotukset/hintaopas/","initiatorDomains":["tekniikanmaailma.fi"]},"priority":201},{"id":124306,"action":{"type":"block"},"condition":{"urlFilter":"||kuvake.net/js/bannerloader.js","initiatorDomains":["kuvake.net"],"resourceTypes":["script"]},"priority":301},{"id":124387,"action":{"type":"block"},"condition":{"urlFilter":"||laitilansanomat.fi^*/gallery/mainos*/","initiatorDomains":["laitilansanomat.fi"],"resourceTypes":["image"]},"priority":301},{"id":124484,"action":{"type":"block"},"condition":{"urlFilter":"||lbaanijakuva.fi/test/*?template=prisjakt","initiatorDomains":["lbaanijakuva.fi"]},"priority":201},{"id":124572,"action":{"type":"block"},"condition":{"urlFilter":"||m.riemurasia.net/reklaami.php","initiatorDomains":["m.riemurasia.net"],"resourceTypes":["sub_frame"]},"priority":301},{"id":124659,"action":{"type":"block"},"condition":{"urlFilter":"||matkaendurot.net/images/*banner","initiatorDomains":["matkaendurot.net"]},"priority":201},{"id":124739,"action":{"type":"block"},"condition":{"urlFilter":"||med.etoro.com^","initiatorDomains":["ykkoslohja.fi"]},"priority":201},{"id":124799,"action":{"type":"block"},"condition":{"urlFilter":"||media.power-cdn.net/images/pages/orderpage/*-power-huippudiili-*.jpg","resourceTypes":["image"]},"priority":101},{"id":124895,"action":{"type":"block"},"condition":{"urlFilter":"||media.vuokraovi.com^","domainType":"thirdParty"},"priority":2},{"id":124943,"action":{"type":"block"},"condition":{"urlFilter":"||media.toimitilat.kauppalehti.fi/Image.aspx?f=/banners/","resourceTypes":["image"]},"priority":101},{"id":125025,"action":{"type":"block"},"condition":{"urlFilter":"||menyt.azurewebsites.net/public/js/omamainos-widget","initiatorDomains":["akaanseutu.fi","lvs.fi","orivedensanomat.fi","radiosun.fi","shl.fi","ylojarvenuutiset.fi"],"resourceTypes":["script"]},"priority":218},{"id":125195,"action":{"type":"block"},"condition":{"urlFilter":"||mobiili.fi/wp-content/uploads/2019/08/bms_2019_980x120.jpg","initiatorDomains":["mobiili.fi"],"resourceTypes":["image"]},"priority":301},{"id":125305,"action":{"type":"block"},"condition":{"urlFilter":"||mvlehti.net/image/adv.jpg","initiatorDomains":["mvlehti.net"],"resourceTypes":["image"]},"priority":301},{"id":125383,"action":{"type":"block"},"condition":{"urlFilter":"||mvlehti.net/uploads/2021/06/Halvinlaina-Otsikko.jpg","initiatorDomains":["mvlehti.net"],"resourceTypes":["image"]},"priority":301},{"id":125487,"action":{"type":"block"},"condition":{"urlFilter":"||nayadaya.com^","domainType":"thirdParty"},"priority":2},{"id":125528,"action":{"type":"block"},"condition":{"urlFilter":"||nettiauto.com/en/ampparitBanner*.php","initiatorDomains":["ampparit.com"],"resourceTypes":["sub_frame"]},"priority":301},{"id":125618,"action":{"type":"block"},"condition":{"urlFilter":"||no-cache.hubspot.com/cta/","initiatorDomains":["sijoittaja.fi"],"resourceTypes":["image"]},"priority":301},{"id":125698,"action":{"type":"block"},"condition":{"urlFilter":"||nostemedia.bbvms.com^","domainType":"thirdParty","resourceTypes":["script"]},"priority":102},{"id":125756,"action":{"type":"block"},"condition":{"urlFilter":"||nyt.tassa.fi/ctxwidget/ipCtxWidget.js","initiatorDomains":["ilkkapohjalainen.fi"],"resourceTypes":["script"]},"priority":301},{"id":125854,"action":{"type":"block"},"condition":{"urlFilter":"||otavamedia.fi/ad/","resourceTypes":["script"]},"priority":101},{"id":125899,"action":{"type":"block"},"condition":{"urlFilter":"||pirkkalainen.com/images/mainospaikat/3.jpg","initiatorDomains":["pirkkalainen.com"],"resourceTypes":["image"]},"priority":301},{"id":125999,"action":{"type":"block"},"condition":{"urlFilter":"||proshop.fi/Content/*/leadFamly.bundle.js","initiatorDomains":["proshop.fi"],"resourceTypes":["script"]},"priority":301},{"id":126091,"action":{"type":"block"},"condition":{"urlFilter":"||rakentaja.fi/kuvat/esitykset/bannerit/*_Keittiomaailma-schibsted-*-kampanja","initiatorDomains":["rakentaja.fi"],"resourceTypes":["image"]},"priority":301},{"id":126220,"action":{"type":"block"},"condition":{"urlFilter":"||rantapallo.fi^","domainType":"thirdParty"},"priority":2},{"id":126262,"action":{"type":"block"},"condition":{"urlFilter":"||recommendations.asunnot.oikotie.fi^","initiatorDomains":["is.fi"]},"priority":201},{"id":126335,"action":{"type":"block"},"condition":{"urlFilter":"||retkilehti.fi^*/Calazo_Banner_","initiatorDomains":["retkilehti.fi"],"resourceTypes":["image"]},"priority":301},{"id":126420,"action":{"type":"block"},"condition":{"urlFilter":"||revimages.motouutiset.fi^","domainType":"thirdParty"},"priority":2},{"id":126473,"action":{"type":"block"},"condition":{"urlFilter":"||ridemedia.fi/aspbanner","initiatorDomains":["ridemedia.fi"]},"priority":201},{"id":126540,"action":{"type":"block"},"condition":{"urlFilter":"||riemurasia.net/js/ads.js","resourceTypes":["script"]},"priority":101},{"id":126592,"action":{"type":"block"},"condition":{"urlFilter":"||riistalehti.fi^*/Haix-Nature-Camo-","initiatorDomains":["riistalehti.fi"],"resourceTypes":["image"]},"priority":301},{"id":126682,"action":{"type":"block"},"condition":{"urlFilter":"||riistalehti.fi^*_Banner_Retki_Nature_Camo_","initiatorDomains":["riistalehti.fi"],"resourceTypes":["image"]},"priority":301},{"id":126780,"action":{"type":"block"},"condition":{"urlFilter":"||script.ilcdn.fi/etua-lainalaskuri/etua-lainalaskuri.min.js","initiatorDomains":["iltalehti.fi"],"resourceTypes":["script"]},"priority":301},{"id":126892,"action":{"type":"block"},"condition":{"urlFilter":"||seksitreffit.fi/*popunder.js","initiatorDomains":["seksitreffit.fi"],"resourceTypes":["script"]},"priority":301},{"id":126977,"action":{"type":"block"},"condition":{"urlFilter":"||seksitreffit.fi/banners/","initiatorDomains":["seksitreffit.fi"]},"priority":201},{"id":127049,"action":{"type":"block"},"condition":{"urlFilter":"||sf.nm-ovp.nelonenmedia.fi/player/games/ruutu-player-loader.js","initiatorDomains":["10kysymysta.fi","alypaa.com"],"resourceTypes":["script"]},"priority":251},{"id":127177,"action":{"type":"block"},"condition":{"urlFilter":"||strongbox.nostemedia.fi^","domainType":"thirdParty","resourceTypes":["script"]},"priority":102},{"id":127238,"action":{"type":"block"},"condition":{"urlFilter":"||superskills.fi/fi*?isIframe=true","resourceTypes":["sub_frame"]},"priority":101},{"id":127298,"action":{"type":"block"},"condition":{"urlFilter":"||testeri.fi/ext_telsu","resourceTypes":["sub_frame"]},"priority":101},{"id":127346,"action":{"type":"block"},"condition":{"urlFilter":"||testeri.fi/inc/museokortti.png","resourceTypes":["image"]},"priority":101},{"id":127404,"action":{"type":"block"},"condition":{"urlFilter":"||tiketti.fi/tiedostot/*/Tiketti*_Paraati_","initiatorDomains":["tiketti.fi"],"resourceTypes":["image"]},"priority":301},{"id":127496,"action":{"type":"block"},"condition":{"urlFilter":"||tohtorille.fi/Content/img/op-banners/","resourceTypes":["image"]},"priority":101},{"id":127561,"action":{"type":"block"},"condition":{"urlFilter":"||tori.fi/*banner","initiatorDomains":["moottori.fi"]},"priority":201},{"id":127620,"action":{"type":"block"},"condition":{"urlFilter":"||urbaanisanakirja.com/static/img/portsaad.png","resourceTypes":["image"]},"priority":101},{"id":127692,"action":{"type":"block"},"condition":{"urlFilter":"||vauva.fi/modules/custom/vauva_cts/modules/vauva_cts_native/js/vauva_cts_native.js","initiatorDomains":["vauva.fi"],"resourceTypes":["script"]},"priority":301},{"id":127823,"action":{"type":"block"},"condition":{"urlFilter":"||vertaa.fi^*/showads.js","initiatorDomains":["vertaa.fi"],"resourceTypes":["script"]},"priority":301},{"id":127896,"action":{"type":"block"},"condition":{"urlFilter":"||vg.is.fi/autotie-is-*/","resourceTypes":["sub_frame"]},"priority":101},{"id":137788,"action":{"type":"block"},"condition":{"urlFilter":"||com-wakedynamite-production-publish.s3.amazonaws.com/publish/","resourceTypes":["media"]},"priority":101},{"id":137877,"action":{"type":"block"},"condition":{"urlFilter":"||dwk14raokkwxv.cloudfront.net/sanomafi/media/*.mp4"},"priority":1},{"id":137939,"action":{"type":"block"},"condition":{"urlFilter":"||freewheel-jitt.sanoma.fi^","resourceTypes":["media"]},"priority":101},{"id":137992,"action":{"type":"block"},"condition":{"urlFilter":"||nelonenmedia-pmd-ads-*.nm-stream.nelonenmedia.fi^","resourceTypes":["media"]},"priority":101},{"id":138226,"action":{"type":"allow"},"condition":{"urlFilter":"||adserve.adcoin.com/display/ad_block/","initiatorDomains":["verkkouutiset.fi"],"resourceTypes":["xmlhttprequest"]},"priority":100301},{"id":138320,"action":{"type":"redirect","redirect":{"extensionPath":"/web-accessible-resources/redirects/noopmp3.mp3"}},"condition":{"urlFilter":"||freewheel-jitt.sanoma.fi^","initiatorDomains":["ruutu.fi"],"resourceTypes":["media"]},"priority":1301},{"id":138409,"action":{"type":"redirect","redirect":{"extensionPath":"/web-accessible-resources/redirects/noopmp3.mp3"}},"condition":{"urlFilter":"||nelonenmedia-pmd-ads-*.nm-stream.nelonenmedia.fi^","initiatorDomains":["ruutu.fi","supla.fi"],"resourceTypes":["media"]},"priority":1251},{"id":138531,"action":{"type":"redirect","redirect":{"extensionPath":"/web-accessible-resources/redirects/noopmp3.mp3"}},"condition":{"urlFilter":"||sanoma-prod.integration-x.com^","initiatorDomains":["ruutu.fi"],"resourceTypes":["media"]},"priority":1301},{"id":138625,"action":{"type":"block"},"condition":{"urlFilter":"||mobiili.fi/wp-content/themes/mobiilitheme/images/small-loading.gif"},"priority":1},{"id":138869,"action":{"type":"allow"},"condition":{"urlFilter":"||conductrics.com^","initiatorDomains":["elisa.fi"],"resourceTypes":["script"]},"priority":100301},{"id":138935,"action":{"type":"allow"},"condition":{"urlFilter":"||click.redditmail.com^","domainType":"firstParty"},"priority":100002},{"id":138984,"action":{"type":"allow"},"condition":{"urlFilter":"||googletagmanager.com/gtm.js","initiatorDomains":["arvopaperi.fi","kauppalehti.fi","mediuutiset.fi","mikrobitti.fi","talouselama.fi","tekniikkatalous.fi","tivi.fi","uusisuomi.fi"],"resourceTypes":["script"]},"priority":100214},{"id":139315,"action":{"type":"allow"},"condition":{"urlFilter":"||salesforceliveagent.com^","initiatorDomains":["oma.posti.fi"]},"priority":100201},{"id":139384,"action":{"type":"allow"},"condition":{"urlFilter":"||service.force.com^","initiatorDomains":["oma.posti.fi"]},"priority":100201},{"id":139447,"action":{"type":"allow"},"condition":{"urlFilter":"||salesforceliveagent.com^","initiatorDomains":["service.force.com"]},"priority":100201},{"id":139521,"action":{"type":"allow"},"condition":{"urlFilter":"||teliafi-chat.lekane.net"},"priority":100001},{"id":139557,"action":{"type":"allow"},"condition":{"urlFilter":"||sf.nm-ovp.nelonenmedia.fi/logger/logger-ini.json","resourceTypes":["xmlhttprequest"]},"priority":100101},{"id":139633,"action":{"type":"allow"},"condition":{"urlFilter":"||adobedtm.com^","initiatorDomains":["verkkopalvelu.turva.fi"],"resourceTypes":["script"]},"priority":100301},{"id":139710,"action":{"type":"allowAllRequests"},"condition":{"urlFilter":"||track.adform.net/*dna.fi/","initiatorDomains":["track.adform.net"],"resourceTypes":["main_frame"]},"priority":140301},{"id":139793,"action":{"type":"allowAllRequests"},"condition":{"urlFilter":"||clk.tradedoubler.com/click*cdon.fi","initiatorDomains":["clk.tradedoubler.com"],"resourceTypes":["main_frame"]},"priority":140301},{"id":139889,"action":{"type":"allowAllRequests"},"condition":{"urlFilter":"||ad.doubleclick.net/ddm/clk/*coolshop.fi/tuote/","initiatorDomains":["ad.doubleclick.net"],"resourceTypes":["main_frame"]},"priority":140301},{"id":139995,"action":{"type":"allow"},"condition":{"urlFilter":"||track.adform.net^*https://kauppa.dna.fi/tuote/","initiatorDomains":["hintaseuranta.fi"],"resourceTypes":["main_frame"]},"priority":100201},{"id":140099,"action":{"type":"allow"},"condition":{"urlFilter":"||netstat.ayy.fi^"},"priority":100001},{"id":140127,"action":{"type":"allow"},"condition":{"urlFilter":"leiki.com/mtv3/mwidget","initiatorDomains":["mtvuutiset.fi"]},"priority":100201},{"id":140193,"action":{"type":"allow"},"condition":{"urlFilter":"leiki.com/mtv3/widgets/loader/","initiatorDomains":["mtvuutiset.fi"]},"priority":100201},{"id":140267,"action":{"type":"allow"},"condition":{"urlFilter":"||adservicemedia.dk/","initiatorDomains":["mobiili.fi"],"resourceTypes":["image"]},"priority":100301},{"id":140337,"action":{"type":"allow"},"condition":{"urlFilter":"||googletagmanager.com/gtm.js?","domainType":"thirdParty","initiatorDomains":["elisa.fi"]},"priority":100202},{"id":140415,"action":{"type":"allow"},"condition":{"urlFilter":"||leiki.com","initiatorDomains":["etuovi.com","iltalehti.fi"]},"priority":100151},{"id":140480,"action":{"type":"allow"},"condition":{"urlFilter":"||power.fi/Umbraco/Api/Tracking/TrackOrder","initiatorDomains":["power.fi"],"resourceTypes":["xmlhttprequest"]},"priority":100301},{"id":140570,"action":{"type":"allow"},"condition":{"urlFilter":"||seiska.b-cdn.net/Mainos.mp4","initiatorDomains":["seiska.fi"],"resourceTypes":["media"]},"priority":100301},{"id":140648,"action":{"type":"allow"},"condition":{"urlFilter":"||tags.tiqcdn.com/utag/sanoma-fi/*/utag.js"},"priority":100001},{"id":141010,"action":{"type":"allow"},"condition":{"urlFilter":"||securepubads.g.doubleclick.net/pagead/managed/js/gpt/*/pubads_impl.js","initiatorDomains":["telsu.fi"],"resourceTypes":["script"]},"priority":100301},{"id":141129,"action":{"type":"allow"},"condition":{"urlFilter":"||/media/banners/*","initiatorDomains":["www.netrauta.fi"],"resourceTypes":["image"]},"priority":100301},{"id":141202,"action":{"type":"allow"},"condition":{"urlFilter":"||publish.ne.cision.com/","initiatorDomains":["elisa.fi"],"resourceTypes":["xmlhttprequest"]},"priority":100301},{"id":141274,"action":{"type":"allow"},"condition":{"urlFilter":"||consent.cookiebot.com/uc.js","initiatorDomains":["www.seurakuntalainen.fi"]},"priority":100201},{"id":141357,"action":{"type":"allow"},"condition":{"urlFilter":"||consent.cookiebot.com/*/cc.js?renew=true","initiatorDomains":["www.seurakuntalainen.fi"]},"priority":100201},{"id":141453,"action":{"type":"allow"},"condition":{"urlFilter":"||consent.cookiebot.com/logconsent.ashx","initiatorDomains":["www.seurakuntalainen.fi"]},"priority":100201},{"id":141613,"action":{"type":"allow"},"condition":{"urlFilter":"||srk.fi/*/cookielaw.js","resourceTypes":["script"]},"priority":100101},{"id":141715,"action":{"type":"allow"},"condition":{"urlFilter":"||googletagmanager.com/gtm.js","initiatorDomains":["pohjanmaanhyvinvointi.fi"]},"priority":100201},{"id":141799,"action":{"type":"allow"},"condition":{"urlFilter":"/eu_cookie_compliance.min.js","initiatorDomains":["www.tek.fi"],"resourceTypes":["script"]},"priority":100301},{"id":118031,"action":{"type":"block"},"condition":{"regexFilter":"https:\\/\\/[www]{3}\\.v{0}t{1}f{0}e{1}f{0}l{1}f{0}s{1}f{0}g{0}u{1}\\.fi\\/[\\w]{3}\\?[\\d]{8}\\+[\\d]","domainType":"firstParty","resourceTypes":["xmlhttprequest"]},"priority":102}]