[{"id":5,"action":{"type":"redirect","redirect":{"extensionPath":"/web-accessible-resources/redirects/prevent-fab-3.2.0.js"}},"condition":{"urlFilter":"/js/adblock.js","initiatorDomains":["gorlice.in","limanowa.in","sacz.in"],"resourceTypes":["script"]},"priority":1001235},{"id":112,"action":{"type":"allow"},"condition":{"urlFilter":"||sso.ppapi.pl/rodo.js","resourceTypes":["xmlhttprequest"]},"priority":100101},{"id":3337,"action":{"type":"redirect","redirect":{"extensionPath":"/web-accessible-resources/redirects/noopjs.js"}},"condition":{"urlFilter":"||pagead2.googlesyndication.com/pagead/js/adsbygoogle.js","initiatorDomains":["twojahistoria.pl"],"resourceTypes":["xmlhttprequest"]},"priority":1301},{"id":3463,"action":{"type":"block"},"condition":{"urlFilter":"||ppstatic.pl/*/reklama.js","initiatorDomains":["dziennikbaltycki.pl","dzienniklodzki.pl","dziennikpolski24.pl","dziennikzachodni.pl","echodnia.eu","expressbydgoski.pl","expressilustrowany.pl","gazetakrakowska.pl","gazetalubuska.pl","gazetawroclawska.pl","gk24.pl","gloswielkopolski.pl","gol24.pl","gp24.pl","gra.pl","gs24.pl","kurierlubelski.pl","motofakty.pl","naszemiasto.pl","nowiny24.pl","nowosci.com.pl","nto.pl"],"resourceTypes":["script"]},"priority":206},{"id":3856,"action":{"type":"redirect","redirect":{"extensionPath":"/web-accessible-resources/redirects/noopjs.js"}},"condition":{"urlFilter":"||s-pt.ppstatic.pl/*/reklama.js","resourceTypes":["script"]},"priority":1001101},{"id":3936,"action":{"type":"redirect","redirect":{"extensionPath":"/web-accessible-resources/redirects/noopjs.js"}},"condition":{"urlFilter":"||wp.hit.gemius.pl/gdejs/xgde.js","initiatorDomains":["pilot.wp.pl"],"resourceTypes":["script"]},"priority":1301},{"id":4342,"action":{"type":"block"},"condition":{"urlFilter":"||calcoolator.pl/inc/js/adblockill_copy.js"},"priority":1},{"id":4738,"action":{"type":"redirect","redirect":{"extensionPath":"/web-accessible-resources/redirects/noopmp4.mp4"}},"condition":{"urlFilter":"||redcdn.pl/*-Adserver/*","initiatorDomains":["www.tvn.pl"],"resourceTypes":["media"]},"priority":1301},{"id":4938,"action":{"type":"redirect","redirect":{"extensionPath":"/web-accessible-resources/redirects/noopjs.js"}},"condition":{"urlFilter":"||pagead2.googlesyndication.com/pagead/js/adsbygoogle.js","initiatorDomains":["ps3-hack.pl"],"resourceTypes":["script"]},"priority":1001301},{"id":5944,"action":{"type":"redirect","redirect":{"extensionPath":"/web-accessible-resources/redirects/noopjs.js"}},"condition":{"urlFilter":"||pagead2.googlesyndication.com/pagead/show_ads.js","initiatorDomains":["nk-net.pl","www.gry.pl"],"resourceTypes":["script"]},"priority":1001251},{"id":6077,"action":{"type":"redirect","redirect":{"extensionPath":"/web-accessible-resources/redirects/noopjs.js"}},"condition":{"urlFilter":"||pagead2.googlesyndication.com^","initiatorDomains":["popkulturysci.pl"],"resourceTypes":["script"]},"priority":1001301},{"id":6188,"action":{"type":"redirect","redirect":{"extensionPath":"/web-accessible-resources/redirects/nooptext.js"}},"condition":{"urlFilter":"||pagead2.googlesyndication.com^","initiatorDomains":["popkulturysci.pl"],"resourceTypes":["xmlhttprequest"]},"priority":1001301},{"id":6944,"action":{"type":"redirect","redirect":{"extensionPath":"/web-accessible-resources/redirects/googlesyndication-adsbygoogle.js"}},"condition":{"urlFilter":"||googlesyndication.com^","initiatorDomains":["darmowa-tv.ws"],"resourceTypes":["script"]},"priority":1301},{"id":7989,"action":{"type":"allow"},"condition":{"urlFilter":"||pagead2.googlesyndication.com/pagead/js/adsbygoogle.js","initiatorDomains":["wp.pl","o2.pl","pudelek.pl","so-magazyn.pl"]},"priority":100126},{"id":8112,"action":{"type":"allow"},"condition":{"urlFilter":"||googletagservices.com/tag/js/gpt.js","initiatorDomains":["wp.pl","dobreprogramy.pl","o2.pl","pudelek.pl","so-magazyn.pl"]},"priority":100121},{"id":9240,"action":{"type":"redirect","redirect":{"extensionPath":"/web-accessible-resources/redirects/nooptext.js"}},"condition":{"urlFilter":"/js/adsbygoogle.js","initiatorDomains":["epidemia-koronawirus.pl"],"resourceTypes":["script","xmlhttprequest"]},"priority":1276},{"id":9344,"action":{"type":"redirect","redirect":{"extensionPath":"/web-accessible-resources/redirects/nooptext.js"}},"condition":{"urlFilter":"||googleads.g.doubleclick.net/pagead/id","initiatorDomains":["epidemia-koronawirus.pl"],"resourceTypes":["script","xmlhttprequest"]},"priority":1276},{"id":9573,"action":{"type":"allow"},"condition":{"urlFilter":"||pagead2.googlesyndication.com/pagead/js/adsbygoogle.js","initiatorDomains":["epidemia-koronawirus.pl"]},"priority":100201},{"id":9683,"action":{"type":"allow"},"condition":{"urlFilter":"||googleads.g.doubleclick.net/pagead/id","initiatorDomains":["epidemia-koronawirus.pl"]},"priority":100201},{"id":10424,"action":{"type":"redirect","redirect":{"extensionPath":"/web-accessible-resources/redirects/googlesyndication-adsbygoogle.js"}},"condition":{"urlFilter":"||pagead2.googlesyndication.com/pagead/js/adsbygoogle.js","initiatorDomains":["soisk.pl"],"resourceTypes":["script"]},"priority":1001301},{"id":33175,"action":{"type":"block"},"condition":{"urlFilter":"/index/noaidb/*","domainType":"firstParty","initiatorDomains":["albo-albo.pl","definicja.org","pan-doradca.pl","zadanie-domowe.com"],"resourceTypes":["xmlhttprequest"]},"priority":227},{"id":33299,"action":{"type":"block"},"condition":{"urlFilter":"||ad-brgl.pl^","excludedInitiatorDomains":["ad-brgl.pl"],"resourceTypes":["script"]},"priority":102},{"id":33363,"action":{"type":"block"},"condition":{"urlFilter":"||bankier.pl/static/js/kichot.js","resourceTypes":["script"]},"priority":101},{"id":33421,"action":{"type":"block"},"condition":{"urlFilter":"||blog.nowebrzmienia.pl/wp-content/themes/awaken/js/scripts.js","resourceTypes":["script"]},"priority":101},{"id":33509,"action":{"type":"block"},"condition":{"urlFilter":"||cosplayjav.pl/wp-content/themes/cosplayjav/js/fuckadblock"},"priority":1},{"id":33579,"action":{"type":"block"},"condition":{"urlFilter":"||devhub.pl/count","initiatorDomains":["webcamera.pl"]},"priority":201},{"id":33639,"action":{"type":"block"},"condition":{"urlFilter":"||eostroleka.pl/luba/main/ajax_fuckadbloker.php"},"priority":1},{"id":33697,"action":{"type":"block"},"condition":{"urlFilter":"||filmozercy.com/img/adblock/","resourceTypes":["image"]},"priority":101},{"id":33752,"action":{"type":"block"},"condition":{"urlFilter":"||flakyfeast.com/","initiatorDomains":["www.gry.pl"],"resourceTypes":["script"]},"priority":301},{"id":33819,"action":{"type":"block"},"condition":{"urlFilter":"||fm.tuba.pl/tuba3/_spots/*.mp4","initiatorDomains":["fm.tuba.pl"],"resourceTypes":["media"]},"priority":301},{"id":33900,"action":{"type":"block"},"condition":{"urlFilter":"||forum.android.com.pl/uploads/*fuckadblock.min.js"},"priority":1},{"id":33961,"action":{"type":"block"},"condition":{"urlFilter":"||gizchina.com.pl/*fuckadblock.min.js","resourceTypes":["script"]},"priority":101},{"id":34132,"action":{"type":"block"},"condition":{"urlFilter":"||lechia.net/modules/mod_adblockdetector/js/","resourceTypes":["stylesheet","script"]},"priority":76},{"id":34211,"action":{"type":"block"},"condition":{"urlFilter":"||lowcygier.pl/wp-content/themes/graphene/images/adblockers","resourceTypes":["image"]},"priority":101},{"id":34296,"action":{"type":"block"},"condition":{"urlFilter":"||napisy24.pl/run/js/blad*.js","resourceTypes":["script"]},"priority":101},{"id":34351,"action":{"type":"block"},"condition":{"urlFilter":"||niepoprawni.pl/sites/all/libraries/copier/bck.js","resourceTypes":["script"]},"priority":101},{"id":34427,"action":{"type":"block"},"condition":{"urlFilter":"/test_block.js","initiatorDomains":["proste.info.pl","kompnet.info"],"resourceTypes":["script"]},"priority":251},{"id":34508,"action":{"type":"block"},"condition":{"urlFilter":"||wgrane.pl/html/_pl/adblock_top.txt"},"priority":1},{"id":34555,"action":{"type":"block"},"condition":{"urlFilter":"||www.poradnikzdrowie.pl/media/desktop/zpr_videos_web/js/video_blocker.js","initiatorDomains":["www.poradnikzdrowie.pl"],"resourceTypes":["script"]},"priority":301},{"id":34690,"action":{"type":"block"},"condition":{"urlFilter":"/wp-content/plugins/pause-adblocker","resourceTypes":["script"]},"priority":101},{"id":34751,"action":{"type":"block"},"condition":{"urlFilter":"/wp-content/plugins/wp-adblock-dedect/dedect.js","resourceTypes":["script"]},"priority":101},{"id":34963,"action":{"type":"block"},"condition":{"urlFilter":"||xperiasite.pl/public/js/antyadblock.js","resourceTypes":["script"]},"priority":101},{"id":35029,"action":{"type":"block"},"condition":{"urlFilter":"||z4y.pl/js/badb.js"},"priority":1},{"id":35059,"action":{"type":"block"},"condition":{"urlFilter":"||gemius.pl^","excludedInitiatorDomains":["gemius.pl"]},"priority":2},{"id":35112,"action":{"type":"redirect","redirect":{"extensionPath":"/web-accessible-resources/redirects/nooptext.js"}},"condition":{"urlFilter":"||pagead2.googlesyndication.com/pagead/js/adsbygoogle.js","initiatorDomains":["zobacz.ws"],"resourceTypes":["xmlhttprequest"]},"priority":1001301},{"id":35240,"action":{"type":"allow"},"condition":{"urlFilter":"/wp-content/*/plugins/dh-anti-adblocker","resourceTypes":["script"]},"priority":100101},{"id":35571,"action":{"type":"allow"},"condition":{"urlFilter":"/Scripts/ads.js","initiatorDomains":["www.reklama.pl"],"resourceTypes":["script"]},"priority":100301},{"id":35722,"action":{"type":"allow"},"condition":{"urlFilter":"/ads.css","initiatorDomains":["trojmiasto.pl"]},"priority":100201},{"id":35774,"action":{"type":"allow"},"condition":{"urlFilter":"||ads.trojmiasto.pl","initiatorDomains":["trojmiasto.pl"],"resourceTypes":["xmlhttprequest"]},"priority":100301},{"id":35846,"action":{"type":"allow"},"condition":{"urlFilter":"/adblockdetect/*","initiatorDomains":["to.com.pl","dziennikbaltycki.pl","dzienniklodzki.pl","dziennikzachodni.pl","expressilustrowany.pl","gazetakrakowska.pl","gazetawroclawska.pl","gloswielkopolski.pl","kurierlubelski.pl","nto.pl","wspolczesna.pl","poranny.pl","pomorska.pl","gp24.pl","gazetalubuska.pl","echodnia.eu","nowiny24.pl","polskatimes.pl","gs24.pl","gk24.pl","expressbydgoski.pl","ekstramagazyn.pl","stronazdrowia.pl"],"resourceTypes":["script"]},"priority":100206},{"id":36247,"action":{"type":"allow"},"condition":{"urlFilter":"/ad/banner/_adsense_/_adserver/_adview_.ad.json","initiatorDomains":["wyborcza.pl","wysokieobcasy.pl","wyborcza.biz"]},"priority":100135},{"id":36366,"action":{"type":"allow"},"condition":{"urlFilter":"/ads.js","initiatorDomains":["sjp.pwn.pl","lunaticfiles.com","eveline.wp.pl","static.webcamera.pl","realmadryt.pl","lowcygier.pl","mp3.teledyski.info","biznesradar.pl"],"resourceTypes":["script"]},"priority":100214},{"id":36535,"action":{"type":"allow"},"condition":{"urlFilter":"/ads.reklama.728x90","initiatorDomains":["zmianaczasu.info","antonimy.net","odmiana.net","definicja.net","krzyzowka.net","humoris.pl"],"resourceTypes":["stylesheet","script"]},"priority":100193},{"id":36683,"action":{"type":"allow"},"condition":{"urlFilter":"/adsense.js","initiatorDomains":["biznesforum.pl","optyczne.pl","to.proste.info.pl","seciki.pl","kompnet.info","kolniak24.eu","fiatpunto.com.pl"],"resourceTypes":["script"]},"priority":100216},{"id":36831,"action":{"type":"allow"},"condition":{"urlFilter":"/advert.js","initiatorDomains":["www.poradnikzdrowie.pl","fm.tuba.pl","wymarzonyogrod.pl","planeteplus.pl","mjakmama24.pl","player.pl","get.x-link.pl","gra.pl","echodnia.eu","maldrew.com.pl"],"resourceTypes":["script"]},"priority":100211},{"id":37020,"action":{"type":"allow"},"condition":{"urlFilter":"/advertise.js","initiatorDomains":["superfilm.pl"]},"priority":100201},{"id":37076,"action":{"type":"allow"},"condition":{"urlFilter":"/advertisement*.js","initiatorDomains":["meczyki.pl","autocentrum.pl","tokfm.pl","trojmiasto.pl","superfilm.pl","glucholazyonline.com.pl","ps-plus.pl","chamsko.pl","fotka.com"],"resourceTypes":["script"]},"priority":100213},{"id":37251,"action":{"type":"allow"},"condition":{"urlFilter":"/advertisement.js","initiatorDomains":["vodnews.pl","cyfrowydoradca.pl","pajacyk.pl","psgfc.pl","ifotos.pl","ps3-hack.pl","arkowcy.pl","szlaki.net.pl","przeslij.com"]},"priority":100113},{"id":37407,"action":{"type":"allow"},"condition":{"urlFilter":"/advertising.js","initiatorDomains":["www.biznesradar.pl","gazeta-olawa.pl"],"resourceTypes":["script"]},"priority":100251},{"id":37496,"action":{"type":"allow"},"condition":{"urlFilter":"/assets/ads_","initiatorDomains":["towideo.pl","urzadzamy.pl"],"resourceTypes":["script"]},"priority":100251},{"id":37571,"action":{"type":"allow"},"condition":{"urlFilter":"/images/ad","initiatorDomains":["linuxiarze.pl"]},"priority":100201},{"id":37625,"action":{"type":"allow"},"condition":{"urlFilter":"/jannah/*js/advertisement.js"},"priority":100001},{"id":37664,"action":{"type":"allow"},"condition":{"urlFilter":"/js/adblock.js","initiatorDomains":["limanowa.in"],"resourceTypes":["script"]},"priority":100301},{"id":37729,"action":{"type":"allow"},"condition":{"urlFilter":"/js/ads.js","initiatorDomains":["solarkurier.pl","satkurier.pl","saskakepa.waw.pl","e-krajna.pl","swiecie24.pl","zyciesokolowa.pl","ciechocinek.biz","napiprojekt.pl","uniejow.net.pl","nizanskie.info","pluznica.info","superchodziez.pl","tygodnik.pl","ekutno.pl","naszbrzesc.pl","bydgoszcz24.pl","terazlipno.pl","gwe24.pl","digi-tv.pl","chelsea24news.pl","wolomin24.info","splendo.pl","egorzow.pl","irembertow.pl","iminsk.pl","ikrakow.info","iskierniewice.pl","ikampinos.pl","e-wyszogrod.pl","ibielsk.pl","wterenie.pl","ciechanowinaczej.pl","wabrzezno-cwa.pl","infosiedlce.pl","rypin-cry.pl","golub-cgd.pl","iotwock.info","szczecinek.com","lipno-cli.pl","imokotow.pl","nolesnica.pl","itvpiaseczno.pl","histmag.org","lowcygier.pl","gorzowianin.com","polotv.pl","video.anyfiles.pl","brotkids.tv","fokus.tv","ithardware.pl","meteoprog.pl","nowa.tv","okazje.co","forsal.pl","gazetaprawna.pl","fxmag.pl","nasztomaszow.pl","dieroten.pl","reklama.pl","gpr24.pl","twojradom.pl","inowroclaw.info.pl","pultusk24.pl","bham.pl","vorek.pl","plonszczak.pl","zdrowowdomu.wp.pl","audiklub.org","video-static.tunnl.com","pcworld.pl","gostynin.info","zambrow.org","millemiglia.wp.pl","radiogol.pl","torrentcity.pl","kb.pl","bitnova.info","rozmerdani.wp.pl","dbamoswojafirme.wp.pl","jakrobicmarketing.pl","wtk.pl","minecraft.org.pl","wtkplay.pl","mjakmama24.pl","jeja.pl","kurierpodlaski.pl","wowhungary.wp.pl","sokol.wp.pl","gameflare.com","nowosci.com.pl","embed.twojetv.ws","nwloclawek.pl","nswiecie.pl","perelki.net","zmiksowani.pl","oppo.wp.pl","filmninja.ws"],"resourceTypes":["script"]},"priority":100203},{"id":39097,"action":{"type":"allow"},"condition":{"urlFilter":"/js/ads.js","initiatorDomains":["minecraft.org.pl"],"resourceTypes":["xmlhttprequest"]},"priority":100301},{"id":39163,"action":{"type":"allow"},"condition":{"urlFilter":"/js/ads.min.js","initiatorDomains":["zobacz.ws","nysainfo.pl"],"resourceTypes":["script"]},"priority":100251},{"id":39238,"action":{"type":"allow"},"condition":{"urlFilter":"/js/ads.show.min.js","initiatorDomains":["to.com.pl","dziennikbaltycki.pl","dzienniklodzki.pl","dziennikzachodni.pl","expressilustrowany.pl","gazetakrakowska.pl","gazetawroclawska.pl","gloswielkopolski.pl","kurierlubelski.pl","nto.pl","wspolczesna.pl","poranny.pl","pomorska.pl","gp24.pl","gazetalubuska.pl","echodnia.eu","nowiny24.pl","polskatimes.pl","gs24.pl","gk24.pl","expressbydgoski.pl","ekstramagazyn.pl","stronazdrowia.pl"],"resourceTypes":["xmlhttprequest"]},"priority":100206},{"id":39642,"action":{"type":"allow"},"condition":{"urlFilter":"/js/adv.","initiatorDomains":["glosregionu.pl","ziemialeszczynska.pl","ziemiagorowska.pl"],"resourceTypes":["script"]},"priority":100235},{"id":39743,"action":{"type":"allow"},"condition":{"urlFilter":"/js/adverts.js","initiatorDomains":["forsal.pl","dziennik.pl"],"resourceTypes":["script"]},"priority":100251},{"id":39818,"action":{"type":"allow"},"condition":{"urlFilter":"/redataredir","initiatorDomains":["www.geekweek.pl"],"resourceTypes":["xmlhttprequest"]},"priority":100301},{"id":39885,"action":{"type":"allow"},"condition":{"urlFilter":"/reklama.js","initiatorDomains":["expressbydgoski.pl","pomorska.pl"]},"priority":100151},{"id":39957,"action":{"type":"allow"},"condition":{"urlFilter":"/show_ads.js","initiatorDomains":["ki24.info","portalplock.pl","faktypilskie.pl","e-krajna.pl","swiecie24.pl","zyciesokolowa.pl","zyciesiedleckie.pl","koronowo.net.pl","ciechocinek.biz","gniewkowo.eu","kolniak24.pl","itvszubin.pl","uniejow.net.pl","nizanskie.info","pluznica.info","superchodziez.pl","tygodnik.pl","ekutno.pl","naszbrzesc.pl","bydgoszcz24.pl","terazlipno.pl","saskakepa.waw.pl","gwe24.pl","kolniak24.eu","mp3.teledyski.info","tibiopedia.pl"],"resourceTypes":["script"]},"priority":100205},{"id":40380,"action":{"type":"allow"},"condition":{"urlFilter":"/showad_.js","initiatorDomains":["flashx.tv"]},"priority":100201},{"id":40431,"action":{"type":"allow"},"condition":{"urlFilter":"/showads.js","initiatorDomains":["www.eskago.pl","czasdzieci.pl","towideo.pl","biznesradar.pl","krs-online.com.pl","dziennikwschodni.pl","dziennikwschodni.pl","terrarium.com.pl"],"resourceTypes":["script"]},"priority":100214},{"id":40689,"action":{"type":"allow"},"condition":{"urlFilter":"/wp-content/plugins/jgc-adblocker-detector/js/jgcabd-detect-adblock.js","initiatorDomains":["hentai-online.pl"],"resourceTypes":["script"]},"priority":100301},{"id":40815,"action":{"type":"allow"},"condition":{"urlFilter":"?ads=","initiatorDomains":["dziennikwschodni.pl"],"resourceTypes":["image"]},"priority":100301},{"id":40879,"action":{"type":"allow"},"condition":{"urlFilter":"ads","initiatorDomains":["rapidgrab.pl"],"resourceTypes":["image"]},"priority":100301},{"id":40934,"action":{"type":"allow"},"condition":{"urlFilter":"/adsby.","initiatorDomains":["starekino888.blogspot.com","tvszperacz.blogspot.com","200127.blogspot.com"],"resourceTypes":["image"]},"priority":100235},{"id":41089,"action":{"type":"allow"},"condition":{"urlFilter":"||adservice.google.*/adsid/integrator.js","initiatorDomains":["dieroten.pl","gram.pl"]},"priority":100151},{"id":41179,"action":{"type":"allow"},"condition":{"urlFilter":"||adv.wp.pl/RM/Box/*/inline-videostar.js","initiatorDomains":["pilot.wp.pl"],"resourceTypes":["script"]},"priority":100301},{"id":41270,"action":{"type":"allow"},"condition":{"urlFilter":"||adv.wp.pl/adverts","initiatorDomains":["pilot.wp.pl"],"resourceTypes":["xmlhttprequest"]},"priority":100301},{"id":41340,"action":{"type":"allow"},"condition":{"urlFilter":"||advert-serv.johnmorris.me/adserver/adlogger_tracker.php","initiatorDomains":["www.terrarium.com.pl"],"resourceTypes":["sub_frame"]},"priority":100301},{"id":41457,"action":{"type":"allow"},"condition":{"urlFilter":"||anime-odcinki.pl/wp-content/plugins/jgc-adblocker-detector/js/jgcabd-detect-adblock.js","resourceTypes":["script"]},"priority":100101},{"id":41612,"action":{"type":"allow"},"condition":{"urlFilter":"||anyfiles.pl/pageloading/*-loader.jsp?ads=true"},"priority":100001},{"id":41670,"action":{"type":"allow"},"condition":{"urlFilter":"||app.convertiser.com/scripts/*.advert.js"},"priority":100001},{"id":41807,"action":{"type":"allow"},"condition":{"urlFilter":"||bejsment.com/wp-content/plugins/classifieds/img/ads/banner.gif","resourceTypes":["image"]},"priority":100101},{"id":41897,"action":{"type":"allow"},"condition":{"urlFilter":"||blog.programyzadarmo.net.pl/images/ad/*.gif","initiatorDomains":["blog.programyzadarmo.net.pl"],"resourceTypes":["image"]},"priority":100301},{"id":42009,"action":{"type":"allow"},"condition":{"urlFilter":"||burzowo.info/*.js?*ad"},"priority":100001},{"id":42131,"action":{"type":"allow"},"condition":{"urlFilter":"||cdn.cmc-gallery.pl/static/js/ads.js","resourceTypes":["script"]},"priority":100101},{"id":42194,"action":{"type":"allow"},"condition":{"urlFilter":"||cdnjs.cloudflare.com/ajax/libs/fuckadblock/*/fuckadblock.min.js","initiatorDomains":["vodnews.pl"],"resourceTypes":["script"]},"priority":100301},{"id":42309,"action":{"type":"allow"},"condition":{"urlFilter":"||cdnjs.cloudflare.com/ajax/libs/blockadblock/*/blockadblock.js","initiatorDomains":["eskago.pl"],"resourceTypes":["script"]},"priority":100301},{"id":42461,"action":{"type":"allow"},"condition":{"urlFilter":"||code.skript.pl/*.js?ad_type=skript"},"priority":100001},{"id":42548,"action":{"type":"allow"},"condition":{"urlFilter":"||contextual.media.net/dmedianet.js","initiatorDomains":["www.bravebeaver.pl"],"resourceTypes":["script"]},"priority":100301},{"id":42641,"action":{"type":"allow"},"condition":{"urlFilter":"||csr.onet.pl/","initiatorDomains":["www.newsweek.pl"]},"priority":100201},{"id":42754,"action":{"type":"allow"},"condition":{"urlFilter":"||dziennikwschodni.pl/*/*ads."},"priority":100001},{"id":42835,"action":{"type":"allow"},"condition":{"urlFilter":"||epiotrkow.pl/reklama/*MajkiIT*.js","resourceTypes":["script"]},"priority":100101},{"id":42972,"action":{"type":"allow"},"condition":{"urlFilter":"||eskago.pl/ad/banner/_adsense_/_adserver/_adview_.ad.json","initiatorDomains":["eskago.pl"],"resourceTypes":["xmlhttprequest"]},"priority":100301},{"id":43079,"action":{"type":"allow"},"condition":{"urlFilter":"||eskago.pl/html/js/ads*.js","resourceTypes":["script"]},"priority":100101},{"id":43245,"action":{"type":"allow"},"condition":{"urlFilter":"||fm.tuba.pl/adblockDetector.js"},"priority":100001},{"id":43287,"action":{"type":"allow"},"condition":{"urlFilter":"||fm.tuba.pl^","initiatorDomains":["fm.tuba.pl"],"resourceTypes":["xmlhttprequest"]},"priority":100301},{"id":43350,"action":{"type":"allow"},"condition":{"urlFilter":"||games.softgames.com/assets/advertisement.js","initiatorDomains":["games.softgames.com"],"resourceTypes":["script"]},"priority":100301},{"id":43454,"action":{"type":"allow"},"condition":{"urlFilter":"||games.softgames.com/assets/showads.js","initiatorDomains":["games.softgames.com"],"resourceTypes":["script"]},"priority":100301},{"id":43552,"action":{"type":"allow"},"condition":{"urlFilter":"||gapl.hit.gemius.pl/gemiuslib.js","initiatorDomains":["auto-swiat.pl","businessinsider.com.pl","fakt.pl","forbes.pl","komputerswiat.pl","noizz.pl","onet.pl","plejada.pl","vod.pl"],"resourceTypes":["script"]},"priority":100213},{"id":43731,"action":{"type":"allow"},"condition":{"urlFilter":"||gapl.hit.gemius.pl/gplayer.js","initiatorDomains":["auto-swiat.pl","businessinsider.com.pl","fakt.pl","forbes.pl","komputerswiat.pl","noizz.pl","onet.pl","plejada.pl","vod.pl"],"resourceTypes":["script"]},"priority":100213},{"id":43908,"action":{"type":"allow"},"condition":{"urlFilter":"||gemius.pl^","initiatorDomains":["polsatnews.pl","polsatgo.pl"],"resourceTypes":["script","xmlhttprequest"]},"priority":100226},{"id":43994,"action":{"type":"allow"},"condition":{"urlFilter":"||googletagmanager.com/gtm.js","initiatorDomains":["echodnia.eu","se.pl"]},"priority":100151},{"id":44156,"action":{"type":"allow"},"condition":{"urlFilter":"||imasdk.googleapis.com/js/sdkloader/ima3.js","initiatorDomains":["games.cdn.famobi.com","grydladzieci.pl","fm.tuba.pl","wp.pl","player.pl","animezone.pl","ipla.tv","www.polsatnews.pl","playpuls.pl","polsatsport.pl","twojapogoda.pl","wtk.pl","tvp.pl","polsatnews.pl","tvokazje.pl","parenting.pl","abczdrowie.pl","money.pl","meloradio.pl","antyradio.pl","chillizet.pl","radioplus.pl","radiozet.pl","www.geekweek.pl","video.onnetwork.tv","partner.redefine.pl","echirurgia.pl","national-geographic.pl","mojegotowanie.pl","przyslijprzepis.pl","focusnauka.pl","glamour.pl","elle.pl","kobieta.pl","elleman.pl","claudia.pl","ipla.tv","elevensports.pl","mojpieknyogrod.pl","sadeczanin.info","pluscdn.pl","videotarget.pl","polsatgo.pl"],"resourceTypes":["script"]},"priority":100204},{"id":44815,"action":{"type":"allow"},"condition":{"urlFilter":"||imasdk.googleapis.com/js/sdkloader/vpaid_adapter.js","initiatorDomains":["vod.tvp.pl"],"resourceTypes":["script"]},"priority":100301},{"id":44918,"action":{"type":"allow"},"condition":{"urlFilter":"||imged.pl/subframe/js/*/adblock-advertisement.js","resourceTypes":["script"]},"priority":100101},{"id":45032,"action":{"type":"allow"},"condition":{"urlFilter":"||ipla.hit.stat24.com/*ad.xml","initiatorDomains":["polsatnews.pl","polsatsport.pl","twojapogoda.pl"],"resourceTypes":["xmlhttprequest"]},"priority":100235},{"id":45180,"action":{"type":"allow"},"condition":{"urlFilter":"||istotne.pl/ajax/adverts.json"},"priority":100001},{"id":45260,"action":{"type":"allow"},"condition":{"urlFilter":"||iwa3.hit.interia.pl/iwa_core?ts=","initiatorDomains":["biznes.interia.pl","pomponik.pl"],"resourceTypes":["script"]},"priority":100251},{"id":45363,"action":{"type":"allow"},"condition":{"urlFilter":"||iwa3.hit.interia.pl^*/iwa_core?ts=","initiatorDomains":["pomponik.pl","interia.pl"]},"priority":100151},{"id":45530,"action":{"type":"allow"},"condition":{"urlFilter":"||js.iplsc.com/inpl.adb/*/empt.js?*&adserv=","initiatorDomains":["interia.pl"]},"priority":100201},{"id":45682,"action":{"type":"allow"},"condition":{"urlFilter":"||js.iplsc.com/inpl.abd/latest/ads.js?","initiatorDomains":["pomponik.pl","interia.pl"]},"priority":100151},{"id":45773,"action":{"type":"allow"},"condition":{"urlFilter":"||kawalekkodu.pl/bl-plugins/cookie-consent/js/advert.js","resourceTypes":["script"]},"priority":100101},{"id":45938,"action":{"type":"allow"},"condition":{"urlFilter":"||kubofonista.net/r/ad.htm","initiatorDomains":["kubofonista.net"],"resourceTypes":["script"]},"priority":100301},{"id":46146,"action":{"type":"allow"},"condition":{"urlFilter":"||lib.wtg-ads.com/lib.min.js","initiatorDomains":["legia.net"],"resourceTypes":["script"]},"priority":100301},{"id":46223,"action":{"type":"allow"},"condition":{"urlFilter":"||lib.wtg-ads.com/prebid/prebid_*.js","initiatorDomains":["joemonster.org","innpoland.pl","dadhero.pl","wroclawskiejedzenie.pl","natemat.pl","weszlo.com","mamadu.pl","otopress.pl","wypracowania.pl","kulinarnapolska.org","tulodz.pl"],"resourceTypes":["xmlhttprequest"]},"priority":100211},{"id":46451,"action":{"type":"allow"},"condition":{"urlFilter":"||lowcygier.pl^","resourceTypes":["script"]},"priority":100101},{"id":46492,"action":{"type":"allow"},"condition":{"urlFilter":"||manjaro.pl/abd/adserver/adlogger_tracker.php"},"priority":100001},{"id":46716,"action":{"type":"allow"},"condition":{"urlFilter":"||myao.adocean.pl/files/js/ado.js","initiatorDomains":["planeta.fm"],"resourceTypes":["script"]},"priority":100301},{"id":46916,"action":{"type":"allow"},"condition":{"urlFilter":"||ocdn.eu/skom/quiz-abbyy/v2/adCode.js","initiatorDomains":["www.newsweek.pl"],"resourceTypes":["script"]},"priority":100301},{"id":47009,"action":{"type":"allow"},"condition":{"urlFilter":"||oglaszamy24.pl/js-css/reklamy/bannery/google_ads/ad/banner/adv.js","resourceTypes":["script"]},"priority":100101},{"id":47102,"action":{"type":"allow"},"condition":{"urlFilter":"||ogloszenia.plock.pl/build/js/ads.*.js"},"priority":100001},{"id":47152,"action":{"type":"allow"},"condition":{"urlFilter":"||onet.hit.gemius.pl/*/redot.js","initiatorDomains":["auto-swiat.pl","businessinsider.com.pl","fakt.pl","forbes.pl","komputerswiat.pl","noizz.pl","onet.pl","plejada.pl","vod.pl"],"resourceTypes":["script"]},"priority":100213},{"id":47329,"action":{"type":"allow"},"condition":{"urlFilter":"||onet.hit.gemius.pl/*/rexdot.js","initiatorDomains":["auto-swiat.pl","businessinsider.com.pl","fakt.pl","forbes.pl","komputerswiat.pl","noizz.pl","onet.pl","plejada.pl","vod.pl"],"resourceTypes":["script"]},"priority":100213},{"id":47543,"action":{"type":"allow"},"condition":{"urlFilter":"||online-tv.pl/wp-content/plugins/pause-adblocker/inc/pause-front.css"},"priority":100001},{"id":47623,"action":{"type":"allow"},"condition":{"urlFilter":"||ovh.webshark.pl/adserver/*/main_script.js?advertise_check=1"},"priority":100001},{"id":47695,"action":{"type":"allow"},"condition":{"urlFilter":"||pagead2.googlesyndication.com/pagead/js/adsbygoogle.js","initiatorDomains":["dieroten.pl","ps3-hack.pl","dniwolne.eu","webkod.pl","cdahd.ml","zobacz.ws","nysainfo.pl","odsluchane.eu","lowcygier.pl","trojmiasto.pl","listatv.pl","darmowa-tv.ws"]},"priority":100110},{"id":47925,"action":{"type":"allow"},"condition":{"urlFilter":"||pagead2.googlesyndication.com/pagead/js/r*/show_ads_impl.js","initiatorDomains":["efizyka.net.pl","dniwolne.eu"]},"priority":100151},{"id":48043,"action":{"type":"allow"},"condition":{"urlFilter":"||pagead2.googlesyndication.com/pagead/show_ads.js","initiatorDomains":["efizyka.net.pl","nk-net.pl","www.gry.pl","lowcygier.pl"]},"priority":100126},{"id":48172,"action":{"type":"allow"},"condition":{"urlFilter":"||pagead2.googlesyndication.com/pagead/js/adsbygoogle.js","initiatorDomains":["poral.eu"],"resourceTypes":["script"]},"priority":100301},{"id":48276,"action":{"type":"allow"},"condition":{"urlFilter":"||pc-sos.pl/ad.htm","initiatorDomains":["pc-sos.pl","xn--strela-8db.pl"],"resourceTypes":["script"]},"priority":100251},{"id":48687,"action":{"type":"allow"},"condition":{"urlFilter":"||portel.pl/*/*adv*.js","initiatorDomains":["www.portel.pl"],"resourceTypes":["script"]},"priority":100301},{"id":48762,"action":{"type":"allow"},"condition":{"urlFilter":"||portel.pl/adex.js","initiatorDomains":["portel.pl"],"resourceTypes":["script"]},"priority":100301},{"id":48912,"action":{"type":"allow"},"condition":{"urlFilter":"||ppstatic.pl/lib/adblockdetect/","resourceTypes":["script"]},"priority":100101},{"id":49137,"action":{"type":"allow"},"condition":{"urlFilter":"||request.dqst.pl/v1/*","initiatorDomains":["www.gosc.pl"],"resourceTypes":["xmlhttprequest"]},"priority":100301},{"id":49210,"action":{"type":"allow"},"condition":{"urlFilter":"||r.trojmiasto.pl^","initiatorDomains":["trojmiasto.pl"],"resourceTypes":["xmlhttprequest"]},"priority":100301},{"id":49281,"action":{"type":"allow"},"condition":{"urlFilter":"||r-trojmiasto.pl^","initiatorDomains":["trojmiasto.pl"],"resourceTypes":["xmlhttprequest"]},"priority":100301},{"id":49352,"action":{"type":"allow"},"condition":{"urlFilter":"||realmadryt.pl^","initiatorDomains":["realmadryt.pl"],"resourceTypes":["xmlhttprequest"]},"priority":100301},{"id":49421,"action":{"type":"allow"},"condition":{"urlFilter":"||rek.www.wp.pl/vad.xml","resourceTypes":["xmlhttprequest"]},"priority":100101},{"id":49470,"action":{"type":"allow"},"condition":{"urlFilter":"||rodzinnywyjazd.pl/gads.js","resourceTypes":["script"]},"priority":100101},{"id":49523,"action":{"type":"allow"},"condition":{"urlFilter":"||securepubads.g.doubleclick.net/tag/js/gpt.js","initiatorDomains":["biznes.interia.pl"],"resourceTypes":["script"]},"priority":100301},{"id":49626,"action":{"type":"allow"},"condition":{"urlFilter":"||s-pt.ppstatic.pl/*/reklama.js","initiatorDomains":["dzienniklodzki.pl","gloswielkopolski.pl","dziennikpolski24.pl","echodnia.eu","polskatimes.pl","expressbydgoski.pl","expressilustrowany.pl","nowiny24.pl","gazetakrakowska.pl","pomorska.pl","nto.pl","gazetawroclawska.pl","wspolczesna.pl","gp24.pl","dziennikzachodni.pl","gazetalubuska.pl","dziennikbaltycki.pl","stronazdrowia.pl"],"resourceTypes":["script"]},"priority":100207},{"id":50031,"action":{"type":"allow"},"condition":{"urlFilter":"||skript.pl/ads.php"},"priority":100001},{"id":50061,"action":{"type":"allow"},"condition":{"urlFilter":"||sascdn.com/diff/","initiatorDomains":["eskarock.pl"],"resourceTypes":["script"]},"priority":100301},{"id":50130,"action":{"type":"allow"},"condition":{"urlFilter":"||static-pilot.wp.pl/static/assets/js/ads.js","initiatorDomains":["pilot.wp.pl"],"resourceTypes":["xmlhttprequest"]},"priority":100301},{"id":50269,"action":{"type":"allow"},"condition":{"urlFilter":"||telewizjastk.pl/libs/adsbygoogle.js","resourceTypes":["script"]},"priority":100101},{"id":50377,"action":{"type":"allow"},"condition":{"urlFilter":"||tibiopedia.pl/js/show_ads.js","initiatorDomains":["tibiopedia.pl"],"resourceTypes":["script"]},"priority":100301},{"id":50502,"action":{"type":"allow"},"condition":{"urlFilter":"||towideo.pl/assets/ads_configs/ajax/sasPluginData.js"},"priority":100001},{"id":50677,"action":{"type":"allow"},"condition":{"urlFilter":"||video.gazeta.pl/cdn/ads/ad/banner/_adsense_/_adserver/_adview_.ad.json","initiatorDomains":["video.gazeta.pl"],"resourceTypes":["xmlhttprequest"]},"priority":100301},{"id":50804,"action":{"type":"allow"},"condition":{"urlFilter":"||video.onnetwork.tv/adblock_notify.js","initiatorDomains":["video.onnetwork.tv"],"resourceTypes":["script"]},"priority":100301},{"id":50900,"action":{"type":"allow"},"condition":{"urlFilter":"||virpe.com/includes/js/adver.js","resourceTypes":["script"]},"priority":100101},{"id":50993,"action":{"type":"allow"},"condition":{"urlFilter":"||vodnews.pl/wp-content/themes/jannah/assets/js/ad.js","resourceTypes":["script"]},"priority":100101},{"id":51072,"action":{"type":"allow"},"condition":{"urlFilter":"||waw4free.pl/images/ikona_dzwonek.svg","resourceTypes":["image"]},"priority":100101},{"id":51177,"action":{"type":"allow"},"condition":{"urlFilter":"||webshark.pl/adserver/*advertise_check=1","initiatorDomains":["vider.info"],"resourceTypes":["script"]},"priority":100301},{"id":51268,"action":{"type":"allow"},"condition":{"urlFilter":"||webshark.pl/adsrv/*main.js","initiatorDomains":["zaq2.pl"],"resourceTypes":["script"]},"priority":100301},{"id":51392,"action":{"type":"allow"},"condition":{"urlFilter":"||wpimg.pl/*/wpjslib-prebid.js","resourceTypes":["script"]},"priority":100101},{"id":51448,"action":{"type":"allow"},"condition":{"urlFilter":"||wtkplay.pl/javascript/ads.js","resourceTypes":["script"]},"priority":100101},{"id":51504,"action":{"type":"allow"},"condition":{"urlFilter":"||www.advert.com/advert","initiatorDomains":["moviesroom.pl"]},"priority":100201},{"id":51571,"action":{"type":"allow"},"condition":{"urlFilter":"||www.benchmark.pl/*/b.ads.js","resourceTypes":["script"]},"priority":100101},{"id":51626,"action":{"type":"allow"},"condition":{"urlFilter":"||www.bravebeaver.pl/wp-content/plugins/ad-inserter/js/*.js","initiatorDomains":["www.bravebeaver.pl"],"resourceTypes":["script"]},"priority":100301},{"id":51790,"action":{"type":"allow"},"condition":{"urlFilter":"||www.gala.pl/bundles/burdacore/js/adv.js","initiatorDomains":["www.gala.pl"],"resourceTypes":["script"]},"priority":100301},{"id":51882,"action":{"type":"allow"},"condition":{"urlFilter":"||www.google-analytics.com/analytics.js","initiatorDomains":["www.bravebeaver.pl"],"resourceTypes":["script"]},"priority":100301},{"id":51979,"action":{"type":"allow"},"condition":{"urlFilter":"||www.nadajemy.pl/js-css/adsense/ad/banner/adv.js","resourceTypes":["script"]},"priority":100101},{"id":52054,"action":{"type":"allow"},"condition":{"urlFilter":"||www.sc7.pl/media/graphics/sc7_468x60.png","initiatorDomains":["mynavi-expert.pl"],"resourceTypes":["image"]},"priority":100301},{"id":52152,"action":{"type":"allow"},"condition":{"urlFilter":"||www.telepolis.pl/js/ads_adv_telepolis_skrypt.js"},"priority":100001},{"id":52212,"action":{"type":"allow"},"condition":{"urlFilter":"||www.wakacyjnipiraci.pl/static/tarteaucitron/advertising.js","resourceTypes":["script"]},"priority":100101},{"id":52417,"action":{"type":"allow"},"condition":{"urlFilter":"||zakupek.pl/wp-content/themes/zakupek/bannery/adbanner.htm","initiatorDomains":["zakupek.pl"],"resourceTypes":["script"]},"priority":100301},{"id":52621,"action":{"type":"allow"},"condition":{"urlFilter":"||bham.pl/templates/bham_res/js/advscript.js"},"priority":100001},{"id":52676,"action":{"type":"allow"},"condition":{"urlFilter":"||tvcom-static.ssl.cdn.cra.cz^","initiatorDomains":["www.tvcom.pl","www.tvcom.cz","kulturazive.cz"],"resourceTypes":["script"]},"priority":100235},{"id":52786,"action":{"type":"allow"},"condition":{"urlFilter":"||faucet-doge.u7u.pl/libs/advertisement.js","initiatorDomains":["faucet-doge.u7u.pl"],"resourceTypes":["script"]},"priority":100301},{"id":52886,"action":{"type":"allow"},"condition":{"urlFilter":"||moviads.pl^","initiatorDomains":["mojpieknyogrod.pl"]},"priority":100201},{"id":52947,"action":{"type":"allow"},"condition":{"urlFilter":"||infobel.*/custom/ads-","initiatorDomains":["infobel.pl","infobel.com"],"resourceTypes":["script"]},"priority":100251},{"id":53032,"action":{"type":"block"},"condition":{"urlFilter":"/ad-","initiatorDomains":["upflix.pl"],"resourceTypes":["sub_frame"]},"priority":301},{"id":53085,"action":{"type":"block"},"condition":{"urlFilter":"/adblockcheck.js","initiatorDomains":["jakitobank.pl"]},"priority":201},{"id":54738,"action":{"type":"block"},"condition":{"urlFilter":"||c.trojmiasto.pl/adblock/detected/","initiatorDomains":["trojmiasto.pl"],"resourceTypes":["image"]},"priority":301},{"id":54926,"action":{"type":"block"},"condition":{"urlFilter":"||popads.net/pop.js^"},"priority":1000001},{"id":54972,"action":{"type":"allow"},"condition":{"urlFilter":"||securepubads.g.doubleclick.net/gpt/pubads_impl_","initiatorDomains":["shinden.pl"]},"priority":100201},{"id":55062,"action":{"type":"allow"},"condition":{"urlFilter":"||ced-ns.sascdn.com/diff/templates/js/","initiatorDomains":["shinden.pl"],"resourceTypes":["script"]},"priority":100301},{"id":55150,"action":{"type":"allow"},"condition":{"urlFilter":"||rtbnowads.com/publisher/header","initiatorDomains":["shinden.pl"],"resourceTypes":["script"]},"priority":100301},{"id":55232,"action":{"type":"allow"},"condition":{"urlFilter":"||smartadserver.com/*ac","initiatorDomains":["shinden.pl"],"resourceTypes":["script"]},"priority":100301},{"id":55344,"action":{"type":"allow"},"condition":{"urlFilter":"/fuckadblock*.js","initiatorDomains":["shinden.pl","eskago.pl","cdahd.co","tarnowska.tv"],"resourceTypes":["script"]},"priority":100226},{"id":55442,"action":{"type":"allow"},"condition":{"urlFilter":"||spolecznosci.net/js/core*-min.js","initiatorDomains":["shinden.pl"]},"priority":100201},{"id":55517,"action":{"type":"allow"},"condition":{"urlFilter":"||spolecznosci.net/js/modules/*.js","initiatorDomains":["shinden.pl"]},"priority":100201},{"id":55592,"action":{"type":"allow"},"condition":{"urlFilter":"||a.spolecznosci.net/pet?s=Shinden","initiatorDomains":["shinden.pl"]},"priority":100201},{"id":55667,"action":{"type":"allow"},"condition":{"urlFilter":"||spolecznosci.net/core/*/main.js","initiatorDomains":["shinden.pl"]},"priority":100201},{"id":55836,"action":{"type":"allow"},"condition":{"urlFilter":"||spolecznosci.mgr.consensu.org/js/cmp.stable.min.js","initiatorDomains":["shinden.pl"],"resourceTypes":["script"]},"priority":100301},{"id":56062,"action":{"type":"allow"},"condition":{"urlFilter":"||adocean-pl.hit.gemius.pl/*/url=http://sport.tvp.pl/","resourceTypes":["other","main_frame"]},"priority":100101},{"id":56150,"action":{"type":"allow"},"condition":{"urlFilter":"||adocean-pl.hit.gemius.pl/*redataredir?url=*myao.adocean.pl*ad.","initiatorDomains":["tvp.pl"],"resourceTypes":["xmlhttprequest"]},"priority":100301},{"id":56260,"action":{"type":"allow"},"condition":{"urlFilter":"||adocean-pl.hit.gemius.pl/*redataredir?url=*myao.adocean.pl*ad.xml","initiatorDomains":["tvp.pl"]},"priority":100201},{"id":56364,"action":{"type":"allow"},"condition":{"urlFilter":"||adservice.google.pl/adsid/integrator.js","initiatorDomains":["tvp.pl"],"resourceTypes":["script"]},"priority":100301},{"id":56451,"action":{"type":"allow"},"condition":{"urlFilter":"||adx.adform.net/adx/","initiatorDomains":["tvp.pl"],"resourceTypes":["xmlhttprequest"]},"priority":100301},{"id":56518,"action":{"type":"allow"},"condition":{"urlFilter":"||myao.adocean.pl/*ad.*?","initiatorDomains":["tvp.pl"],"resourceTypes":["xmlhttprequest"]},"priority":100301},{"id":56588,"action":{"type":"allow"},"condition":{"urlFilter":"||myao.adocean.pl/_*/ad.xml","initiatorDomains":["tvp.pl"],"resourceTypes":["xmlhttprequest"]},"priority":100301},{"id":56661,"action":{"type":"allow"},"condition":{"urlFilter":"||myao.adocean.pl^","initiatorDomains":["tvpstream.vod.tvp.pl"],"resourceTypes":["xmlhttprequest"]},"priority":100301},{"id":56739,"action":{"type":"allow"},"condition":{"urlFilter":"||myao.adocean.pl^","initiatorDomains":["tvp.pl"],"resourceTypes":["image"]},"priority":100301},{"id":56803,"action":{"type":"allow"},"condition":{"urlFilter":"||s.tvp.pl/files/tvplayer/*/advertisement.gif","resourceTypes":["image"]},"priority":100101},{"id":56874,"action":{"type":"allow"},"condition":{"urlFilter":"||secure.adnxs.com/ptv?id=*&cb=*&pubclick=","initiatorDomains":["tvp.pl"],"resourceTypes":["xmlhttprequest"]},"priority":100301},{"id":57141,"action":{"type":"block"},"condition":{"urlFilter":"||tvp.pl/video/vod/reklamy/","initiatorDomains":["tvp.pl"]},"priority":201},{"id":57205,"action":{"type":"block"},"condition":{"urlFilter":"||vod.*.tvp.pl/video/vod/reklamy/"},"priority":1},{"id":57249,"action":{"type":"allow"},"condition":{"urlFilter":"||tvn.adocean.pl/*ad.xml","initiatorDomains":["planeteplus.pl"]},"priority":100201},{"id":57318,"action":{"type":"allow"},"condition":{"urlFilter":"||tvn.adocean.pl/ad.xml","initiatorDomains":["fakty.tvn24.pl","tvn.pl"],"resourceTypes":["xmlhttprequest"]},"priority":100251},{"id":57402,"action":{"type":"allow"},"condition":{"urlFilter":"||tvn.adocean.pl/__/ad.xml","initiatorDomains":["fakty.tvn24.pl","tvn.pl"],"resourceTypes":["xmlhttprequest"]},"priority":100251},{"id":57489,"action":{"type":"allow"},"condition":{"urlFilter":"||r.sascdn.com/config.js","initiatorDomains":["www.filmweb.pl"],"resourceTypes":["script"]},"priority":100301},{"id":57567,"action":{"type":"allow"},"condition":{"urlFilter":"||ced-ns.sascdn.com/diff/js/smart.js","initiatorDomains":["www.filmweb.pl"],"resourceTypes":["script"]},"priority":100301},{"id":57657,"action":{"type":"allow"},"condition":{"urlFilter":"||gfx.filmweb.pl/adbetween/adx.js","initiatorDomains":["www.filmweb.pl"],"resourceTypes":["script"]},"priority":100301},{"id":58284,"action":{"type":"block"},"condition":{"urlFilter":"||fwcdn.pl/adv/*.jpg"},"priority":1},{"id":58315,"action":{"type":"block"},"condition":{"urlFilter":"||fwcdn.pl/adv/*.png"},"priority":1},{"id":61196,"action":{"type":"allow"},"condition":{"urlFilter":"||www.google-analytics.com/analytics.js","initiatorDomains":["dcs.redcdn.pl"],"resourceTypes":["script"]},"priority":100301},{"id":61288,"action":{"type":"allow"},"condition":{"urlFilter":"||imasdk.googleapis.com/js/sdkloader/ima3.js","initiatorDomains":["dcs.redcdn.pl"],"resourceTypes":["script"]},"priority":100301},{"id":61385,"action":{"type":"allow"},"condition":{"urlFilter":"||gapl.hit.gemius.pl/gplayer.js","initiatorDomains":["dcs.redcdn.pl"],"resourceTypes":["script"]},"priority":100301},{"id":61469,"action":{"type":"allow"},"condition":{"urlFilter":"||redefineadpl.hit.gemius.pl/*redataredir?url=*ipla.hit.stat24.com*ad.xml","initiatorDomains":["polsatnews.pl","polsatsport.pl","twojapogoda.pl"]},"priority":100135},{"id":61616,"action":{"type":"allow"},"condition":{"urlFilter":"||ppstatic.pl/assets/nsk/*/js/compiled/atoms/ads/branding-video.js"},"priority":100001},{"id":61693,"action":{"type":"redirect","redirect":{"extensionPath":"/web-accessible-resources/redirects/noopjs.js"}},"condition":{"urlFilter":"||ppstatic.pl/assets/nsk/*/js/compiled/atoms/ads/branding-video.js","initiatorDomains":["pl","eu"],"resourceTypes":["script"]},"priority":1001251},{"id":62081,"action":{"type":"allow"},"condition":{"urlFilter":"||imasdk.googleapis.com/js/core/bridge*.html","initiatorDomains":["ipla.tv"]},"priority":100201},{"id":62163,"action":{"type":"allow"},"condition":{"urlFilter":"||gapl.hit.gemius.pl/gplayer.js","initiatorDomains":["ipla.tv"]},"priority":100201},{"id":62232,"action":{"type":"allow"},"condition":{"urlFilter":"||imasdk.googleapis.com/js/sdkloader/ima3.js","initiatorDomains":["ipla.tv"]},"priority":100201},{"id":62314,"action":{"type":"redirect","redirect":{"extensionPath":"/web-accessible-resources/redirects/noopjs.js"}},"condition":{"urlFilter":"||imasdk.googleapis.com/js/sdkloader/ima3.js","initiatorDomains":["loomi.tv"],"resourceTypes":["script"]},"priority":1001301},{"id":62429,"action":{"type":"allow"},"condition":{"urlFilter":"||kursjs.pl/js/ads-prebid.js"},"priority":100001},{"id":62468,"action":{"type":"allow"},"condition":{"urlFilter":"||criteo.net/js/ld/publishertag.js","domainType":"thirdParty","initiatorDomains":["shinden.pl"],"resourceTypes":["script"]},"priority":100302},{"id":34824,"action":{"type":"block"},"condition":{"regexFilter":"\\/wp-content\\/uploads\\/[a-zA-Z]{8,}\\/[a-zA-Z]{8,}\\.js","initiatorDomains":["fandroid.com.pl","crazynauka.pl","legiobiznes.pl"],"resourceTypes":["script"]},"priority":235},{"id":40611,"action":{"type":"allow"},"condition":{"regexFilter":"wp-content/plugins/deblocker","initiatorDomains":["exdb.net"],"resourceTypes":["script"]},"priority":100301},{"id":62561,"action":{"type":"allow"},"condition":{"regexFilter":"^https:\\/\\/www\\.[a-z]{7,14}\\.com\\/[a-z]{1,4}\\.js","domainType":"thirdParty","initiatorDomains":["shinden.pl"],"resourceTypes":["script"]},"priority":100302}]