[{"id":294758,"action":{"type":"block"},"condition":{"urlFilter":"*oetker.*/static/js/privacy-dialog/"},"priority":1},{"id":294804,"action":{"type":"block"},"condition":{"urlFilter":"/ajax/privacy_popup","initiatorDomains":["debica24.eu","narew.info"],"resourceTypes":["xmlhttprequest"]},"priority":251},{"id":294885,"action":{"type":"block"},"condition":{"urlFilter":"/api/Agreements/AgreementsCheck?RodoCookie=","initiatorDomains":["granice.pl","lubiegrac.pl"],"resourceTypes":["xmlhttprequest"]},"priority":251},{"id":294991,"action":{"type":"block"},"condition":{"urlFilter":"/cookie*/bosch-privacy-settings-*.min.js","initiatorDomains":["bosch-professional.com","bosch.pl"],"resourceTypes":["script"]},"priority":251},{"id":295102,"action":{"type":"block"},"condition":{"urlFilter":"/cookie-banner-radio-","initiatorDomains":["felicity-lublin.pl"],"resourceTypes":["script"]},"priority":301},{"id":295181,"action":{"type":"block"},"condition":{"urlFilter":"/cookie-info.","initiatorDomains":["katowice-airport.com","venezia.pl"],"resourceTypes":["stylesheet","script","xmlhttprequest"]},"priority":218},{"id":295283,"action":{"type":"block"},"condition":{"urlFilter":"/cookie.js","initiatorDomains":["coffeecave.pl","iap.pl","iaw.pl","kurnik.pl","sacz.pl"],"resourceTypes":["script"]},"priority":221},{"id":295378,"action":{"type":"block"},"condition":{"urlFilter":"/dc-cookie-privacy-settings.min.js","initiatorDomains":["boschrexroth.com"],"resourceTypes":["script"]},"priority":301},{"id":295468,"action":{"type":"block"},"condition":{"urlFilter":"/eucookies.","initiatorDomains":["lajfy.com"],"resourceTypes":["stylesheet","script"]},"priority":276},{"id":295537,"action":{"type":"block"},"condition":{"urlFilter":"/gdpr/cookie-consent/css/*","initiatorDomains":["ichgcp.net"]},"priority":201},{"id":295604,"action":{"type":"block"},"condition":{"urlFilter":"/gdpr/CookieConsent","domainType":"firstParty","initiatorDomains":["kayak.pl"],"resourceTypes":["xmlhttprequest"]},"priority":302},{"id":295680,"action":{"type":"block"},"condition":{"urlFilter":"/images/banners/cookies_b2","initiatorDomains":["sklep.macmillan.pl"]},"priority":201},{"id":295755,"action":{"type":"block"},"condition":{"urlFilter":"/images/cookie.png","initiatorDomains":["loteriainpost.pl","loteriavelvet.pl"]},"priority":151},{"id":295837,"action":{"type":"block"},"condition":{"urlFilter":"/includes/infocookies.js","initiatorDomains":["wici.info"]},"priority":201},{"id":295901,"action":{"type":"block"},"condition":{"urlFilter":"/informationbar.js","initiatorDomains":["stowarzyszenie-dyrektorow.pl","zgkim.zgora.pl"]},"priority":151},{"id":295993,"action":{"type":"block"},"condition":{"urlFilter":"/jquery.cookiebar","initiatorDomains":["selgros.pl"]},"priority":201},{"id":296051,"action":{"type":"block"},"condition":{"urlFilter":"/libraries/js/jquery.tipsy.cookie.js","initiatorDomains":["kierunkowy.com"]},"priority":201},{"id":296132,"action":{"type":"block"},"condition":{"urlFilter":"/otBannerSdk.js","initiatorDomains":["avast.com","avg.com","coca-cola.pl","dhl.com","hm.com","zarahome.com"]},"priority":118},{"id":296236,"action":{"type":"block"},"condition":{"urlFilter":"/pltk.js","initiatorDomains":["aplikuj.pl","auta-wesele.pl","bielsko.biala.pl","filmy-wesele.pl","fotograf-wesele.pl","hrd.pl","influencer.pl","lokale-wesele.pl","muzyka-wesele.pl","wesele.com.pl","whitepress.pl"]},"priority":111},{"id":296436,"action":{"type":"block"},"condition":{"urlFilter":"/pltk_pl-PL.js","initiatorDomains":["aplikuj.pl","auta-wesele.pl","bielsko.biala.pl","biuroprasowe.pl","filmy-wesele.pl","fotograf-wesele.pl","hrd.pl","influencer.pl","lokale-wesele.pl","muzyka-wesele.pl","wesele.com.pl","whitepress.pl"]},"priority":110},{"id":296658,"action":{"type":"block"},"condition":{"urlFilter":"/pp-t-a-c.js","initiatorDomains":["najlepsze.net","silacze.org","toplista.info"]},"priority":135},{"id":296740,"action":{"type":"block"},"condition":{"urlFilter":"/privacy/popup.js","initiatorDomains":["bauer.pl","cdaction.pl","pcformat.pl"],"resourceTypes":["script"]},"priority":235},{"id":296829,"action":{"type":"block"},"condition":{"urlFilter":"/rhododendron/css/rhododendron-popup.css","initiatorDomains":["abctygodnik.pl","wpolsce.pl"]},"priority":151},{"id":296925,"action":{"type":"block"},"condition":{"urlFilter":"/rodo-agreement-popup/rodo-agreement-popup.min.js","initiatorDomains":["gremimedia.pl","rpkom.pl","zw.com.pl"]},"priority":135},{"id":297037,"action":{"type":"block"},"condition":{"urlFilter":"/whcookies.js","initiatorDomains":["artexhome.eu","lessmess.storage","pdinetwork.net"]},"priority":135},{"id":297125,"action":{"type":"block"},"condition":{"urlFilter":"/whcookiesutf.js","initiatorDomains":["apteka-vita.eu"]},"priority":201},{"id":297186,"action":{"type":"block"},"condition":{"urlFilter":"/wp-content/plugins/mm-extensions/assets/js/info-popup.js","initiatorDomains":["koty.pl","psy.pl"]},"priority":151},{"id":297288,"action":{"type":"block"},"condition":{"urlFilter":"/wp-content/plugins/popup-builder/javascript/jquery.sgcolorbox-min.js","initiatorDomains":["artkomnet.pl","newonce.net"]},"priority":151},{"id":297412,"action":{"type":"block"},"condition":{"urlFilter":"/wp-content/plugins/wp-modal-popup-with-cookie-integration/*","initiatorDomains":["edutorial.pl"],"resourceTypes":["stylesheet","script"]},"priority":276},{"id":297533,"action":{"type":"block"},"condition":{"urlFilter":"/wp-content/plugins/wpmagus-consent-manager/assets/*","initiatorDomains":["alt.pl","altenberg.pl"]},"priority":151},{"id":297635,"action":{"type":"block"},"condition":{"urlFilter":"/wrapperMessagingWithoutDetection.js","initiatorDomains":["computerworld.pl","idg.pl","internetstandard.pl","party.pl","pcworld.pl","ppe.pl","radio.pl"],"resourceTypes":["script"]},"priority":216},{"id":297790,"action":{"type":"block"},"condition":{"urlFilter":"/zgody/*/rodo","initiatorDomains":["gruparmf.pl","rmf.fm","rmf24.pl","rmfclassic.pl","rmfmaxxx.pl","rmfon.pl"],"resourceTypes":["stylesheet"]},"priority":218},{"id":297905,"action":{"type":"block"},"condition":{"urlFilter":"/zgody/*/rodo_rmf","resourceTypes":["script"]},"priority":101},{"id":297948,"action":{"type":"block"},"condition":{"urlFilter":"||akademiareissa.pl/jquery.cg.rodo.modal.js"},"priority":1},{"id":298002,"action":{"type":"block"},"condition":{"urlFilter":"||aptekarzpolski.pl/wp-content/plugins/popup-builderPro/style/sgcolorbox/colorbox4.css"},"priority":1},{"id":298099,"action":{"type":"block"},"condition":{"urlFilter":"||apteki24.waw.pl/info_cook.js"},"priority":1},{"id":298140,"action":{"type":"block"},"condition":{"urlFilter":"||architektura.info/extension/pucookies/design/base/stylesheets/pu_cookies.css"},"priority":1},{"id":298229,"action":{"type":"block"},"condition":{"urlFilter":"||assets.goldenline.io/assets/user/rodoAgreement.*.js"},"priority":1},{"id":298293,"action":{"type":"block"},"condition":{"urlFilter":"||asus.com/cookienotice.json","resourceTypes":["xmlhttprequest"]},"priority":101},{"id":298347,"action":{"type":"block"},"condition":{"urlFilter":"||asus.com/pl/cookienotice.json","resourceTypes":["xmlhttprequest"]},"priority":101},{"id":298404,"action":{"type":"block"},"condition":{"urlFilter":"||bramka-proxy.pl/themes/default/cookies.js"},"priority":1},{"id":298458,"action":{"type":"redirect","redirect":{"extensionPath":"/web-accessible-resources/redirects/noopcss.css"}},"condition":{"urlFilter":"||cdn.ans-media.com/*/CookiesConsentPopUp","initiatorDomains":["answear.com"],"resourceTypes":["stylesheet"]},"priority":1301},{"id":298564,"action":{"type":"block"},"condition":{"urlFilter":"||cdn.cookielaw.org/consent/*/otSDKStub.js","initiatorDomains":["lubimyczytac.pl"],"resourceTypes":["script"]},"priority":301},{"id":298661,"action":{"type":"block"},"condition":{"urlFilter":"||cdn.jsdelivr.net/gh/orestbida/cookieconsent@v*/dist/cookieconsent.css"},"priority":1},{"id":298743,"action":{"type":"block"},"condition":{"urlFilter":"||cdnjs.cloudflare.com/ajax/libs/cookieconsent2/*/cookieconsent.min.js","initiatorDomains":["legalcakes.com","satkurier.pl"]},"priority":151},{"id":298871,"action":{"type":"block"},"condition":{"urlFilter":"||ciasteczka.eu/cookiesEU-latest.min.js"},"priority":1},{"id":298921,"action":{"type":"redirect","redirect":{"extensionPath":"/web-accessible-resources/redirects/noopjs.js"}},"condition":{"urlFilter":"||cmp.*.com/choice/*.com/*","initiatorDomains":["bleepingcomputer.com","convertcase.net","krokdozdrowia.com","medianarodowe.com","pl.forvo.com","politykazdrowotna.com","rozmiar.com","softpedia.com","taniataxi.com"],"resourceTypes":["script"]},"priority":1213},{"id":299149,"action":{"type":"redirect","redirect":{"extensionPath":"/web-accessible-resources/redirects/noopjs.js"}},"condition":{"urlFilter":"||cmp.*.com/choice/*.eu/*","initiatorDomains":["debica24.eu","pl.androidhow.eu","rymy.eu"],"resourceTypes":["script"]},"priority":1235},{"id":299264,"action":{"type":"redirect","redirect":{"extensionPath":"/web-accessible-resources/redirects/noopjs.js"}},"condition":{"urlFilter":"||cmp.*.com/choice/*.info/*","initiatorDomains":["bolec.info","iotwock.info","kartuzy.info","koscierski.info","mapa.info","meble.info","msze.info","odleglosci.info","pomocdrogowa.info","powiatowa.info","trasa.info"],"resourceTypes":["script"]},"priority":1211},{"id":299489,"action":{"type":"redirect","redirect":{"extensionPath":"/web-accessible-resources/redirects/noopjs.js"}},"condition":{"urlFilter":"||cmp.*.com/choice/*.is/*","initiatorDomains":["time.is"],"resourceTypes":["script"]},"priority":1301},{"id":299575,"action":{"type":"redirect","redirect":{"extensionPath":"/web-accessible-resources/redirects/noopjs.js"}},"condition":{"urlFilter":"||cmp.*.com/choice/*.net/*","initiatorDomains":["auslandsvorwahlen.net","legia.net","nekrologi.net","newonce.net","szkola.net"],"resourceTypes":["script"]},"priority":1221},{"id":299723,"action":{"type":"redirect","redirect":{"extensionPath":"/web-accessible-resources/redirects/noopjs.js"}},"condition":{"urlFilter":"||cmp.*.com/choice/*.org/*","initiatorDomains":["aternos.org","dojazd.org","naukowiec.org","poezja.org","polonia.org","polscylekarze.org","polscyprawnicy.org"],"resourceTypes":["script"]},"priority":1216},{"id":299899,"action":{"type":"redirect","redirect":{"extensionPath":"/web-accessible-resources/redirects/noopjs.js"}},"condition":{"urlFilter":"||cmp.*.com/choice/*.pl/*","initiatorDomains":["24wspolnota.pl","adresowo.pl","android.com.pl","antyweb.pl","biznes24.pl","biznesinfo.pl","bp24.pl","calc.pl","ciufcia.pl","czaslotu.pl","dobaku.pl","dobryslownik.pl","docelu.pl","domekiogrodek.pl","dzidzius.pl","e-commerce.pl","edodatki.pl","edupress.pl","eduranking.pl","egarwolin.pl","elle.pl","eszkola.pl","filmnet.pl","flog.pl","forumneurologiczne.pl","fotoszukacz.pl","gazetki.pl","gizmaniak.pl","glamour.pl","glamrap.pl","goniec.pl","goral.info.pl","gram.pl","groove.pl","gry-online.pl","gwiazdor.pl","hejto.pl","iglo.pl","inowroclaw.info.pl","instrukcjaobslugipdf.pl","interpunkcja.pl","irss.pl","ithardware.pl","kalendarz-365.pl","kobieta.pl","krzyzowki.edu.pl","lelum.pl","liczebnik.pl","lokmed.pl","mamotoja.pl","materialy-budowlane.pl","medme.pl","mmorpg.org.pl","mojegotowanie.pl","mojeprodukty.pl","mojpieknyogrod.pl","mp.pl","mpcforum.pl","myradioonline.pl","naekranie.pl","national-geographic.pl","nowiny.pl","ops.pl","ortograf.pl","pacjenci.pl","photoblog.pl","plonszczak.pl","pobierz.pl","polonista.pl","polski-slownik.pl","polskieradio24.pl","procesor.pl","przepisy24.pl","przyslijprzepis.pl","pupilek.pl","radiokierowcow.pl","ratusz.pl","rolnikinfo.pl","rozklad-pkp.pl","sanatorium.pl","sieciprawdy.pl","sieradzak.pl","smakosze.pl","streszczenia.pl","swiatgwiazd.pl","swiatzwierzat.pl","synonim.pl","tabletowo.pl","teleman.pl","termedia.pl","turysci.pl","tvs.pl","tvsport.pl","weekendowo.pl","wizaz.pl","wycieczka.pl","wypracowania.pl","wypracowania24.pl","wyznacz.pl","wyznaczanie-trasy.pl","xforex.pl","zlotowskie.pl","zycie.pl","zyciorysy.pl","zyczenia.pl"],"resourceTypes":["script"]},"priority":1202},{"id":301349,"action":{"type":"block"},"condition":{"urlFilter":"||cmp.redge.media^","initiatorDomains":["kanalsportowy.pl"],"resourceTypes":["xmlhttprequest"]},"priority":301},{"id":301423,"action":{"type":"block"},"condition":{"urlFilter":"||consent.cookiebot.com/*/cc.js","initiatorDomains":["crclondon.com","elica.com","gitlab.com","storytel.com","wienerberger.pl","ziaja.com"],"resourceTypes":["script"]},"priority":218},{"id":301567,"action":{"type":"block"},"condition":{"urlFilter":"||consent.dropbox.com^","resourceTypes":["sub_frame"]},"priority":101},{"id":301615,"action":{"type":"block"},"condition":{"urlFilter":"||consentmanager.net^","initiatorDomains":["badamydzieci.pl"]},"priority":201},{"id":301682,"action":{"type":"block"},"condition":{"urlFilter":"||cookie.bortos.pl/*cookie*.js","resourceTypes":["script"]},"priority":101},{"id":301738,"action":{"type":"block"},"condition":{"urlFilter":"||cookieconsent.lieps.de/consent/","initiatorDomains":["pl.tierpark-ueckermuende.de"]},"priority":201},{"id":301829,"action":{"type":"block"},"condition":{"urlFilter":"||cookieq.com^","domainType":"thirdParty"},"priority":2},{"id":301869,"action":{"type":"block"},"condition":{"urlFilter":"||crimedistrict.com/lang/pl/images/nowa_glowna/cookies_ok.jpg"},"priority":1},{"id":301941,"action":{"type":"block"},"condition":{"urlFilter":"||ctm.gdynia.pl/js/alertbox.js"},"priority":1},{"id":301982,"action":{"type":"block"},"condition":{"urlFilter":"||demotywatory.pl/*/js/privacy_policy.js","resourceTypes":["script"]},"priority":101},{"id":302048,"action":{"type":"block"},"condition":{"urlFilter":"||dipol.com.pl/js/cookies.js"},"priority":1},{"id":302087,"action":{"type":"block"},"condition":{"urlFilter":"||dlastudenta.pl/cookie/cookie_set.js","domainType":"firstParty","excludedInitiatorDomains":["www.dlastudenta.pl"],"resourceTypes":["script"]},"priority":103},{"id":302192,"action":{"type":"block"},"condition":{"urlFilter":"||dlastudenta.pl/cookie/upd/","domainType":"firstParty","excludedInitiatorDomains":["www.dlastudenta.pl"],"resourceTypes":["xmlhttprequest"]},"priority":103},{"id":302288,"action":{"type":"block"},"condition":{"urlFilter":"||durszlak.pl/assets/privacy_popup-*.js","resourceTypes":["script"]},"priority":101},{"id":302353,"action":{"type":"block"},"condition":{"urlFilter":"||dziennikelblaski.pl/js/rodo-wm.js"},"priority":1},{"id":302399,"action":{"type":"block"},"condition":{"urlFilter":"||e-drewno.pl/stock/javascript/browser.js"},"priority":1},{"id":302451,"action":{"type":"block"},"condition":{"urlFilter":"||e-drewno.pl/stock/javascript/cptlx.js"},"priority":1},{"id":302501,"action":{"type":"block"},"condition":{"urlFilter":"||e-hortico.pl/skins/user/rwd_shoper_1/js/fancybox/dist/jquery.fancybox.min.css"},"priority":1},{"id":302591,"action":{"type":"block"},"condition":{"urlFilter":"||eurocookie.galilcloud.wixapps.net/pages/widget/views/widget.html"},"priority":1},{"id":302668,"action":{"type":"block"},"condition":{"urlFilter":"||eurocookie.galilcloud.wixapps.net/popup","resourceTypes":["sub_frame"]},"priority":101},{"id":302735,"action":{"type":"block"},"condition":{"urlFilter":"||evacalor.pl/js/skryptdocookie.js"},"priority":1},{"id":302780,"action":{"type":"block"},"condition":{"urlFilter":"||exploder.pl/info_o_cookie.js","resourceTypes":["script"]},"priority":101},{"id":302836,"action":{"type":"block"},"condition":{"urlFilter":"||forumsamochodowe.pl/js/jquery.cookie.js"},"priority":1},{"id":302888,"action":{"type":"block"},"condition":{"urlFilter":"||fundacjamare.pl/*/assets/javascripts/cookies.min.js"},"priority":1},{"id":302952,"action":{"type":"block"},"condition":{"urlFilter":"||igimag.pl/wp-content/plugins/gdpr-cookie-compliance/dist/scripts/lity.js"},"priority":1},{"id":303037,"action":{"type":"block"},"condition":{"urlFilter":"||itmarket.pl/modules/prestaboost/views/js/prestaboost-popup.js"},"priority":1},{"id":303111,"action":{"type":"block"},"condition":{"urlFilter":"||kochamwroclaw.pl/wp-content/plugins/surbma-yes-no-popup/css/styles.css"},"priority":1},{"id":303194,"action":{"type":"block"},"condition":{"urlFilter":"||kochamwroclaw.pl/wp-content/plugins/wp-terms-popup/assets/popup-style.css"},"priority":1},{"id":303280,"action":{"type":"block"},"condition":{"urlFilter":"||kolarstwo.wroclaw.pl/cook.js"},"priority":1},{"id":303321,"action":{"type":"block"},"condition":{"urlFilter":"||kolporter.com.pl/gfx/img/bannery/2018/RODO.png"},"priority":1},{"id":303380,"action":{"type":"redirect","redirect":{"extensionPath":"/web-accessible-resources/redirects/nooptext.js"}},"condition":{"urlFilter":"||lajt-online.pl/api/terms/rodo","initiatorDomains":["lajt-online.pl"],"resourceTypes":["xmlhttprequest"]},"priority":1301},{"id":303479,"action":{"type":"block"},"condition":{"urlFilter":"||legionisci.com/js/cookiepopup.js"},"priority":1},{"id":303524,"action":{"type":"block"},"condition":{"urlFilter":"||lenovozone.pl/frontend/js/sweetalert.min.js","resourceTypes":["script"]},"priority":101},{"id":303595,"action":{"type":"block"},"condition":{"urlFilter":"||lovekrakow.pl/ajax/rodo"},"priority":1},{"id":303631,"action":{"type":"block"},"condition":{"urlFilter":"||midea.pl/wp-content/uploads/2015/01/cookie_img.png"},"priority":1},{"id":303694,"action":{"type":"block"},"condition":{"urlFilter":"||msecnd.net/Unilever/panels/generic/PanelPrzepisy.htm?consent","resourceTypes":["sub_frame"]},"priority":101},{"id":303782,"action":{"type":"block"},"condition":{"urlFilter":"||muza.com.pl/modules/rodoinfo/views/js/remodal.js","initiatorDomains":["muza.com.pl"],"resourceTypes":["script"]},"priority":301},{"id":303883,"action":{"type":"block"},"condition":{"urlFilter":"||mypolacy.de/addons/checkRodoSettings","resourceTypes":["xmlhttprequest"]},"priority":101},{"id":303947,"action":{"type":"block"},"condition":{"urlFilter":"||nike.com/*/script.js*assets=*CookieSettingsManager*loaded=nike","resourceTypes":["script"]},"priority":101},{"id":304037,"action":{"type":"block"},"condition":{"urlFilter":"||nike.com/*CookieSettingsManager","resourceTypes":["xmlhttprequest"]},"priority":101},{"id":304096,"action":{"type":"block"},"condition":{"urlFilter":"||odrowaz24.pl/wp-content/plugins/sintra-gdpr/","resourceTypes":["script"]},"priority":101},{"id":304168,"action":{"type":"block"},"condition":{"urlFilter":"||odrowaz24.pl/wp-content/plugins/wp-gdpr-compliance/","resourceTypes":["script"]},"priority":101},{"id":304247,"action":{"type":"block"},"condition":{"urlFilter":"||odszkodowania-torun.pl/wp-content/plugins/wp-cookies-alert/style.css"},"priority":1},{"id":304328,"action":{"type":"block"},"condition":{"urlFilter":"||onetrust.com^","initiatorDomains":["primark.com"]},"priority":201},{"id":304385,"action":{"type":"block"},"condition":{"urlFilter":"||ose.gov.pl/rest/public/consent/cookies-body/pl","resourceTypes":["xmlhttprequest"]},"priority":101},{"id":304459,"action":{"type":"block"},"condition":{"urlFilter":"||ottwow.com/api/documents/consents-notice","resourceTypes":["xmlhttprequest"]},"priority":101},{"id":304527,"action":{"type":"block"},"condition":{"urlFilter":"||ottwow.com/api/documents/cookie-notice","resourceTypes":["xmlhttprequest"]},"priority":101},{"id":304593,"action":{"type":"block"},"condition":{"urlFilter":"||paypass.pl/themes/paypass/js/cookies.js","resourceTypes":["script"]},"priority":101},{"id":304660,"action":{"type":"block"},"condition":{"urlFilter":"||pikio.pl/desktop/static/js/jscookie.js","resourceTypes":["script"]},"priority":101},{"id":304726,"action":{"type":"block"},"condition":{"urlFilter":"||pino.pl/app/static/global/files/cookie-alert.js"},"priority":1},{"id":304786,"action":{"type":"block"},"condition":{"urlFilter":"||player.pl/playerapi/document/rodo-short/content","resourceTypes":["xmlhttprequest"]},"priority":101},{"id":304861,"action":{"type":"block"},"condition":{"urlFilter":"||pro-link.pl/consentmode","resourceTypes":["script"]},"priority":101},{"id":304912,"action":{"type":"block"},"condition":{"urlFilter":"||prywatnosc.interia.pl/rodo-iframe","resourceTypes":["sub_frame"]},"priority":101},{"id":304973,"action":{"type":"block"},"condition":{"urlFilter":"||pryzmat.com.pl/wp-content/plugins/popup-builder/javascript/jquery.sgcolorbox-min.js"},"priority":1},{"id":305069,"action":{"type":"block"},"condition":{"urlFilter":"||ptwp.pl/fs/js/jquery.cookie.js","initiatorDomains":["4dd.pl"],"resourceTypes":["script"]},"priority":301},{"id":305147,"action":{"type":"block"},"condition":{"urlFilter":"||radiopoznan.fm//homepage/privacyPolicy"},"priority":1},{"id":305198,"action":{"type":"block"},"condition":{"urlFilter":"||retrotraktor.pl/grafika/cookies.jpg"},"priority":1},{"id":305246,"action":{"type":"block"},"condition":{"urlFilter":"||revolweb.pl/api/flash_msg.js","resourceTypes":["script"]},"priority":101},{"id":305302,"action":{"type":"block"},"condition":{"urlFilter":"||rodo.rawlplug.com/wp-content/themes/rodo/popup/markups/modal-koelner.html","resourceTypes":["xmlhttprequest"]},"priority":101},{"id":305403,"action":{"type":"block"},"condition":{"urlFilter":"||rolpetrol.com.pl/cookies.js","resourceTypes":["script"]},"priority":101},{"id":305458,"action":{"type":"block"},"condition":{"urlFilter":"||sdk.privacy-center.org/*/loader.js?target=","initiatorDomains":["brainly.pl","hilti.pl"],"resourceTypes":["script"]},"priority":251},{"id":305561,"action":{"type":"block"},"condition":{"urlFilter":"||serialowa.pl/wpr/wp-content/plugins/popup-maker/assets/css/site.min.css"},"priority":1},{"id":305645,"action":{"type":"block"},"condition":{"urlFilter":"||service-cmp.com/config","initiatorDomains":["megogo.net"],"resourceTypes":["script","xmlhttprequest"]},"priority":276},{"id":305728,"action":{"type":"block"},"condition":{"urlFilter":"||siemashop.pl/assets/*/js/cookie_agreement.js","resourceTypes":["script"]},"priority":101},{"id":305800,"action":{"type":"block"},"condition":{"urlFilter":"||silnet.pl/*/js/vue/silnet-privacy-policy.vue","resourceTypes":["xmlhttprequest"]},"priority":101},{"id":305872,"action":{"type":"block"},"condition":{"urlFilter":"||stokrotka.pl/*/w_cookie_privacy/","resourceTypes":["script"]},"priority":101},{"id":305932,"action":{"type":"block"},"condition":{"urlFilter":"||swiatksiazki.pl/customer/account/infoAgreement/","resourceTypes":["xmlhttprequest"]},"priority":101},{"id":306007,"action":{"type":"block"},"condition":{"urlFilter":"||szkolawohyn.pl/images/klauzula-PNG.png"},"priority":1},{"id":306058,"action":{"type":"block"},"condition":{"urlFilter":"||tamizo.pl/js/jquery.cookiesinfo.js","resourceTypes":["script"]},"priority":101},{"id":306120,"action":{"type":"block"},"condition":{"urlFilter":"||tspodbeskidzie.pl/js/vendor/cookiebox.min.js"},"priority":1},{"id":306177,"action":{"type":"block"},"condition":{"urlFilter":"||tvp.pl/files/*/polityka-prywatnosci/","resourceTypes":["stylesheet","script"]},"priority":76},{"id":306250,"action":{"type":"block"},"condition":{"urlFilter":"||twojapogoda.pl/rodo/","resourceTypes":["xmlhttprequest"]},"priority":101},{"id":306298,"action":{"type":"block"},"condition":{"urlFilter":"||twoje-seriale.pl/cookies.html","resourceTypes":["sub_frame"]},"priority":101},{"id":306355,"action":{"type":"block"},"condition":{"urlFilter":"||twojezaglebie.pl/wp-content/plugins/rodo/rodo_style.css"},"priority":1},{"id":306423,"action":{"type":"block"},"condition":{"urlFilter":"||tygodnik-krapkowicki.info/media/plg_system_eprivacy/js/eprivacy.js"},"priority":1},{"id":306502,"action":{"type":"block"},"condition":{"urlFilter":"||usercentrics.eu^","initiatorDomains":["kik.pl"]},"priority":201},{"id":306557,"action":{"type":"block"},"condition":{"urlFilter":"||vox.pl/modal/rodo","resourceTypes":["xmlhttprequest"]},"priority":101},{"id":306602,"action":{"type":"block"},"condition":{"urlFilter":"||widoczni.com/_resources/themes/widoczni/js/rodo.jquery.js"},"priority":1},{"id":306672,"action":{"type":"block"},"condition":{"urlFilter":"||wieczorpomorze.pl/wp-content/themes/colormag/js/magnific-popup/jquery.magnific-popup.min.js"},"priority":1},{"id":306776,"action":{"type":"block"},"condition":{"urlFilter":"||wins.pl/pages/getcookie","resourceTypes":["xmlhttprequest"]},"priority":101},{"id":306827,"action":{"type":"block"},"condition":{"urlFilter":"||wio.org.pl/js/cookie_warning.js","resourceTypes":["script"]},"priority":101},{"id":306886,"action":{"type":"block"},"condition":{"urlFilter":"||wroclaw.pl/portal/themes/js/script-rodo.min.js"},"priority":1},{"id":306945,"action":{"type":"block"},"condition":{"urlFilter":"||wydminy.pl/images/rodo-wydminy.jpg"},"priority":1},{"id":306992,"action":{"type":"block"},"condition":{"urlFilter":"||zgody.infor.pl/build/assets/js/main.js"},"priority":1},{"id":307043,"action":{"type":"block"},"condition":{"urlFilter":"||ztm.kielce.pl/modules/mod_rppopup/js/jquery.gafancybox.min.js"},"priority":1},{"id":307117,"action":{"type":"block"},"condition":{"urlFilter":"/ajax/privacy_popup","initiatorDomains":["pl"],"resourceTypes":["xmlhttprequest"]},"priority":301},{"id":307178,"action":{"type":"block"},"condition":{"urlFilter":"/component-CookieConsent.","initiatorDomains":["pl"],"resourceTypes":["script"]},"priority":301},{"id":307245,"action":{"type":"block"},"condition":{"urlFilter":"/cookie-terms."},"priority":1},{"id":307270,"action":{"type":"block"},"condition":{"urlFilter":"/cookie_info.js","initiatorDomains":["info","pl"],"resourceTypes":["script"]},"priority":251},{"id":307332,"action":{"type":"block"},"condition":{"urlFilter":"/cookie_msg.js","resourceTypes":["script"]},"priority":101},{"id":307372,"action":{"type":"block"},"condition":{"urlFilter":"/cookie_notify/*"},"priority":1},{"id":307399,"action":{"type":"block"},"condition":{"urlFilter":"/cookiecon__cookieConsent?","resourceTypes":["script"]},"priority":101},{"id":307451,"action":{"type":"block"},"condition":{"urlFilter":"/cookieDisclaimer.js","resourceTypes":["script"]},"priority":101},{"id":307497,"action":{"type":"block"},"condition":{"urlFilter":"/CookieLaw","resourceTypes":["script"]},"priority":101},{"id":307533,"action":{"type":"block"},"condition":{"urlFilter":"/cookieMonster.min.js","resourceTypes":["script"]},"priority":101},{"id":307580,"action":{"type":"block"},"condition":{"urlFilter":"/cookies-legal-"},"priority":1},{"id":307606,"action":{"type":"block"},"condition":{"urlFilter":"/cookies.smartgroup.min.js","excludedInitiatorDomains":["browserleaks.com"]},"priority":2},{"id":307680,"action":{"type":"block"},"condition":{"urlFilter":"/cookieser.js","resourceTypes":["script"]},"priority":101},{"id":307719,"action":{"type":"block"},"condition":{"urlFilter":"/cookiespopup/*","initiatorDomains":["pl"]},"priority":201},{"id":307767,"action":{"type":"block"},"condition":{"urlFilter":"/cookiesWidget/widget.js","resourceTypes":["script"]},"priority":101},{"id":307817,"action":{"type":"block"},"condition":{"urlFilter":"/cookiewarning*.js","resourceTypes":["script"]},"priority":101},{"id":307861,"action":{"type":"block"},"condition":{"urlFilter":"/css/cukiernia.css","domainType":"firstParty"},"priority":2},{"id":307905,"action":{"type":"block"},"condition":{"urlFilter":"/cukiernia/cukiernia.css","domainType":"firstParty"},"priority":2},{"id":307955,"action":{"type":"block"},"condition":{"urlFilter":"/js/cukiernia.js","domainType":"firstParty"},"priority":2},{"id":307997,"action":{"type":"block"},"condition":{"urlFilter":"/js/info_o_cookie.js","resourceTypes":["script"]},"priority":101},{"id":308043,"action":{"type":"block"},"condition":{"urlFilter":"/js/polityka_cookies.js","resourceTypes":["script"]},"priority":101},{"id":308092,"action":{"type":"block"},"condition":{"urlFilter":"/libs/cukiernia/cukiernia.css","domainType":"firstParty"},"priority":2},{"id":308147,"action":{"type":"block"},"condition":{"urlFilter":"/libs/cukiernia/cukiernia.min.js","domainType":"firstParty"},"priority":2},{"id":308205,"action":{"type":"block"},"condition":{"urlFilter":"/media/plg_system_cookieconfirm","initiatorDomains":["pl"],"resourceTypes":["script"]},"priority":301},{"id":308278,"action":{"type":"block"},"condition":{"urlFilter":"/media/plg_system_eprivacy","initiatorDomains":["pl"],"resourceTypes":["script"]},"priority":301},{"id":308346,"action":{"type":"block"},"condition":{"urlFilter":"/pp-t-a-c.js","initiatorDomains":["pl"]},"priority":201},{"id":308391,"action":{"type":"block"},"condition":{"urlFilter":"/rodo.js","excludedInitiatorDomains":["patronite.pl"],"resourceTypes":["script"]},"priority":102},{"id":308452,"action":{"type":"block"},"condition":{"urlFilter":"/savecookie.js","resourceTypes":["script"]},"priority":101},{"id":308492,"action":{"type":"block"},"condition":{"urlFilter":"/tvp-tcfapi.js"},"priority":1},{"id":308517,"action":{"type":"block"},"condition":{"urlFilter":"/whcookies.js","initiatorDomains":["pl"]},"priority":201},{"id":308563,"action":{"type":"block"},"condition":{"urlFilter":"/whcookiesutf.js","initiatorDomains":["pl"]},"priority":201},{"id":308612,"action":{"type":"block"},"condition":{"urlFilter":"||choices.consentframework.com^","initiatorDomains":["pl"]},"priority":201},{"id":308676,"action":{"type":"block"},"condition":{"urlFilter":"||cmp.optad360.io^","excludedInitiatorDomains":["cmp.optad360.io"]},"priority":2},{"id":308741,"action":{"type":"block"},"condition":{"urlFilter":"||cookiefirst.com","domainType":"thirdParty","initiatorDomains":["pl"]},"priority":202},{"id":308800,"action":{"type":"block"},"condition":{"urlFilter":"||cookieform.pl/assets/js/plugin.js","domainType":"thirdParty"},"priority":2},{"id":308861,"action":{"type":"block"},"condition":{"urlFilter":"||hokuspokus.pl/themes/webtheme/js/whrodo.js"},"priority":1},{"id":308916,"action":{"type":"block"},"condition":{"urlFilter":"||jak-zablokowac-cookies.pl/cookies_komunikat.js","resourceTypes":["script"]},"priority":101},{"id":308990,"action":{"type":"block"},"condition":{"urlFilter":"||pl/*wpjslib-chunk-consent-form.js"},"priority":1},{"id":309036,"action":{"type":"block"},"condition":{"urlFilter":"||pl/*wpjslib-chunk-cookie-info.js"},"priority":1},{"id":309081,"action":{"type":"block"},"condition":{"urlFilter":"||pl/*wpjslib-chunk-notification.js"},"priority":1},{"id":309127,"action":{"type":"block"},"condition":{"urlFilter":"||pl/wp-content/plugins/eu-cookie-law-wp-cookie-law/","resourceTypes":["script"]},"priority":101},{"id":309205,"action":{"type":"block"},"condition":{"urlFilter":"||smart.idmnet.pl/consent/"},"priority":1},{"id":309242,"action":{"type":"block"},"condition":{"urlFilter":"||vendorlist.consensu.org/vendorlist.json","initiatorDomains":["pl"],"resourceTypes":["xmlhttprequest"]},"priority":301},{"id":309325,"action":{"type":"block"},"condition":{"urlFilter":"cookie-law-popup.js","initiatorDomains":["pl"]},"priority":201},{"id":309377,"action":{"type":"block"},"condition":{"urlFilter":"pl/tcf/cookie.js","initiatorDomains":["pl"],"resourceTypes":["script"]},"priority":301},{"id":363268,"action":{"type":"block"},"condition":{"urlFilter":"||vendorlist.consensu.org/vendorlist.json","initiatorDomains":["jbzdy.com.pl","jbzdy.pl"],"resourceTypes":["xmlhttprequest"]},"priority":251},{"id":364556,"action":{"type":"allow"},"condition":{"urlFilter":"/jquery.cookiebar","initiatorDomains":["pl"]},"priority":100201},{"id":364606,"action":{"type":"allow"},"condition":{"urlFilter":"/wp-content/plugins/cookie-law-info/*","initiatorDomains":["eu","pl"]},"priority":100151},{"id":364679,"action":{"type":"allow"},"condition":{"urlFilter":"/wp-content/plugins/cookie-law-info/admin/*"},"priority":100001},{"id":364733,"action":{"type":"allow"},"condition":{"urlFilter":"/wp-content/plugins/cookie-law-info/images/*"},"priority":100001},{"id":364788,"action":{"type":"allow"},"condition":{"urlFilter":"/wp-content/plugins/cookie-law-info/public/*","resourceTypes":["stylesheet"]},"priority":100101},{"id":364858,"action":{"type":"allow"},"condition":{"urlFilter":"||cdn.ampproject.org*consent","initiatorDomains":["lelum.pl"],"resourceTypes":["script"]},"priority":100301},{"id":364934,"action":{"type":"allow"},"condition":{"urlFilter":"||consensu.","initiatorDomains":["infogliwice.pl","zlubaczowa.pl"]},"priority":100151},{"id":365004,"action":{"type":"allow"},"condition":{"urlFilter":"||consent.cookiebot.com^","initiatorDomains":["forth.gr"]},"priority":100201},{"id":365067,"action":{"type":"allow"},"condition":{"urlFilter":"||footroll.pl/js/vendor/cookiebox.min.js"},"priority":100001},{"id":365118,"action":{"type":"allow"},"condition":{"urlFilter":"||fundingchoicesmessages.google.com^","initiatorDomains":["spidersweb.pl","stooq.com","stooq.pl"]},"priority":100135},{"id":365217,"action":{"type":"allow"},"condition":{"urlFilter":"||kawalekkodu.pl/bl-plugins/cookie-consent/js/advert.js"},"priority":100001},{"id":365283,"action":{"type":"allow"},"condition":{"urlFilter":"||s.tvp.pl/files/portale-v*/polityka-prywatnosci/js/tvp-embed-cmp.js"},"priority":100001},{"id":365362,"action":{"type":"allow"},"condition":{"urlFilter":"||wisla-plock.pl/scripts/jquery.ihavecookies.js","initiatorDomains":["www.wisla-plock.pl"],"resourceTypes":["script"]},"priority":100301},{"id":373347,"action":{"type":"allow"},"condition":{"urlFilter":"/complianz-","initiatorDomains":["entra.pl","grupabiwakowa.pl","nowymarketing.pl"],"resourceTypes":["script"]},"priority":100235},{"id":373440,"action":{"type":"allow"},"condition":{"urlFilter":"/complianz.","initiatorDomains":["entra.pl","grupabiwakowa.pl","nowymarketing.pl"],"resourceTypes":["script"]},"priority":100235},{"id":373533,"action":{"type":"allow"},"condition":{"urlFilter":"/jquery.cookiebar.js","initiatorDomains":["shinden.pl"]},"priority":100201},{"id":373594,"action":{"type":"allow"},"condition":{"urlFilter":"/otBannerSdk.js","initiatorDomains":["avanti24.pl","bankier.pl","bethesda.net","blaklader.pl","carrefour.pl","cartoonito.pl","czterykaty.pl","dyskusje24.pl","edziecko.pl","elle.pl","elleman.pl","essilor.pl","focus.pl","focusnauka.pl","g.pl","gazeta.pl","gazeta.tv","glamour.pl","gry.pl","haps.pl","hapsvod.pl","ikea.com","infoladnydom.pl","infozdrowie24.pl","kobieta.pl","magazyn-kuchnia.pl","mojegotowanie.pl","mojpieknyogrod.pl","moto-wiadomosci.pl","moto.pl","national-geographic.pl","olx.pl","pizzahut.pl","player.pl","plotek.pl","przyslijprzepis.pl","sport.gwar.pl","sport.pl","tokfm.pl","toteraz.pl","tvn.pl","tvn24.pl","ugotuj.to","wpodrozy24.pl","wyborcza.pl"]},"priority":100104},{"id":374298,"action":{"type":"allow"},"condition":{"urlFilter":"||cdn.cookielaw.org^","initiatorDomains":["rossmann.pl"]},"priority":100201},{"id":374360,"action":{"type":"allow"},"condition":{"urlFilter":"||cmp.inmobi.com^","initiatorDomains":["aszdziennik.pl","dadhero.pl","innpoland.pl","klubzwierzaki.pl","mamadu.pl","natemat.pl","topnewsy.pl"]},"priority":100116},{"id":374496,"action":{"type":"allow"},"condition":{"urlFilter":"||sdk.privacy-center.org/*/loader.js","initiatorDomains":["bonduelle.pl"],"resourceTypes":["script"]},"priority":100301},{"id":374584,"action":{"type":"allow"},"condition":{"urlFilter":"||sdk.privacy-center.org^","initiatorDomains":["pb.pl","softonic.pl"],"resourceTypes":["script"]},"priority":100251},{"id":374666,"action":{"type":"allow"},"condition":{"urlFilter":"||usercentrics.eu^","initiatorDomains":["aldi.pl"],"resourceTypes":["sub_frame","script","xmlhttprequest"]},"priority":100268},{"id":388357,"action":{"type":"allow"},"condition":{"urlFilter":"/jquery-eu-cookie-law-popup.js","initiatorDomains":["agagrzelak.pl"],"resourceTypes":["script"]},"priority":100301},{"id":388440,"action":{"type":"allow"},"condition":{"urlFilter":"/wp-content/plugins/cookie-law-info/js/cookielawinfo.js"},"priority":100001},{"id":388506,"action":{"type":"allow"},"condition":{"urlFilter":"||consensu.*/js/cmp.stable.min.js","initiatorDomains":["shinden.pl"],"resourceTypes":["script"]},"priority":100301},{"id":388589,"action":{"type":"allow"},"condition":{"urlFilter":"||pracatobie.pl/jscripts/cookieLaws.js"},"priority":100001},{"id":388638,"action":{"type":"allow"},"condition":{"urlFilter":"||sdk.privacy-center.org/*/loader.js","initiatorDomains":["filmweb.pl"]},"priority":100201},{"id":388715,"action":{"type":"allow"},"condition":{"urlFilter":"||sdk.privacy-center.org/sdk.*.js","initiatorDomains":["filmweb.pl"]},"priority":100201},{"id":390315,"action":{"type":"block"},"condition":{"urlFilter":"/wp-content/plugins/cookie-law-info/lite/frontend/js/script.min.js","initiatorDomains":["sztolnie.pl","zamekgrodno.pl"]},"priority":1000151},{"id":390447,"action":{"type":"redirect","redirect":{"extensionPath":"/web-accessible-resources/redirects/noopcss.css"}},"condition":{"urlFilter":"||cdn.ans-media.com/*/CookiesConsentPopUp","resourceTypes":["stylesheet"]},"priority":1101},{"id":390528,"action":{"type":"block"},"condition":{"urlFilter":"||cdn.cookielaw.org^","initiatorDomains":["downdetector.pl"]},"priority":201},{"id":390594,"action":{"type":"redirect","redirect":{"extensionPath":"/web-accessible-resources/redirects/noopjson.json"}},"condition":{"urlFilter":"||lajt-online.pl/api/terms/rodo","domainType":"firstParty","resourceTypes":["xmlhttprequest"]},"priority":1001102},{"id":507702,"action":{"type":"allow"},"condition":{"urlFilter":"||gawex.pl/assets/js/cookieinfo.js"},"priority":100001},{"id":507747,"action":{"type":"redirect","redirect":{"extensionPath":"/web-accessible-resources/redirects/didomi-loader.js"}},"condition":{"urlFilter":"||sdk.privacy-center.org/*/loader.js","initiatorDomains":["bonduelle.pl"],"resourceTypes":["script"]},"priority":1301}]