[{"id":3488,"action":{"type":"modifyHeaders","responseHeaders":[{"operation":"append","header":"Content-Security-Policy","value":"script-src data: blob: * 'self' 'unsafe-inline'"}]},"condition":{"urlFilter":"||baomoi.com","resourceTypes":["main_frame","sub_frame","stylesheet","script","image","font","object","xmlhttprequest","ping","media","websocket","other"]},"priority":1},{"id":6849,"action":{"type":"modifyHeaders","responseHeaders":[{"operation":"append","header":"Content-Security-Policy","value":"script-src data: 'self' 'unsafe-inline' http: https:"}]},"condition":{"urlFilter":"||huongdanjava.com","resourceTypes":["main_frame","sub_frame","stylesheet","script","image","font","object","xmlhttprequest","ping","media","websocket","other"]},"priority":1},{"id":8931,"action":{"type":"modifyHeaders","responseHeaders":[{"operation":"append","header":"Content-Security-Policy","value":"script-src 'self' 'unsafe-inline' https:"}]},"condition":{"urlFilter":"||motchill.it.com","resourceTypes":["main_frame","sub_frame","stylesheet","script","image","font","object","xmlhttprequest","ping","media","websocket","other"]},"priority":1},{"id":12416,"action":{"type":"modifyHeaders","responseHeaders":[{"operation":"append","header":"Content-Security-Policy","value":"script-src 'self' 'unsafe-inline' data: https:"}]},"condition":{"urlFilter":"||taoanhdep.com","resourceTypes":["main_frame","sub_frame","stylesheet","script","image","font","object","xmlhttprequest","ping","media","websocket","other"]},"priority":1},{"id":13532,"action":{"type":"modifyHeaders","responseHeaders":[{"operation":"append","header":"Content-Security-Policy","value":"script-src 'self' 'unsafe-inline'"}]},"condition":{"urlFilter":"||truyen4u.pro","resourceTypes":["main_frame","sub_frame","stylesheet","script","image","font","object","xmlhttprequest","ping","media","websocket","other"]},"priority":1},{"id":14175,"action":{"type":"modifyHeaders","responseHeaders":[{"operation":"append","header":"Content-Security-Policy","value":"script-src self * data:* 'unsafe-inline'"}]},"condition":{"urlFilter":"||ungtycomicsday.com","resourceTypes":["main_frame","sub_frame","stylesheet","script","image","font","object","xmlhttprequest","ping","media","websocket","other"]},"priority":1},{"id":15222,"action":{"type":"modifyHeaders","responseHeaders":[{"operation":"append","header":"Content-Security-Policy","value":"script-src 'self' 'unsafe-inline' http: https:"}]},"condition":{"urlFilter":"||www.iosviet.com^","resourceTypes":["main_frame","sub_frame","stylesheet","script","image","font","object","xmlhttprequest","ping","media","websocket","other"]},"priority":1},{"id":75629,"action":{"type":"modifyHeaders","responseHeaders":[{"operation":"append","header":"Content-Security-Policy","value":"script-src 'self' 'unsafe-inline'"}]},"condition":{"urlFilter":"||cliphot69.bar","resourceTypes":["main_frame","sub_frame","stylesheet","script","image","font","object","xmlhttprequest","ping","media","websocket","other"]},"priority":1},{"id":76963,"action":{"type":"modifyHeaders","responseHeaders":[{"operation":"append","header":"Content-Security-Policy","value":"script-src 'self' 'unsafe-inline' http"}]},"condition":{"urlFilter":"||mangadm.cc","resourceTypes":["main_frame","sub_frame","stylesheet","script","image","font","object","xmlhttprequest","ping","media","websocket","other"]},"priority":1},{"id":77878,"action":{"type":"modifyHeaders","responseHeaders":[{"operation":"append","header":"Content-Security-Policy","value":"script-src 'self' 'unsafe-eval'"}]},"condition":{"urlFilter":"||sexdiaryx.live","resourceTypes":["main_frame","sub_frame","stylesheet","script","image","font","object","xmlhttprequest","ping","media","websocket","other"]},"priority":1},{"id":5,"action":{"type":"block"},"condition":{"urlFilter":".com/cpc/","resourceTypes":["script"]},"priority":101},{"id":40,"action":{"type":"block"},"condition":{"urlFilter":".com/qc/"},"priority":1},{"id":59,"action":{"type":"block"},"condition":{"urlFilter":".net/ads/","excludedInitiatorDomains":["linkneverdie.net"]},"priority":2},{"id":116,"action":{"type":"block"},"condition":{"urlFilter":".net/cpf/","resourceTypes":["script"]},"priority":101},{"id":151,"action":{"type":"block"},"condition":{"urlFilter":".tv/ads/","resourceTypes":["sub_frame","script","image"]},"priority":68},{"id":203,"action":{"type":"block"},"condition":{"urlFilter":".vn/Ad/"},"priority":1},{"id":221,"action":{"type":"block"},"condition":{"urlFilter":".vn/c3s-ad/","resourceTypes":["xmlhttprequest"]},"priority":101},{"id":258,"action":{"type":"block"},"condition":{"urlFilter":".vn/qc/"},"priority":1},{"id":276,"action":{"type":"block"},"condition":{"urlFilter":"/Content/JS/jwplayer/vast.js","resourceTypes":["script"]},"priority":101},{"id":395,"action":{"type":"block"},"condition":{"urlFilter":"/_BannerSlot.aspx","initiatorDomains":["bongdaso66.net"],"resourceTypes":["sub_frame"]},"priority":301},{"id":466,"action":{"type":"block"},"condition":{"urlFilter":"/aas/r45d/vki/*","resourceTypes":["script"]},"priority":101},{"id":507,"action":{"type":"block"},"condition":{"urlFilter":"/ads/*.gif"},"priority":1},{"id":528,"action":{"type":"block"},"condition":{"urlFilter":"/ads/*.xml","resourceTypes":["xmlhttprequest"]},"priority":101},{"id":564,"action":{"type":"block"},"condition":{"urlFilter":"/ads/popup_"},"priority":1},{"id":586,"action":{"type":"block"},"condition":{"urlFilter":"/adv/*","initiatorDomains":["bongdaso66.net"],"resourceTypes":["image"]},"priority":301},{"id":646,"action":{"type":"block"},"condition":{"urlFilter":"/banner-ads."},"priority":1},{"id":669,"action":{"type":"block"},"condition":{"urlFilter":"/banner/*.gif","excludedInitiatorDomains":["marsvenus.vn"]},"priority":2},{"id":726,"action":{"type":"block"},"condition":{"urlFilter":"/blueserving."},"priority":1},{"id":750,"action":{"type":"block"},"condition":{"urlFilter":"/cms/Arfcc.min.js","domainType":"thirdParty","initiatorDomains":["cafef.vn","gamek.vn","genk.vn","kenh14.vn","soha.vn","tuoitre.vn","afamily.vn","thanhnien.vn"],"resourceTypes":["script"]},"priority":215},{"id":894,"action":{"type":"block"},"condition":{"urlFilter":"/cms/arf-","domainType":"thirdParty","initiatorDomains":["cafef.vn","gamek.vn","genk.vn","kenh14.vn","soha.vn","tuoitre.vn","afamily.vn"],"resourceTypes":["script"]},"priority":217},{"id":1017,"action":{"type":"block"},"condition":{"urlFilter":"/core/*","initiatorDomains":["gamek.vn","genk.vn","kenh14.vn","cafef.vn","thanhnien.vn"],"resourceTypes":["script"]},"priority":221},{"id":1112,"action":{"type":"block"},"condition":{"urlFilter":"/disable-devtool.min.js","resourceTypes":["script"]},"priority":101},{"id":1161,"action":{"type":"block"},"condition":{"urlFilter":"/giadinhonline.vn/files/qc/*"},"priority":1},{"id":1200,"action":{"type":"block"},"condition":{"urlFilter":"/i.imgur.com/*.gif","initiatorDomains":["keonhacai55.chat","www.motchillso.com","www.phimdinhcao.online","xoilacxj.cc","90phutzv.cc","vebozy.cc","cakhiai.cc","listnhacai88.com","xoilaczz63.live","xemtivingon.org","mitomtvn.cc","eastloshigh.com","plcdn.xyz","phimmoi.ing","motphimww.info"]},"priority":108},{"id":1467,"action":{"type":"block"},"condition":{"urlFilter":"/js/ads.js","domainType":"firstParty","excludedInitiatorDomains":["vipurl.in"],"resourceTypes":["script"]},"priority":103},{"id":1536,"action":{"type":"block"},"condition":{"urlFilter":"/mmo/*","initiatorDomains":["vuighe4.com"],"resourceTypes":["image","xmlhttprequest"]},"priority":276},{"id":1602,"action":{"type":"block"},"condition":{"urlFilter":"/newchill/*gif","resourceTypes":["image"]},"priority":101},{"id":1642,"action":{"type":"block"},"condition":{"urlFilter":"/polyad."},"priority":1},{"id":1661,"action":{"type":"block"},"condition":{"urlFilter":"/pop.js","initiatorDomains":["motchiill.ac","ohaytv.me"],"resourceTypes":["script"]},"priority":251},{"id":1730,"action":{"type":"block"},"condition":{"urlFilter":"/popunder7."},"priority":1},{"id":1752,"action":{"type":"block"},"condition":{"urlFilter":"/qcao/*","excludedInitiatorDomains":["thegioididong.com"]},"priority":2},{"id":1808,"action":{"type":"block"},"condition":{"urlFilter":"/quang%20cao/*"},"priority":1},{"id":1833,"action":{"type":"block"},"condition":{"urlFilter":"/quang_cao/*"},"priority":1},{"id":1856,"action":{"type":"block"},"condition":{"urlFilter":"/quangcao."},"priority":1},{"id":1877,"action":{"type":"block"},"condition":{"urlFilter":"/quangcao/*"},"priority":1},{"id":1899,"action":{"type":"block"},"condition":{"urlFilter":"/root/ads/*"},"priority":1},{"id":1921,"action":{"type":"block"},"condition":{"urlFilter":"/sbbanner.com"},"priority":1},{"id":1945,"action":{"type":"block"},"condition":{"urlFilter":"/script/oneAds.js","domainType":"firstParty","resourceTypes":["script"]},"priority":102},{"id":1997,"action":{"type":"block"},"condition":{"urlFilter":"/siropu/am/core.min.js","resourceTypes":["script"]},"priority":101},{"id":2045,"action":{"type":"block"},"condition":{"urlFilter":"/storage.adpia.vn","resourceTypes":["script","image"]},"priority":76},{"id":2097,"action":{"type":"block"},"condition":{"urlFilter":"/stores/ads_data/*"},"priority":1},{"id":2126,"action":{"type":"block"},"condition":{"urlFilter":"/taichinhdoanhnghiep.net.vn/files/qc"},"priority":1},{"id":2173,"action":{"type":"block"},"condition":{"urlFilter":"/tracking_info.gif","initiatorDomains":["cafef.vn","gamek.vn","genk.vn","kenh14.vn","soha.vn","tuoitre.vn","afamily.vn","thanhnien.vn"]},"priority":114},{"id":2300,"action":{"type":"block"},"condition":{"urlFilter":"/v/*/vast.js","excludedInitiatorDomains":["cdn2.kenhvn2.com"],"resourceTypes":["script"]},"priority":102},{"id":2369,"action":{"type":"block"},"condition":{"urlFilter":"/vast.js","initiatorDomains":["phimmoi.tuphim.net","boctem.com","hayhaytv.site","phimdacap.tv","hoathinhtq.site","tvhay26.com","tvzinghd.co","player.cloudbeta.win"],"resourceTypes":["script"]},"priority":214},{"id":2534,"action":{"type":"block"},"condition":{"urlFilter":"/videojs.ads.","excludedInitiatorDomains":["danet.vn"]},"priority":2},{"id":2587,"action":{"type":"block"},"condition":{"urlFilter":"/videojs.ima.js","excludedInitiatorDomains":["jut.su","earthcam.com"]},"priority":2},{"id":2654,"action":{"type":"block"},"condition":{"urlFilter":"||123nhadatviet.com/Media/CK/banners/"},"priority":1},{"id":2702,"action":{"type":"block"},"condition":{"urlFilter":"||123nhadatviet.net/Media/CK/banners/"},"priority":1},{"id":2750,"action":{"type":"block"},"condition":{"urlFilter":"||2banh.vn/images/banners/"},"priority":1},{"id":2787,"action":{"type":"block"},"condition":{"urlFilter":"||ads*.autodaily.vn"},"priority":1},{"id":2817,"action":{"type":"block"},"condition":{"urlFilter":"||ads.nghenhinvietnam.vn^","initiatorDomains":["nghenhinvietnam.vn"]},"priority":201},{"id":2891,"action":{"type":"block"},"condition":{"urlFilter":"||ahaphimz.com/js/pov.js","resourceTypes":["script"]},"priority":101},{"id":2941,"action":{"type":"block"},"condition":{"urlFilter":"||anime1.site^*.gif"},"priority":1},{"id":2971,"action":{"type":"block"},"condition":{"urlFilter":"||animevietsub.bio/ads/popup.js","resourceTypes":["script"]},"priority":101},{"id":3028,"action":{"type":"block"},"condition":{"urlFilter":"||animevietsubs.net/vast/","resourceTypes":["image"]},"priority":101},{"id":3079,"action":{"type":"block"},"condition":{"urlFilter":"||animew.net/_next/image?url=https%3A%2F%2Flh3.googleusercontent.com","resourceTypes":["image"]},"priority":101},{"id":3173,"action":{"type":"block"},"condition":{"urlFilter":"||animew.net/_next/image?url=https%3A%2F%2Fp21-ad-sg.ibyteimg.com","resourceTypes":["image"]},"priority":101},{"id":3264,"action":{"type":"block"},"condition":{"urlFilter":"||api.anime3s.com^*.gif","initiatorDomains":["hayhaytv.site","anime1.site"],"resourceTypes":["image"]},"priority":251},{"id":3352,"action":{"type":"block"},"condition":{"urlFilter":"||asecdn.w88media.com/VN/250x250-VN.gif","initiatorDomains":["mythethao.net"]},"priority":201},{"id":3435,"action":{"type":"block"},"condition":{"urlFilter":"||baohaugiang.com.vn/uploads/SlideHomeimg/"},"priority":1},{"id":3578,"action":{"type":"block"},"condition":{"urlFilter":"||baonga.com/FileUpload/Images/*banner"},"priority":1},{"id":3627,"action":{"type":"block"},"condition":{"urlFilter":"||bf.333xbet.com^","domainType":"thirdParty","resourceTypes":["media"]},"priority":102},{"id":3679,"action":{"type":"block"},"condition":{"urlFilter":"||biphim.dev/public/prom_ad/prom_ad.js","resourceTypes":["script"]},"priority":101},{"id":3743,"action":{"type":"block"},"condition":{"urlFilter":"||blog.abit.vn/wp-content/uploads/2020/05/abit_","resourceTypes":["image"]},"priority":101},{"id":3816,"action":{"type":"block"},"condition":{"urlFilter":"||blogger.googleusercontent.com^","initiatorDomains":["hhninja17.tv","xem15.com","hhtm.site","hoathinh3dtq.site","hhh3d.tv","hoathinhtq.site","phimhaytv.biz","yanhh3d.tv","phimhoathinh3d.vip"],"resourceTypes":["image"]},"priority":213},{"id":4007,"action":{"type":"block"},"condition":{"urlFilter":"||blvtap.com^*.gif","initiatorDomains":["phimmoizz.life"],"resourceTypes":["image"]},"priority":301},{"id":4079,"action":{"type":"block"},"condition":{"urlFilter":"||bonbanh.com/ad/"},"priority":1},{"id":4107,"action":{"type":"block"},"condition":{"urlFilter":"||bp.blogspot.com","initiatorDomains":["xemtivi4k.com"],"resourceTypes":["image"]},"priority":301},{"id":4177,"action":{"type":"block"},"condition":{"urlFilter":"||bp.blogspot.com/*banner","excludedInitiatorDomains":["aowvn.org","www.umu.pro.vn"],"resourceTypes":["image"]},"priority":102},{"id":4268,"action":{"type":"block"},"condition":{"urlFilter":"||cdn-data.gtvplus.vn/banners/","initiatorDomains":["gametv.vn"],"resourceTypes":["image"]},"priority":301},{"id":4347,"action":{"type":"block"},"condition":{"urlFilter":"||cdn.lfastcdn.com^*.gif","initiatorDomains":["bongdainfox.tv","xoilaczz63.live","90phutzv.cc","eastloshigh.com","cakhiai.cc","mitomtvn.cc","90phutvs.cc"],"resourceTypes":["image"]},"priority":216},{"id":4504,"action":{"type":"block"},"condition":{"urlFilter":"||cdn.monkeydarchive.com/images/banner/","resourceTypes":["image"]},"priority":101},{"id":4569,"action":{"type":"block"},"condition":{"urlFilter":"||cdn.thichxemphim1.net/wp-content/themes/halimmovies-child/jscm.min.js","initiatorDomains":["thichxemphim1.net"]},"priority":201},{"id":4688,"action":{"type":"block"},"condition":{"urlFilter":"||cdn.webhoctienganh.com/asset/home/img/banner/","initiatorDomains":["webhoctienganh.com"],"resourceTypes":["image"]},"priority":301},{"id":4793,"action":{"type":"block"},"condition":{"urlFilter":"||cdn2-img.net^*.gif","initiatorDomains":["hhpanda.my","dongchill.xyz","biphim.dev","motchill.hn","subnhanh.ee","subnhanhvl.dev","bichill.dev","dongphim.dev"],"resourceTypes":["image"]},"priority":214},{"id":4952,"action":{"type":"block"},"condition":{"urlFilter":"||chodansinh.net^*.gif"},"priority":1},{"id":4985,"action":{"type":"block"},"condition":{"urlFilter":"||chotlo3s.com^*gif"},"priority":1},{"id":5015,"action":{"type":"block"},"condition":{"urlFilter":"||code.gunnymienphi.net^*.gif"},"priority":1},{"id":5055,"action":{"type":"block"},"condition":{"urlFilter":"||danketoan.com/banner/"},"priority":1},{"id":5089,"action":{"type":"block"},"condition":{"urlFilter":"||daotruyen.me/static/media/omo-popup.051a651e9e72c4171ffc.png","domainType":"firstParty","resourceTypes":["image"]},"priority":102},{"id":5186,"action":{"type":"block"},"condition":{"urlFilter":"||docnhanh.vn/images/ads/","resourceTypes":["image"]},"priority":101},{"id":5237,"action":{"type":"block"},"condition":{"urlFilter":"||doctruyenchu.info/ads/","resourceTypes":["image"]},"priority":101},{"id":5287,"action":{"type":"block"},"condition":{"urlFilter":"||dongchill.xyz/ads/ads_xx.js","domainType":"firstParty","resourceTypes":["script"]},"priority":102},{"id":5351,"action":{"type":"block"},"condition":{"urlFilter":"||dongphim.dev/ads/ads_xx.js","resourceTypes":["script"]},"priority":101},{"id":5405,"action":{"type":"block"},"condition":{"urlFilter":"||down-cvs-vn.img.susercontent.com^","initiatorDomains":["forum.gocmod.com"],"resourceTypes":["image"]},"priority":301},{"id":5496,"action":{"type":"block"},"condition":{"urlFilter":"||ff.imacdn.com^","initiatorDomains":["xem1080.com"],"resourceTypes":["image"]},"priority":301},{"id":5563,"action":{"type":"block"},"condition":{"urlFilter":"||file1.dangcongsan.vn^*.gif","initiatorDomains":["dangcongsan.vn"],"resourceTypes":["image"]},"priority":301},{"id":5645,"action":{"type":"block"},"condition":{"urlFilter":"||forum.idichvuseo.com/images/quang-cao"},"priority":1},{"id":5695,"action":{"type":"block"},"condition":{"urlFilter":"||fshare.vn/lib/jwplayer/jwplayer.js"},"priority":1},{"id":5742,"action":{"type":"block"},"condition":{"urlFilter":"||fun6668.com/Banner/","initiatorDomains":["mythethao.net"]},"priority":201},{"id":5807,"action":{"type":"block"},"condition":{"urlFilter":"||fundingchoicesmessages.google.com^","domainType":"thirdParty"},"priority":2},{"id":5869,"action":{"type":"block"},"condition":{"urlFilter":"||ghienphim.movie/client_assets/js/minijumb.js"},"priority":1},{"id":5926,"action":{"type":"block"},"condition":{"urlFilter":"||ghienphim.movie^*.gif","resourceTypes":["image"]},"priority":101},{"id":5975,"action":{"type":"block"},"condition":{"urlFilter":"||ght.kernh41.com^","domainType":"thirdParty","resourceTypes":["script"]},"priority":102},{"id":6028,"action":{"type":"block"},"condition":{"urlFilter":"||giamgiashopee.com/hh3d.js","initiatorDomains":["yanhh3d.tv"],"resourceTypes":["script"]},"priority":301},{"id":6105,"action":{"type":"block"},"condition":{"urlFilter":"||github.com/vietcodeno1/basic-lesson/","initiatorDomains":["phimno1.me"]},"priority":201},{"id":6184,"action":{"type":"block"},"condition":{"urlFilter":"||github.com^","initiatorDomains":["timphim18.net"],"resourceTypes":["image"]},"priority":301},{"id":6250,"action":{"type":"block"},"condition":{"urlFilter":"||goal.90phut24.xyz^*.gif","resourceTypes":["image"]},"priority":101},{"id":6301,"action":{"type":"block"},"condition":{"urlFilter":"||googleusercontent.com^","initiatorDomains":["hhtqvietsub.me"]},"priority":201},{"id":6370,"action":{"type":"block"},"condition":{"urlFilter":"||haychillz.com/*-pop","resourceTypes":["image"]},"priority":101},{"id":6417,"action":{"type":"block"},"condition":{"urlFilter":"||heovktgame.club/wp-content/plugins/banner-management/","resourceTypes":["image"]},"priority":101},{"id":6498,"action":{"type":"block"},"condition":{"urlFilter":"||hhhay.ink^*.gif","resourceTypes":["image"]},"priority":101},{"id":6541,"action":{"type":"block"},"condition":{"urlFilter":"||hhkungfu.club/88vn","initiatorDomains":["hhchina.ink"],"resourceTypes":["image"]},"priority":301},{"id":6612,"action":{"type":"block"},"condition":{"urlFilter":"||hhpanda.my/ads/","domainType":"firstParty","resourceTypes":["script"]},"priority":102},{"id":6664,"action":{"type":"block"},"condition":{"urlFilter":"||hinhso.com^","initiatorDomains":["diendanmaychu.vn"],"resourceTypes":["image"]},"priority":301},{"id":6733,"action":{"type":"block"},"condition":{"urlFilter":"||hotphimvn.cc/disable.js","resourceTypes":["script"]},"priority":101},{"id":6784,"action":{"type":"block"},"condition":{"urlFilter":"||hsctvn.com/uploads/products/","domainType":"firstParty","resourceTypes":["image"]},"priority":102},{"id":6950,"action":{"type":"block"},"condition":{"urlFilter":"||i.ex-cdn.com/nhadautu.vn/files/qc/","initiatorDomains":["nhadautu.vn"]},"priority":201},{"id":7028,"action":{"type":"block"},"condition":{"urlFilter":"||i.imgur.com/81uid6d.jpg","initiatorDomains":["vozer.net"]},"priority":201},{"id":7093,"action":{"type":"block"},"condition":{"urlFilter":"||i.imgur.com/FbUH5AQ.png","initiatorDomains":["vozer.net"]},"priority":201},{"id":7158,"action":{"type":"block"},"condition":{"urlFilter":"||i.imgur.com^","initiatorDomains":["nhacdj.vn","diendanit.net","banbuondalat.com","hoathinhtq.site","xem.tructiepnba.me","www.ssphim.us","phimbet.biz"],"resourceTypes":["image"]},"priority":216},{"id":7313,"action":{"type":"block"},"condition":{"urlFilter":"||i.imgur.com^*.gif","initiatorDomains":["ghienphim.movie","mv.dailyphimz.com","mv.phimmoiaz.cc","phimgichill.net","mythethao.net","xemtivi4k.com","vtipster.net","phimmoi.sale","tv.tvhayhd.org","hoathinh4k3.net","vutruphim.tv","ketqua247vn.vip"],"resourceTypes":["image"]},"priority":210},{"id":7552,"action":{"type":"block"},"condition":{"urlFilter":"||i.postimg.cc^","initiatorDomains":["www.phimmoichilla.xyz"],"resourceTypes":["image"]},"priority":301},{"id":7628,"action":{"type":"block"},"condition":{"urlFilter":"||i45.servimg.com/u/f45/","initiatorDomains":["gocmod.com"]},"priority":201},{"id":7693,"action":{"type":"block"},"condition":{"urlFilter":"||iamcdn.net/players/playera.dmins.js"},"priority":1},{"id":7741,"action":{"type":"block"},"condition":{"urlFilter":"||iamcdn.net/players/playhydraxs.min.js"},"priority":1},{"id":7791,"action":{"type":"block"},"condition":{"urlFilter":"||image-eu-na-ctnytbefjq.4shares.live/90link/*.gif","resourceTypes":["image"]},"priority":101},{"id":7867,"action":{"type":"block"},"condition":{"urlFilter":"||image.cdend.com^*.gif","initiatorDomains":["phimmoi.sale"],"resourceTypes":["image"]},"priority":301},{"id":7942,"action":{"type":"block"},"condition":{"urlFilter":"||imagedelivery.net^","initiatorDomains":["motphimchillp.net"],"resourceTypes":["image"]},"priority":301},{"id":8019,"action":{"type":"block"},"condition":{"urlFilter":"||images.tuyensinh247.com^*.gif","domainType":"thirdParty"},"priority":2},{"id":8076,"action":{"type":"block"},"condition":{"urlFilter":"||img.iketqua.com^*.gif","resourceTypes":["image"]},"priority":101},{"id":8125,"action":{"type":"block"},"condition":{"urlFilter":"||img.phimmoi.in^*.gif","initiatorDomains":["phimmoi.ing"],"resourceTypes":["image"]},"priority":301},{"id":8198,"action":{"type":"block"},"condition":{"urlFilter":"||img.upanh.tv^*.gif","initiatorDomains":["phimtuoitho.site"],"resourceTypes":["image"]},"priority":301},{"id":8274,"action":{"type":"block"},"condition":{"urlFilter":"||kenhgamez.co^*.gif"},"priority":1},{"id":8305,"action":{"type":"block"},"condition":{"urlFilter":"||kenhtin.net/upload/images/banner-"},"priority":1},{"id":8351,"action":{"type":"block"},"condition":{"urlFilter":"||kienthuc.net.vn/*.ads"},"priority":1},{"id":8385,"action":{"type":"block"},"condition":{"urlFilter":"||laodong.vn/*QuangcaoOnline"},"priority":1},{"id":8424,"action":{"type":"block"},"condition":{"urlFilter":"||lh3.googleusercontent.com/*=s0","initiatorDomains":["animevietsub.bio","hoathinh4k3.net","hayghe.me"],"resourceTypes":["image"]},"priority":235},{"id":8538,"action":{"type":"block"},"condition":{"urlFilter":"||listnhacai88.com^*.gif","resourceTypes":["image"]},"priority":101},{"id":8588,"action":{"type":"block"},"condition":{"urlFilter":"||maclife.io^*.gif"},"priority":1},{"id":8617,"action":{"type":"block"},"condition":{"urlFilter":"||media.nghean24h.vn","initiatorDomains":["nghean24h.vn"],"resourceTypes":["image"]},"priority":301},{"id":8689,"action":{"type":"block"},"condition":{"urlFilter":"||mediastation.live^*.gif","initiatorDomains":["mn.mediastation.live","home1.mannhan19.pro","mannhan92.xyz"],"resourceTypes":["image"]},"priority":235},{"id":8808,"action":{"type":"block"},"condition":{"urlFilter":"||mocfun.net/uploads/banners/"},"priority":1},{"id":8848,"action":{"type":"block"},"condition":{"urlFilter":"||motchiill.ac^*.gif","resourceTypes":["image"]},"priority":101},{"id":8894,"action":{"type":"block"},"condition":{"urlFilter":"||motchill.hn/js/ads_xx.js"},"priority":1},{"id":9019,"action":{"type":"block"},"condition":{"urlFilter":"||motchill.it.com^*.gif","resourceTypes":["image"]},"priority":101},{"id":9068,"action":{"type":"block"},"condition":{"urlFilter":"||motchill2.top/banner","resourceTypes":["image"]},"priority":101},{"id":9116,"action":{"type":"block"},"condition":{"urlFilter":"||mplmncb.com/banners-web","initiatorDomains":["truyenqqto.com"],"resourceTypes":["image"]},"priority":301},{"id":9195,"action":{"type":"block"},"condition":{"urlFilter":"||mplmncb.com/popup/","initiatorDomains":["truyenqqto.com"],"resourceTypes":["script"]},"priority":301},{"id":9269,"action":{"type":"block"},"condition":{"urlFilter":"||msdigital.vn/ads","resourceTypes":["sub_frame"]},"priority":101},{"id":9313,"action":{"type":"block"},"condition":{"urlFilter":"||nettruyenrr.com/public/assets/js/pop","domainType":"firstParty","resourceTypes":["script"]},"priority":102},{"id":9386,"action":{"type":"block"},"condition":{"urlFilter":"||nettruyenvie.com/assets/js/pop","resourceTypes":["script"]},"priority":101},{"id":9444,"action":{"type":"block"},"condition":{"urlFilter":"||newoneinoldoneout.pro/banners-web/","initiatorDomains":["nettruyenrr.com","nettruyenvie.com"],"resourceTypes":["image"]},"priority":251},{"id":9552,"action":{"type":"block"},"condition":{"urlFilter":"||newoneinoldoneout.pro/popup","initiatorDomains":["nettruyenrr.com","nettruyenvie.com"],"resourceTypes":["script"]},"priority":251},{"id":9653,"action":{"type":"block"},"condition":{"urlFilter":"||nhadatvang.vn/images/","initiatorDomains":["muabanraovat.com"]},"priority":201},{"id":9723,"action":{"type":"block"},"condition":{"urlFilter":"||nhipcaudautu.vn/*gafin","resourceTypes":["script"]},"priority":101},{"id":9773,"action":{"type":"block"},"condition":{"urlFilter":"||nhipcaudautu.vn/Media/*.gif"},"priority":1},{"id":9813,"action":{"type":"block"},"condition":{"urlFilter":"||noitu.pro^*.gif,","domainType":"firstParty"},"priority":2},{"id":9857,"action":{"type":"block"},"condition":{"urlFilter":"||notepad.vn/media/images/like68.jpg"},"priority":1},{"id":9904,"action":{"type":"block"},"condition":{"urlFilter":"||phim.vkool8.net/images/ads/","resourceTypes":["image"]},"priority":101},{"id":9959,"action":{"type":"block"},"condition":{"urlFilter":"||phim.vkool8.net/js/pov.js","domainType":"firstParty","resourceTypes":["script"]},"priority":102},{"id":10021,"action":{"type":"block"},"condition":{"urlFilter":"||phimmoi.rip/assets/*.gif","resourceTypes":["image"]},"priority":101},{"id":10073,"action":{"type":"block"},"condition":{"urlFilter":"||phimmoichill.bar/newchill/","domainType":"firstParty","resourceTypes":["script"]},"priority":102},{"id":10136,"action":{"type":"block"},"condition":{"urlFilter":"||phimmoichillz.my/pop","resourceTypes":["image"]},"priority":101},{"id":10184,"action":{"type":"block"},"condition":{"urlFilter":"||phimmoichillz.my^*.gif","resourceTypes":["image"]},"priority":101},{"id":10234,"action":{"type":"block"},"condition":{"urlFilter":"||phimmoinhat.top^*.gif"},"priority":1},{"id":10268,"action":{"type":"block"},"condition":{"urlFilter":"||phimnhanhvl.com^*.gif"},"priority":1},{"id":10302,"action":{"type":"block"},"condition":{"urlFilter":"||phimnhua.info^*.gif"},"priority":1},{"id":10334,"action":{"type":"redirect","redirect":{"extensionPath":"/web-accessible-resources/redirects/noopmp4.mp4"}},"condition":{"urlFilter":"||phimreview.org/playergk/phimreview.mp4","initiatorDomains":["phimreview.org"]},"priority":1201},{"id":10433,"action":{"type":"block"},"condition":{"urlFilter":"||phimreview.org^*.gif","resourceTypes":["image"]},"priority":101},{"id":10481,"action":{"type":"block"},"condition":{"urlFilter":"||phimss.net/assets/ads/","resourceTypes":["image"]},"priority":101},{"id":10531,"action":{"type":"block"},"condition":{"urlFilter":"||photo2.tinhte.vn/data/attachment-files/*banner"},"priority":1},{"id":10590,"action":{"type":"block"},"condition":{"urlFilter":"||photo2.tinhte.vn^*.gif","initiatorDomains":["vebo4.net","xem.vebo31.net"]},"priority":151},{"id":10669,"action":{"type":"block"},"condition":{"urlFilter":"||qthang.net/js/blocker","domainType":"firstParty","resourceTypes":["script"]},"priority":102},{"id":10727,"action":{"type":"block"},"condition":{"urlFilter":"||quaivatdienanh.com/*banner","resourceTypes":["image"]},"priority":101},{"id":10781,"action":{"type":"block"},"condition":{"urlFilter":"||quangcaosanpham.com/images/","domainType":"thirdParty"},"priority":2},{"id":10836,"action":{"type":"block"},"condition":{"urlFilter":"||quoracdn.net^","initiatorDomains":["www.motchillso.com"],"resourceTypes":["image"]},"priority":301},{"id":10909,"action":{"type":"block"},"condition":{"urlFilter":"||raovat.tuoitre.vn^","initiatorDomains":["tuoitre.vn"]},"priority":201},{"id":10970,"action":{"type":"block"},"condition":{"urlFilter":"||raovatdidong.vn/images/","initiatorDomains":["muabanraovat.com"]},"priority":201},{"id":11042,"action":{"type":"block"},"condition":{"urlFilter":"||s2.phim1280.tv/adjump","initiatorDomains":["yeuphim.me"]},"priority":201},{"id":11106,"action":{"type":"block"},"condition":{"urlFilter":"||s2.truyentot.com^*.gif","initiatorDomains":["hhtq8.vip","hhtq3d.net","hhtq5.vip","hhvsub.com"],"resourceTypes":["image"]},"priority":226},{"id":11211,"action":{"type":"block"},"condition":{"urlFilter":"||sansale.online/hh3d.js","initiatorDomains":["yanhh3d.tv"],"resourceTypes":["script"]},"priority":301},{"id":11285,"action":{"type":"block"},"condition":{"urlFilter":"||sansale.online/hhtm.js","initiatorDomains":["hhtm.site"]},"priority":201},{"id":11349,"action":{"type":"block"},"condition":{"urlFilter":"||server.zmedia.vn/static/","resourceTypes":["script"]},"priority":101},{"id":11401,"action":{"type":"block"},"condition":{"urlFilter":"||sggp.org.vn/*banner"},"priority":1},{"id":11433,"action":{"type":"block"},"condition":{"urlFilter":"||sharecode.vn/assets/images/thiet-ke-web-gia-re.jpg"},"priority":1},{"id":11496,"action":{"type":"block"},"condition":{"urlFilter":"||sharecode.vn/assets/images/thiet-ke-website.jpg"},"priority":1},{"id":11556,"action":{"type":"block"},"condition":{"urlFilter":"||shopee.vn^","initiatorDomains":["apkmoddone.com"],"resourceTypes":["main_frame"]},"priority":201},{"id":11622,"action":{"type":"block"},"condition":{"urlFilter":"||sognoansofou.net^","initiatorDomains":["apkmoddone.phongroblox.com"],"resourceTypes":["main_frame"]},"priority":201},{"id":11707,"action":{"type":"block"},"condition":{"urlFilter":"||sohuutritue.net.vn/files/qc/"},"priority":1},{"id":11748,"action":{"type":"block"},"condition":{"urlFilter":"||soikeo365.net^*.gif"},"priority":1},{"id":11780,"action":{"type":"block"},"condition":{"urlFilter":"||soikeoz.vip^*.gif"},"priority":1},{"id":11810,"action":{"type":"block"},"condition":{"urlFilter":"||static.cdnno.com/storage/topbox/*.webp","initiatorDomains":["metruyencv.com"],"resourceTypes":["image"]},"priority":301},{"id":11904,"action":{"type":"block"},"condition":{"urlFilter":"||static.ybox.vn^*.gif","initiatorDomains":["ybox.vn"]},"priority":201},{"id":11964,"action":{"type":"block"},"condition":{"urlFilter":"||stc02bc54661548.cloud.anycastapnic.com^*gif","initiatorDomains":["gavang3.link"],"resourceTypes":["image"]},"priority":301},{"id":12061,"action":{"type":"block"},"condition":{"urlFilter":"||storage.fshare.vn/images/","domainType":"thirdParty"},"priority":2},{"id":12114,"action":{"type":"block"},"condition":{"urlFilter":"||subnhanh.ee/js/ads_xx.js"},"priority":1},{"id":12151,"action":{"type":"block"},"condition":{"urlFilter":"||subnhanh.ee/js/ads_xx.min.js","domainType":"firstParty","resourceTypes":["script"]},"priority":102},{"id":12216,"action":{"type":"block"},"condition":{"urlFilter":"||subnhanhvl.dev/js/ads_xx.js","domainType":"firstParty","resourceTypes":["script"]},"priority":102},{"id":12280,"action":{"type":"block"},"condition":{"urlFilter":"||suckhoelamdep.vn^*.gif","resourceTypes":["image"]},"priority":101},{"id":12330,"action":{"type":"block"},"condition":{"urlFilter":"||tailieuvnu.com/wp-content/uploads/2022/12/28/shopee-2*.png","resourceTypes":["image"]},"priority":101},{"id":12508,"action":{"type":"block"},"condition":{"urlFilter":"||tepbac.com/upload/advertiment/","resourceTypes":["image"]},"priority":101},{"id":12566,"action":{"type":"block"},"condition":{"urlFilter":"||thapcamtvz.net^*.gif","initiatorDomains":["thapcamtvz.net","vv13.thapcamtivi.live"],"resourceTypes":["image"]},"priority":251},{"id":12664,"action":{"type":"block"},"condition":{"urlFilter":"||thaudiotruyen.com/wp-content/uploads/2024/10/temu.jpg","resourceTypes":["image"]},"priority":101},{"id":12745,"action":{"type":"block"},"condition":{"urlFilter":"||the.tube/js/detect-ab.js","resourceTypes":["script"]},"priority":101},{"id":12797,"action":{"type":"block"},"condition":{"urlFilter":"||the.tube/js/simpleblocker.js","resourceTypes":["script"]},"priority":101},{"id":12853,"action":{"type":"redirect","redirect":{"extensionPath":"/web-accessible-resources/redirects/noopmp4.mp4"}},"condition":{"urlFilter":"||thichxemphim1.net/Fb88-28012023.mp4","initiatorDomains":["thichxemphim1.net"]},"priority":1201},{"id":12952,"action":{"type":"block"},"condition":{"urlFilter":"||thoigian.com.vn/mFiles/N/06/","resourceTypes":["image"]},"priority":101},{"id":13008,"action":{"type":"block"},"condition":{"urlFilter":"||thoigian.com.vn^*.gif"},"priority":1},{"id":13042,"action":{"type":"block"},"condition":{"urlFilter":"||thuysanvietnam.com.vn^*.gif"},"priority":1},{"id":13082,"action":{"type":"block"},"condition":{"urlFilter":"||timsanpham.com/images/","domainType":"thirdParty"},"priority":2},{"id":13132,"action":{"type":"block"},"condition":{"urlFilter":"||tinhayvip.com^*.gif"},"priority":1},{"id":13164,"action":{"type":"block"},"condition":{"urlFilter":"||tinmoi.vn/?mod=ajax&act=getAds"},"priority":1},{"id":13207,"action":{"type":"block"},"condition":{"urlFilter":"||tinsoikeo.live^*.gif","resourceTypes":["image"]},"priority":101},{"id":13255,"action":{"type":"block"},"condition":{"urlFilter":"||tizihay.com^*.gif","initiatorDomains":["phimmoizz.life","phimmoichill.life"],"resourceTypes":["image"]},"priority":251},{"id":13346,"action":{"type":"block"},"condition":{"urlFilter":"||toithuthuat.com^*.gif"},"priority":1},{"id":13380,"action":{"type":"block"},"condition":{"urlFilter":"||traderviet.tv/data/siropu/am/user/","resourceTypes":["image"]},"priority":101},{"id":13442,"action":{"type":"block"},"condition":{"urlFilter":"||tram3d.vip^*.gif","domainType":"firstParty","resourceTypes":["image"]},"priority":102},{"id":13495,"action":{"type":"block"},"condition":{"urlFilter":"||tructiep.vn/website/adv/"},"priority":1},{"id":13610,"action":{"type":"block"},"condition":{"urlFilter":"||truyenconect.com/uploads/*-truyenconect_com-*."},"priority":1},{"id":13669,"action":{"type":"block"},"condition":{"urlFilter":"||truyentuan.xyz/wp-content/banners"},"priority":1},{"id":13715,"action":{"type":"block"},"condition":{"urlFilter":"||truyenwikidich.net/static/js/adx/","resourceTypes":["script"]},"priority":101},{"id":13776,"action":{"type":"block"},"condition":{"urlFilter":"||tudomuaban.com/public/upload/ad/"},"priority":1},{"id":13821,"action":{"type":"block"},"condition":{"urlFilter":"||tuviso.com/public/media//banner/"},"priority":1},{"id":13866,"action":{"type":"block"},"condition":{"urlFilter":"||tuyensinh247.com/","domainType":"thirdParty","resourceTypes":["image"]},"priority":102},{"id":13920,"action":{"type":"block"},"condition":{"urlFilter":"||tuyensinhso.vn/images/banners/*.gif","domainType":"firstParty","resourceTypes":["image"]},"priority":102},{"id":13992,"action":{"type":"block"},"condition":{"urlFilter":"||tvhay.la/guide/popup.xp-f.js"},"priority":1},{"id":14033,"action":{"type":"block"},"condition":{"urlFilter":"||tvphim.pw/ads/popup","domainType":"firstParty","resourceTypes":["script"]},"priority":102},{"id":14089,"action":{"type":"block"},"condition":{"urlFilter":"||tvzinghd.co/wp-content/themes/zingtv/js/qci9bc.js","domainType":"firstParty","resourceTypes":["script"]},"priority":102},{"id":14266,"action":{"type":"block"},"condition":{"urlFilter":"||uniad.","domainType":"thirdParty"},"priority":2},{"id":14300,"action":{"type":"block"},"condition":{"urlFilter":"||upanh.vn-z.vn/images/2024/05/20/Ban-sao-Deskin-banner-1.jpeg","initiatorDomains":["vn-z.vn"],"resourceTypes":["image"]},"priority":301},{"id":14409,"action":{"type":"block"},"condition":{"urlFilter":"||v.xemphimviet.xyz/client_assets/js/minijumb.js","domainType":"firstParty","resourceTypes":["script"]},"priority":102},{"id":14492,"action":{"type":"block"},"condition":{"urlFilter":"||vesotantai.com/upload/photo/","resourceTypes":["image"]},"priority":101},{"id":14548,"action":{"type":"block"},"condition":{"urlFilter":"||vidian.online/images/*.gif"},"priority":1},{"id":14587,"action":{"type":"block"},"condition":{"urlFilter":"||vietjack.com/FrontEndWeb/js/sp.js","resourceTypes":["script"]},"priority":101},{"id":14648,"action":{"type":"block"},"condition":{"urlFilter":"||vivuphim.info^*.gif"},"priority":1},{"id":14680,"action":{"type":"block"},"condition":{"urlFilter":"||vnesports.net^*.gif"},"priority":1},{"id":14712,"action":{"type":"block"},"condition":{"urlFilter":"||vov.vn/ads/show-ads"},"priority":1},{"id":14744,"action":{"type":"block"},"condition":{"urlFilter":"||vsc62.com/wp-content/themes/vuasanco/assets/scripts/scripts.js"},"priority":1},{"id":14819,"action":{"type":"block"},"condition":{"urlFilter":"||wchem9.com/wp-content/plugins/deblocker/js/ads.min.js","domainType":"firstParty","resourceTypes":["script"]},"priority":102},{"id":14909,"action":{"type":"block"},"condition":{"urlFilter":"||wibu47.com^*.gif","resourceTypes":["image"]},"priority":101},{"id":14953,"action":{"type":"block"},"condition":{"urlFilter":"||www.bk8vnaf.com^*.gif","initiatorDomains":["phimgichill.net"],"resourceTypes":["image"]},"priority":301},{"id":15031,"action":{"type":"block"},"condition":{"urlFilter":"||www.bongdalu808.com^*.gif"},"priority":1},{"id":15069,"action":{"type":"block"},"condition":{"urlFilter":"||www.clbgamesvn.com/diendan/popup/popup.js","domainType":"firstParty","resourceTypes":["script"]},"priority":102},{"id":15147,"action":{"type":"block"},"condition":{"urlFilter":"||www.imghippo.com^*.gif","initiatorDomains":["tvzinghd.co"],"resourceTypes":["image"]},"priority":301},{"id":15317,"action":{"type":"redirect","redirect":{"extensionPath":"/web-accessible-resources/redirects/noopmp3.mp3"}},"condition":{"urlFilter":"||www.motchillso.com/3s.m3u8","initiatorDomains":["www.motchillso.com"]},"priority":1201},{"id":15408,"action":{"type":"block"},"condition":{"urlFilter":"||www.thuocbietduoc.com.vn/adv/"},"priority":1},{"id":15450,"action":{"type":"block"},"condition":{"urlFilter":"||www.thuocbietduoc.com.vn/aqc/","resourceTypes":["image"]},"priority":101},{"id":15507,"action":{"type":"block"},"condition":{"urlFilter":"||xahoingaynay.com.vn/upload/","resourceTypes":["image"]},"priority":101},{"id":15562,"action":{"type":"block"},"condition":{"urlFilter":"||xc.1357668.com^*.gif","initiatorDomains":["live.7mvn4.com"]},"priority":201},{"id":15629,"action":{"type":"block"},"condition":{"urlFilter":"||xem15.com/_next/image?url=%2Fpopup1.jpg&w=*&q=75","resourceTypes":["image"]},"priority":101},{"id":15705,"action":{"type":"redirect","redirect":{"extensionPath":"/web-accessible-resources/redirects/noopmp4.mp4"}},"condition":{"urlFilter":"||xem15.com/video888.mp4","initiatorDomains":["xem15.com"]},"priority":1201},{"id":15783,"action":{"type":"block"},"condition":{"urlFilter":"||xmedia.antt.vn/upload/*.gif","initiatorDomains":["antt.vn"],"resourceTypes":["image"]},"priority":301},{"id":15859,"action":{"type":"block"},"condition":{"urlFilter":"||xxoilac.com^*.gif","resourceTypes":["image"]},"priority":101},{"id":15904,"action":{"type":"block"},"condition":{"urlFilter":"||zcine.net^*.gif","resourceTypes":["image"]},"priority":101},{"id":15947,"action":{"type":"block"},"condition":{"urlFilter":"||zunia.vn/ads.html","initiatorDomains":["tracnghiem.net"],"resourceTypes":["sub_frame"]},"priority":301},{"id":16020,"action":{"type":"block"},"condition":{"urlFilter":"||ad.vidverto.io^"},"priority":1},{"id":16048,"action":{"type":"block"},"condition":{"urlFilter":"||adflex.vn^","domainType":"thirdParty"},"priority":2},{"id":16086,"action":{"type":"block"},"condition":{"urlFilter":"||adpia.vn^","domainType":"thirdParty"},"priority":2},{"id":16123,"action":{"type":"block"},"condition":{"urlFilter":"||ads-cdn.fptplay.net^"},"priority":1},{"id":16156,"action":{"type":"block"},"condition":{"urlFilter":"||ads.mxhnkn.pro^"},"priority":1},{"id":16184,"action":{"type":"block"},"condition":{"urlFilter":"||ads.starzd.com^"},"priority":1},{"id":16212,"action":{"type":"block"},"condition":{"urlFilter":"||adtima-static.zadn.vn^","resourceTypes":["script"]},"priority":101},{"id":16262,"action":{"type":"block"},"condition":{"urlFilter":"||adtima-static.zascdn.me^"},"priority":1},{"id":16299,"action":{"type":"block"},"condition":{"urlFilter":"||adtima.vn^","domainType":"thirdParty"},"priority":2},{"id":16337,"action":{"type":"block"},"condition":{"urlFilter":"||adtimaserver.vn^"},"priority":1},{"id":16366,"action":{"type":"block"},"condition":{"urlFilter":"||affordedseasick.com^"},"priority":1},{"id":16399,"action":{"type":"block"},"condition":{"urlFilter":"||aiactiv.io^"},"priority":1},{"id":16423,"action":{"type":"block"},"condition":{"urlFilter":"||aj1047.online^"},"priority":1},{"id":16450,"action":{"type":"block"},"condition":{"urlFilter":"||aj2393.online^"},"priority":1},{"id":16477,"action":{"type":"block"},"condition":{"urlFilter":"||ajsc.yodimedia.com^"},"priority":1},{"id":16509,"action":{"type":"block"},"condition":{"urlFilter":"||amcdn.vn^"},"priority":1},{"id":16531,"action":{"type":"block"},"condition":{"urlFilter":"||ants.vn^","domainType":"thirdParty"},"priority":2},{"id":16567,"action":{"type":"block"},"condition":{"urlFilter":"||api.adfly.vn^"},"priority":1},{"id":16593,"action":{"type":"block"},"condition":{"urlFilter":"||apinas.nct.vn^"},"priority":1},{"id":16620,"action":{"type":"block"},"condition":{"urlFilter":"||bidgear-syndication.com^"},"priority":1},{"id":16657,"action":{"type":"block"},"condition":{"urlFilter":"||blueseed.tv^","domainType":"thirdParty"},"priority":2},{"id":16697,"action":{"type":"block"},"condition":{"urlFilter":"||cdn.adop.asia^"},"priority":1},{"id":16724,"action":{"type":"block"},"condition":{"urlFilter":"||cdn.tpmedia.online^"},"priority":1},{"id":16756,"action":{"type":"block"},"condition":{"urlFilter":"||cdnv.tpmedia.online^"},"priority":1},{"id":16789,"action":{"type":"block"},"condition":{"urlFilter":"||click.advertnative.com^"},"priority":1},{"id":16825,"action":{"type":"block"},"condition":{"urlFilter":"||cnt.trvdp.com^"},"priority":1},{"id":16852,"action":{"type":"block"},"condition":{"urlFilter":"||contineljs.com^"},"priority":1},{"id":16880,"action":{"type":"block"},"condition":{"urlFilter":"||cpt.geniee.jp^"},"priority":1},{"id":16907,"action":{"type":"block"},"condition":{"urlFilter":"||delivery.yomedia.vn^"},"priority":1},{"id":16940,"action":{"type":"block"},"condition":{"urlFilter":"||distinctrobin.com^"},"priority":1},{"id":16971,"action":{"type":"block"},"condition":{"urlFilter":"||fv.togataurnfuls.com^"},"priority":1},{"id":17005,"action":{"type":"block"},"condition":{"urlFilter":"||gammaplatform.com^","domainType":"thirdParty"},"priority":2},{"id":17051,"action":{"type":"block"},"condition":{"urlFilter":"||genieesspv.jp^","domainType":"thirdParty"},"priority":2},{"id":17093,"action":{"type":"block"},"condition":{"urlFilter":"||genmonet.com^"},"priority":1},{"id":17119,"action":{"type":"block"},"condition":{"urlFilter":"||glodretsa.net^"},"priority":1},{"id":17146,"action":{"type":"block"},"condition":{"urlFilter":"||gullyending.com^"},"priority":1},{"id":17210,"action":{"type":"block"},"condition":{"urlFilter":"||iads.staticscdn.net^"},"priority":1},{"id":17243,"action":{"type":"block"},"condition":{"urlFilter":"||iads.vision^"},"priority":1},{"id":17268,"action":{"type":"block"},"condition":{"urlFilter":"||imad24.com^"},"priority":1},{"id":17292,"action":{"type":"block"},"condition":{"urlFilter":"||img.yeuketqua.net^"},"priority":1},{"id":17323,"action":{"type":"block"},"condition":{"urlFilter":"||immaculate-suspect.com^"},"priority":1},{"id":17359,"action":{"type":"block"},"condition":{"urlFilter":"||js.aiservice.vn^"},"priority":1},{"id":17388,"action":{"type":"block"},"condition":{"urlFilter":"||jsc.yodimedia.com^"},"priority":1},{"id":17419,"action":{"type":"block"},"condition":{"urlFilter":"||media.yomedia.vn^"},"priority":1},{"id":17449,"action":{"type":"block"},"condition":{"urlFilter":"||meta.vn^","domainType":"thirdParty"},"priority":2},{"id":17485,"action":{"type":"block"},"condition":{"urlFilter":"||midgetmaying.com^"},"priority":1},{"id":17515,"action":{"type":"block"},"condition":{"urlFilter":"||ny.foonerne.com^"},"priority":1},{"id":17544,"action":{"type":"block"},"condition":{"urlFilter":"||o6z2a2kq8fatj3ch0x5ow6v82ha2gja8x8c7w6pc5gx2ls0zia7bx1n28b5d.com^"},"priority":1},{"id":17622,"action":{"type":"block"},"condition":{"urlFilter":"||oursty.com^"},"priority":1},{"id":17646,"action":{"type":"block"},"condition":{"urlFilter":"||platform.adlinknetwork.vn^"},"priority":1},{"id":17685,"action":{"type":"block"},"condition":{"urlFilter":"||player.gliacloud.com^"},"priority":1},{"id":17719,"action":{"type":"block"},"condition":{"urlFilter":"||poasauwhoothy.net^"},"priority":1},{"id":17750,"action":{"type":"block"},"condition":{"urlFilter":"||psugheeghuli.net^"},"priority":1},{"id":17780,"action":{"type":"block"},"condition":{"urlFilter":"||pub.akadigital.vn^"},"priority":1},{"id":17811,"action":{"type":"block"},"condition":{"urlFilter":"||pub.lavamedia.vn^"},"priority":1},{"id":17841,"action":{"type":"block"},"condition":{"urlFilter":"||pub.lavanetwork.net^","domainType":"thirdParty"},"priority":2},{"id":17889,"action":{"type":"block"},"condition":{"urlFilter":"||qc.coccoc.com^","domainType":"thirdParty"},"priority":2},{"id":17931,"action":{"type":"block"},"condition":{"urlFilter":"||qc.violet.vn^"},"priority":1},{"id":17957,"action":{"type":"block"},"condition":{"urlFilter":"||qcv5.blogtruyenmoi.com^"},"priority":1},{"id":17993,"action":{"type":"block"},"condition":{"urlFilter":"||qz.almudestilths.com^"},"priority":1},{"id":18027,"action":{"type":"block"},"condition":{"urlFilter":"||realclick.vn^","domainType":"thirdParty"},"priority":2},{"id":18068,"action":{"type":"block"},"condition":{"urlFilter":"||rq.overseagyassa.com^"},"priority":1},{"id":18102,"action":{"type":"block"},"condition":{"urlFilter":"||sbbanner.com^"},"priority":1},{"id":18128,"action":{"type":"block"},"condition":{"urlFilter":"||sourcetobin.com^"},"priority":1},{"id":18157,"action":{"type":"block"},"condition":{"urlFilter":"||ss.yomedia.vn^"},"priority":1},{"id":18184,"action":{"type":"block"},"condition":{"urlFilter":"||static.adconnect.vn^"},"priority":1},{"id":18217,"action":{"type":"block"},"condition":{"urlFilter":"||static.dable.io^"},"priority":1},{"id":18246,"action":{"type":"block"},"condition":{"urlFilter":"||static.eclick.vn^"},"priority":1},{"id":18276,"action":{"type":"block"},"condition":{"urlFilter":"||static.philacct.com^"},"priority":1},{"id":18309,"action":{"type":"block"},"condition":{"urlFilter":"||syphonseity.com^"},"priority":1},{"id":18338,"action":{"type":"block"},"condition":{"urlFilter":"||taboola.com^","domainType":"thirdParty","resourceTypes":["script"]},"priority":102},{"id":18387,"action":{"type":"block"},"condition":{"urlFilter":"||tags.fly-ads.net^"},"priority":1},{"id":18417,"action":{"type":"block"},"condition":{"urlFilter":"||tags.native-ad.net^"},"priority":1},{"id":18449,"action":{"type":"block"},"condition":{"urlFilter":"||toathoule.com^"},"priority":1},{"id":18476,"action":{"type":"block"},"condition":{"urlFilter":"||truyentuan.xyz^","domainType":"firstParty","resourceTypes":["sub_frame"]},"priority":102},{"id":18528,"action":{"type":"block"},"condition":{"urlFilter":"||tvc.biphim.club^"},"priority":1},{"id":18557,"action":{"type":"block"},"condition":{"urlFilter":"||v9banners.com^"},"priority":1},{"id":18584,"action":{"type":"block"},"condition":{"urlFilter":"||vads.net.vn^"},"priority":1},{"id":18609,"action":{"type":"block"},"condition":{"urlFilter":"||zaloweb."},"priority":1},{"id":69264,"action":{"type":"allow"},"condition":{"urlFilter":"/favicon.ico"},"priority":100001},{"id":69287,"action":{"type":"allow"},"condition":{"urlFilter":"/images/ad-300x250.jpg","domainType":"firstParty","initiatorDomains":["lehait.net"],"resourceTypes":["image"]},"priority":100302},{"id":69368,"action":{"type":"allow"},"condition":{"urlFilter":"/wp-content/plugins/advanced-ads/admin/assets/js/advertisement.js","domainType":"firstParty","resourceTypes":["script"]},"priority":100102},{"id":69468,"action":{"type":"allow"},"condition":{"urlFilter":"||4.bp.blogspot.com/-Faf4F4bEgfs/X6bgItBh8RI/AAAAAAAADr4/TI07qDfVYWk4cPdNAj8Mn5Q_yVzuG2cJgCK4BGAYYCw/s1600/gvnvh18.png","initiatorDomains":["www.gvnvh.net"],"resourceTypes":["image"]},"priority":100301},{"id":69639,"action":{"type":"allow"},"condition":{"urlFilter":"||alwingulla.com/88/tag.min.js","initiatorDomains":["apkmoddone.com"],"resourceTypes":["script","xmlhttprequest"]},"priority":100276},{"id":69732,"action":{"type":"allow"},"condition":{"urlFilter":"||anime47.click/ads/v/8.26.9/jw"},"priority":100001},{"id":69774,"action":{"type":"allow"},"condition":{"urlFilter":"||anime47.click/ads/v/8.26.9/translations"},"priority":100001},{"id":69826,"action":{"type":"allow"},"condition":{"urlFilter":"||cdnjs.cloudflare.com/ajax/libs/videojs-contrib-ads/6.0.0/videojs-contrib-ads.js","initiatorDomains":["sctvonline.vn"],"resourceTypes":["script"]},"priority":100301},{"id":69960,"action":{"type":"allow"},"condition":{"urlFilter":"||contextual.media.net/dmedianet.js","initiatorDomains":["azrom.net"]},"priority":100201},{"id":70035,"action":{"type":"allow"},"condition":{"urlFilter":"||googleads.g.doubleclick.net/pagead/","initiatorDomains":["cungthi.online","romgoc.net"]},"priority":100151},{"id":70128,"action":{"type":"allow"},"condition":{"urlFilter":"||imasdk.googleapis.com^","initiatorDomains":["vieon.vn","fptplay.vn","24h.com.vn","game24h.vn","sctvonline.vn","danet.vn","vtvgo.vn"],"resourceTypes":["script","xmlhttprequest"]},"priority":100191},{"id":70274,"action":{"type":"allow"},"condition":{"urlFilter":"||media.nghean24h.vn/image_resize","initiatorDomains":["nghean24h.vn"],"resourceTypes":["image"]},"priority":100301},{"id":70359,"action":{"type":"allow"},"condition":{"urlFilter":"||media1.admicro.vn/cms/","initiatorDomains":["tuoitre.vn"],"resourceTypes":["script"]},"priority":100301},{"id":70433,"action":{"type":"allow"},"condition":{"urlFilter":"||on-web-cdn.gviet.vn/public/js/player/ads/ima3.js","initiatorDomains":["vtvcab.vn"],"resourceTypes":["script"]},"priority":100301},{"id":70532,"action":{"type":"allow"},"condition":{"urlFilter":"||pagead2.googlesyndication.com^","initiatorDomains":["thuthuatmeovat.net","kites.vn","phuongtrinhhoahoc.com","letrongdai.vn","romgoc.net","traderviet.tv","sum.vn","truyenaudiocv.org","1shortlink.com","thelanb.com","cungthi.online","lehait.net","nhacsong.pro","kientruc360.info","giavang.net","vnjpclub.com","753x.blogspot.com","ngohoanganhtuan.com","ngohoanganhtuan.net","vungoctuan.vn","ichi.pro","gocmod.com","tromcap.com","dafontvn.com","www.gvnvh.net","sesenblog.com","filess.us","xaydungplus.com","nguonhd.net","anhdep24.com","windowslite.net","tiengnhatdongian.com","quangcaoyenbai.com","ios.codevn.net","traffic1s.com","audiotruyenfull.com","minhpc.com","vongquaymayman.one","toilaquantri.com","diendancauduong.com","taisachonthi.com","mifirm.net","web1s.com","anonyviet.com","4g.tintuc247.top","web1s.asia","vanhoatamlinh.com","kiemtien247.net","khotailieuonthi247.com","ipacrack.com","duan24h.net","www.iosviet.com","hoctoan123.com","yhocdata.com","ycongnghe.com","imail.edu.vn","thitotnghiepthpt.vn","mod.lnpchannel.com","handydecor.com.vn","apkmoddone.phongroblox.com","chuyenreview.net"],"resourceTypes":["script","image","xmlhttprequest"]},"priority":100170},{"id":71546,"action":{"type":"allow"},"condition":{"urlFilter":"||player.sohatv.vn/resource/","initiatorDomains":["cafef.vn","gamek.vn","genk.vn","kenh14.vn","thanhnien.vn"],"resourceTypes":["script"]},"priority":100221},{"id":71662,"action":{"type":"allow"},"condition":{"urlFilter":"||securepubads.g.doubleclick.net/tag/js/gpt.js","initiatorDomains":["handydecor.com.vn"],"resourceTypes":["script"]},"priority":100301},{"id":71765,"action":{"type":"allow"},"condition":{"urlFilter":"||services.vlitag.com^","initiatorDomains":["game24h.vn"],"resourceTypes":["script","xmlhttprequest"]},"priority":100276},{"id":71846,"action":{"type":"allow"},"condition":{"urlFilter":"||static.ads-twitter.com/uwt.js","initiatorDomains":["linkneverdie.net","linkneverdie.top","linkneverdie2.com"],"resourceTypes":["script"]},"priority":100235},{"id":71968,"action":{"type":"allow"},"condition":{"urlFilter":"||static.amcdn.vn/tka/cdn.js","initiatorDomains":["genk.vn"],"resourceTypes":["script"]},"priority":100301},{"id":72043,"action":{"type":"allow"},"condition":{"urlFilter":"||static.doubleclick.net/instream/ad_status.js","initiatorDomains":["handydecor.com.vn"],"resourceTypes":["xmlhttprequest"]},"priority":100301},{"id":72146,"action":{"type":"allow"},"condition":{"urlFilter":"||tpc.googlesyndication.com/sodar/sodar2.js","initiatorDomains":["cungthi.online"]},"priority":100201},{"id":72234,"action":{"type":"allow"},"condition":{"urlFilter":"||vlitag.com/vli-assets/prebid/","initiatorDomains":["game24h.vn"],"resourceTypes":["script"]},"priority":100301},{"id":72315,"action":{"type":"allow"},"condition":{"urlFilter":"||voz.vn/u/adx.","resourceTypes":["xmlhttprequest"]},"priority":100101},{"id":72356,"action":{"type":"allow"},"condition":{"urlFilter":"||www3.doubleclick.net^","initiatorDomains":["the.tube"],"resourceTypes":["xmlhttprequest"]},"priority":100301},{"id":72427,"action":{"type":"allow"},"condition":{"urlFilter":"||xahoingaynay.com.vn/upload/20989/20200817/Asset_2_8x_9596af5d4e.png","domainType":"firstParty"},"priority":100002},{"id":74523,"action":{"type":"block"},"condition":{"domainType":"thirdParty","initiatorDomains":["sexdiaryx.live"],"resourceTypes":["script"]},"priority":302},{"id":74728,"action":{"type":"block"},"condition":{"urlFilter":"/assets/js/vast.js","excludedInitiatorDomains":["phevkl.im","viet69.ph"],"resourceTypes":["script"]},"priority":102},{"id":74807,"action":{"type":"block"},"condition":{"urlFilter":"/player/vast.js","resourceTypes":["script"]},"priority":101},{"id":74848,"action":{"type":"block"},"condition":{"urlFilter":"/theme/custom.int.js","initiatorDomains":["top1sex.me","sex.tuoi69.store","hd.javhay.site","coiphimsex.net","phimsexviet.io","phimsexvietnam.app","gm.phimsexnhanh.tv","clipsex.cam","ww1.ditnhau.cc"],"resourceTypes":["script"]},"priority":213},{"id":75046,"action":{"type":"block"},"condition":{"urlFilter":"/wp-content/uploads/*.gif","initiatorDomains":["tuoi69.army","tuoinungvn.org","teletiengviet.com","phevkl.im","viet69.ph"],"resourceTypes":["image"]},"priority":221},{"id":75175,"action":{"type":"allow"},"condition":{"urlFilter":"||pagead2.googlesyndication.com^","initiatorDomains":["www.gaingon18.me"]},"priority":100201},{"id":75254,"action":{"type":"block"},"condition":{"urlFilter":"||ads.6789live.com^"},"priority":1},{"id":75284,"action":{"type":"block"},"condition":{"urlFilter":"||anhgaixinh.online^*.webp","resourceTypes":["image"]},"priority":101},{"id":75336,"action":{"type":"block"},"condition":{"urlFilter":"||blogger.googleusercontent.com^*.gif","initiatorDomains":["www.gvnvh.net"],"resourceTypes":["image"]},"priority":301},{"id":75426,"action":{"type":"block"},"condition":{"urlFilter":"||cdn-01.w3img.com^*.gif","initiatorDomains":["phimsexvl69.net","khosex.blog","vlxxai.net","javhd.social","sexsoc.info"],"resourceTypes":["image"]},"priority":221},{"id":75553,"action":{"type":"block"},"condition":{"urlFilter":"||cdn.adxcontent.com^"},"priority":1},{"id":75585,"action":{"type":"block"},"condition":{"urlFilter":"||cdn.javbabe.net^","resourceTypes":["sub_frame"]},"priority":101},{"id":75708,"action":{"type":"block"},"condition":{"urlFilter":"||cliphot69.bar^*.gif","resourceTypes":["image"]},"priority":101},{"id":75755,"action":{"type":"block"},"condition":{"urlFilter":"||cliphotvn69.com^*.gif","resourceTypes":["image"]},"priority":101},{"id":75804,"action":{"type":"block"},"condition":{"urlFilter":"||clipsexquaylen3s.net^*.gif","resourceTypes":["image"]},"priority":101},{"id":75858,"action":{"type":"block"},"condition":{"urlFilter":"||cloufdlare.com/ads/vn1.html","initiatorDomains":["vl.phe.to"],"resourceTypes":["sub_frame"]},"priority":301},{"id":75936,"action":{"type":"block"},"condition":{"urlFilter":"||demo123.info/*ads/","initiatorDomains":["phim.sexxsub.pro"],"resourceTypes":["image"]},"priority":301},{"id":76012,"action":{"type":"block"},"condition":{"urlFilter":"||discordapp.","initiatorDomains":["phym18.lol","phim18vip.vip","thefaplive.com","phimsexsub.bar"],"resourceTypes":["image"]},"priority":226},{"id":76119,"action":{"type":"block"},"condition":{"urlFilter":"||i.ibb.co^*.gif","initiatorDomains":["javnong.cc"],"resourceTypes":["image"]},"priority":301},{"id":76185,"action":{"type":"block"},"condition":{"urlFilter":"||i.imgur.com^","initiatorDomains":["phym18.lol","phim18hd.cam","fullcliphot.com","bimmup.tv","xamvn.uno"],"resourceTypes":["image"]},"priority":221},{"id":76298,"action":{"type":"redirect","redirect":{"extensionPath":"/web-accessible-resources/redirects/noopmp3.mp3"}},"condition":{"urlFilter":"||i2.vlstorage.com/da88_1080p.mp4","initiatorDomains":["phevkl.im","viet69.ph"]},"priority":1151},{"id":76395,"action":{"type":"block"},"condition":{"urlFilter":"||i9zk5f8szj4x8saj5wcks8acja5sk1dz8stjs2g8isdcn6ejxn8zsr5xjs5h.com^"},"priority":1},{"id":76473,"action":{"type":"block"},"condition":{"urlFilter":"||img.av3x.net/upload/av3x.net/banners/","initiatorDomains":["phimsexhay669.pro"]},"priority":201},{"id":76560,"action":{"type":"block"},"condition":{"urlFilter":"||img.buomtv.vip/palivn/ad/","initiatorDomains":["www.buomtv.io"],"resourceTypes":["image"]},"priority":301},{"id":76640,"action":{"type":"block"},"condition":{"urlFilter":"||img.congdongmassage.com/banner/","initiatorDomains":["congdongmassage.com"],"resourceTypes":["image"]},"priority":301},{"id":76732,"action":{"type":"block"},"condition":{"urlFilter":"||jav.sexsub.icu^*.gif","initiatorDomains":["sex.tuoi69.store","hd.javhay.site","jav.sexsub.icu","vietxxx.xyz"],"resourceTypes":["image"]},"priority":226},{"id":76852,"action":{"type":"block"},"condition":{"urlFilter":"||javtopxx.com/public/images/banner/","resourceTypes":["image"]},"priority":101},{"id":76914,"action":{"type":"block"},"condition":{"urlFilter":"||lxmanga.cloud/storage/images/banners"},"priority":1},{"id":77044,"action":{"type":"block"},"condition":{"urlFilter":"||mneydirec.com^"},"priority":1},{"id":77071,"action":{"type":"block"},"condition":{"urlFilter":"||mupnungvl.pro^*.gif","initiatorDomains":["mupnungvl.pro"],"resourceTypes":["image"]},"priority":301},{"id":77145,"action":{"type":"block"},"condition":{"urlFilter":"||mwejhobumo.com^"},"priority":1},{"id":77173,"action":{"type":"block"},"condition":{"urlFilter":"||ngaytho.me^*.gif"},"priority":1},{"id":77202,"action":{"type":"block"},"condition":{"urlFilter":"||phimsexsub.ch/wp-admin/admin-ajax.php?action=htmlcountry_get_data"},"priority":1},{"id":77280,"action":{"type":"block"},"condition":{"urlFilter":"||phimsexsub.ch^*.gif","resourceTypes":["image"]},"priority":101},{"id":77327,"action":{"type":"block"},"condition":{"urlFilter":"||phym18.lol/static/js/adlia.js"},"priority":1},{"id":77369,"action":{"type":"block"},"condition":{"urlFilter":"||play.stream4.me/jwplayer/vast.js","initiatorDomains":["play.stream4.me"],"resourceTypes":["script"]},"priority":301},{"id":77458,"action":{"type":"block"},"condition":{"urlFilter":"||qcvip.xyz^","initiatorDomains":["phevkl.im","viet69.ph"],"resourceTypes":["script"]},"priority":251},{"id":77529,"action":{"type":"block"},"condition":{"urlFilter":"||quatvn.skin/ads.js","resourceTypes":["script"]},"priority":101},{"id":77575,"action":{"type":"block"},"condition":{"urlFilter":"||quoracdn.net^","initiatorDomains":["vlxx.gg","heoxinh.net","phevkl.im","viet69.ph","phim18vip.vip","chichnhausex.net","pheclip.mobi","mupnungvl.pro","sexhihiz.vc"],"resourceTypes":["image"]},"priority":213},{"id":77739,"action":{"type":"block"},"condition":{"urlFilter":"||rphang.online^*.gif"},"priority":1},{"id":77771,"action":{"type":"block"},"condition":{"urlFilter":"||sayhentai.art/assets/js/ads.js"},"priority":1},{"id":77814,"action":{"type":"block"},"condition":{"urlFilter":"||sayhentai.art/storage/images/banner/","resourceTypes":["image"]},"priority":101},{"id":77956,"action":{"type":"block"},"condition":{"urlFilter":"||sexhd88.club/wp-content/themes/vidorev/img/jun881.png","resourceTypes":["image"]},"priority":101},{"id":78037,"action":{"type":"block"},"condition":{"urlFilter":"||sexhd88.club^*.gif","resourceTypes":["image"]},"priority":101},{"id":78083,"action":{"type":"block"},"condition":{"urlFilter":"||sieukhung.meme^*.gif","resourceTypes":["image"]},"priority":101},{"id":78131,"action":{"type":"block"},"condition":{"urlFilter":"||telegra.ph/file/","initiatorDomains":["cliphot69.pics"],"resourceTypes":["image"]},"priority":301},{"id":78203,"action":{"type":"block"},"condition":{"urlFilter":"||telegra.ph^","initiatorDomains":["fulllivehot.live"],"resourceTypes":["image"]},"priority":301},{"id":78272,"action":{"type":"block"},"condition":{"urlFilter":"||top1phimsex.com^*.gif","resourceTypes":["image"]},"priority":101},{"id":78321,"action":{"type":"block"},"condition":{"urlFilter":"||truyen18.fun/media/abc/","resourceTypes":["image"]},"priority":101},{"id":78372,"action":{"type":"block"},"condition":{"urlFilter":"||truyen18.fun/media/banner/","resourceTypes":["image"]},"priority":101},{"id":78426,"action":{"type":"block"},"condition":{"urlFilter":"||truyensextv.com/anh/","resourceTypes":["image"]},"priority":101},{"id":78474,"action":{"type":"block"},"condition":{"urlFilter":"||truyensextv.com^*.gif"},"priority":1},{"id":78508,"action":{"type":"block"},"condition":{"urlFilter":"||truyenvn.tech^*banner","resourceTypes":["image"]},"priority":101},{"id":78557,"action":{"type":"block"},"condition":{"urlFilter":"||www.buomtv.io/palivn/ad/","resourceTypes":["image"]},"priority":101},{"id":78609,"action":{"type":"block"},"condition":{"urlFilter":"||xnhau.blog^","initiatorDomains":["xnhau.top","xnhau.xyz"],"resourceTypes":["media"]},"priority":251},{"id":78681,"action":{"type":"block"},"condition":{"urlFilter":"||yr.fopbandido.com^"},"priority":1},{"id":330,"action":{"type":"block"},"condition":{"regexFilter":"^https:\\/\\/[a-z]{3,}\\.com\\/$","domainType":"thirdParty","resourceTypes":["xmlhttprequest"]},"priority":102},{"id":74586,"action":{"type":"block"},"condition":{"regexFilter":"^https:\\/\\/[a-z]{8,12}\\.com\\/en\\/(?:[a-z]{2,5}\\/){0,2}[a-z]{2,}\\?(?:[a-z]+=(?:\\d+|[a-z]+)&)*?id=[12]\\d{6}","domainType":"thirdParty","resourceTypes":["script"]},"priority":102}]