[{"id":60486,"action":{"type":"redirect","redirect":{"transform":{"queryTransform":{"removeParams":["autoplay"]}}}},"condition":{"urlFilter":"||player.octivid.com/*/video?*&autoplay=","initiatorDomains":["kooora.com"],"resourceTypes":["main_frame","sub_frame"]},"priority":201},{"id":165090,"action":{"type":"redirect","redirect":{"transform":{"queryTransform":{"removeParams":["autoplay"]}}}},"condition":{"urlFilter":"||player.cnevids.com/*/video","initiatorDomains":["vanityfair.com"],"resourceTypes":["main_frame","sub_frame"]},"priority":201},{"id":372638,"action":{"type":"redirect","redirect":{"transform":{"queryTransform":{"removeParams":["aff-view"]}}}},"condition":{"urlFilter":"||boncharge.com^","resourceTypes":["main_frame","sub_frame"]},"priority":1},{"id":728194,"action":{"type":"modifyHeaders","requestHeaders":[{"header":"user-agent","operation":"remove"}]},"condition":{"urlFilter":"||destyy.com^","resourceTypes":["main_frame","sub_frame","stylesheet","script","image","font","object","xmlhttprequest","ping","media","websocket","other"]},"priority":1},{"id":728256,"action":{"type":"modifyHeaders","requestHeaders":[{"header":"user-agent","operation":"remove"}]},"condition":{"urlFilter":"||gestyy.com^","resourceTypes":["main_frame","sub_frame","stylesheet","script","image","font","object","xmlhttprequest","ping","media","websocket","other"]},"priority":1},{"id":488,"action":{"type":"block"},"condition":{"urlFilter":"://www.google.*/async/folsrch?*&async=_basejs:*,_basecomb:*&q=","resourceTypes":["xmlhttprequest"]},"priority":101},{"id":3166,"action":{"type":"block"},"condition":{"urlFilter":"||20.detik.com/embed/","domainType":"firstParty","resourceTypes":["sub_frame"]},"priority":102},{"id":5032,"action":{"type":"block"},"condition":{"urlFilter":"||image-cdn.flowgpt.com/marketing/"},"priority":1},{"id":12264,"action":{"type":"block"},"condition":{"urlFilter":"||cdn.jsdelivr.net/npm/disable-devtool^"},"priority":1},{"id":14383,"action":{"type":"block"},"condition":{"urlFilter":"||player.glomex.com^","initiatorDomains":["ga.de"]},"priority":201},{"id":15478,"action":{"type":"block"},"condition":{"urlFilter":"||geo.dailymotion.com/player/x2ww.js","initiatorDomains":["letribunaldunet.fr"]},"priority":201},{"id":16224,"action":{"type":"block"},"condition":{"urlFilter":"||geo.dailymotion.com/player/xdgu3.html","initiatorDomains":["idntimes.com"]},"priority":201},{"id":17772,"action":{"type":"block"},"condition":{"urlFilter":"||player.anyclip.com^","initiatorDomains":["dictionary.com"]},"priority":201},{"id":18580,"action":{"type":"block"},"condition":{"urlFilter":"||fastly.jsdelivr.net/npm/disable-devtool^"},"priority":1},{"id":22197,"action":{"type":"block"},"condition":{"urlFilter":"||player.cnevids.com/interlude/","initiatorDomains":["glamour.com","gqjapan.jp","wired.it","wired.com","vogue.de","gq.com","revistagq.com","gqmagazine.fr","gq-magazin.de","gqitalia.it","gqindia.com","gq.com.tw","gq.com.mx","gq-magazine.co.uk","gq.ru"]},"priority":108},{"id":22427,"action":{"type":"block"},"condition":{"urlFilter":"||player.cnevids.com/interlude/gq*&rightRail=true","initiatorDomains":["gq.com.mx"]},"priority":201},{"id":22516,"action":{"type":"block"},"condition":{"urlFilter":"||img-global.cpcdn.com/promotional_banners"},"priority":1},{"id":23175,"action":{"type":"block"},"condition":{"urlFilter":"||1prof.by/wp-content/uploads/*/igry-sng-na-banner.gif"},"priority":1},{"id":23633,"action":{"type":"block"},"condition":{"urlFilter":"||pregchan.com/randomBanner.js"},"priority":1},{"id":26517,"action":{"type":"block"},"condition":{"urlFilter":"||geo.dailymotion.com/player/x8agi.html","initiatorDomains":["cumhuriyet.com.tr"]},"priority":201},{"id":26604,"action":{"type":"block"},"condition":{"urlFilter":"||fcp.codes^","initiatorDomains":["areanapoli.it"]},"priority":201},{"id":28655,"action":{"type":"block"},"condition":{"urlFilter":"||coin-hive.com^","domainType":"thirdParty"},"priority":2},{"id":28697,"action":{"type":"block"},"condition":{"urlFilter":"||coinhive.com^","domainType":"thirdParty"},"priority":2},{"id":29730,"action":{"type":"block"},"condition":{"urlFilter":"||ppstatic.pl/assets/nsk/v*/js/compiled/atoms/article/*sticky-video*.js"},"priority":1},{"id":34683,"action":{"type":"block"},"condition":{"urlFilter":"||geo.dailymotion.com/libs/player/","initiatorDomains":["boldsky.com"]},"priority":201},{"id":44204,"action":{"type":"block"},"condition":{"urlFilter":"||gqjapan.jp/verso/static/chunk.presenter-account-bookmarks"},"priority":1},{"id":45216,"action":{"type":"block"},"condition":{"urlFilter":"||softpedia.com/zds.php"},"priority":1},{"id":46289,"action":{"type":"block"},"condition":{"urlFilter":"||pay-day.ru/wp-content/cache/min/1/js/vq_starter.js"},"priority":1},{"id":47048,"action":{"type":"block"},"condition":{"urlFilter":"||static.insurancedekho.com/pwa/js/bundle/Newsdetail."},"priority":1},{"id":50285,"action":{"type":"block"},"condition":{"urlFilter":"||widget.golfscape.com^","initiatorDomains":["sport360.com"]},"priority":201},{"id":50902,"action":{"type":"block"},"condition":{"urlFilter":"||embed.dugout.com^","domainType":"thirdParty","excludedInitiatorDomains":["sportowefakty.wp.pl","ultra-soccer.jp"],"resourceTypes":["script"]},"priority":103},{"id":51138,"action":{"type":"block"},"condition":{"urlFilter":"||ais.th/asset_index2020/js/chat_and_shop.js"},"priority":1},{"id":51724,"action":{"type":"block"},"condition":{"urlFilter":"||img.weblogssl.com/*/js/dailymotion-","initiatorDomains":["applesfera.com"]},"priority":201},{"id":53456,"action":{"type":"block"},"condition":{"urlFilter":"||player.gliacloud.com^","domainType":"thirdParty"},"priority":2},{"id":54028,"action":{"type":"block"},"condition":{"urlFilter":"||fireworkapi1.com/embed/v2/playlists/*/feeds?page_size=10"},"priority":1},{"id":54097,"action":{"type":"block"},"condition":{"urlFilter":"||fireworkapi1.com/embed/v2/channels/whats_trending"},"priority":1},{"id":54159,"action":{"type":"block"},"condition":{"urlFilter":"||fireworkapi.com/embed/v2/publisher_clients/"},"priority":1},{"id":54215,"action":{"type":"block"},"condition":{"urlFilter":"||fireworkapi1.com^","initiatorDomains":["jj-jj.net","mensnonno.jp","olive-hitomawashi.com","gizmodo.jp","final-inc.com","roomie.jp","gendai.media","as-web.jp","boldsky.com","blogto.com","getnews.jp","lp.p.pia.jp","fudge.jp","motor-fan.jp","madamefigaro.jp","forzastyle.com","maquia.hpplus.jp","web.gekisaka.jp"]},"priority":107},{"id":55735,"action":{"type":"block"},"condition":{"urlFilter":"||point.widget.rakuten.co.jp^","domainType":"thirdParty"},"priority":2},{"id":56356,"action":{"type":"block"},"condition":{"urlFilter":"||images.news18.com/static_news18/pix/ibnhome/news18/jio_saavn_"},"priority":1},{"id":58393,"action":{"type":"block"},"condition":{"urlFilter":"||meczyki.pl/js/news-widget.js","initiatorDomains":["devilpage.pl"]},"priority":201},{"id":59525,"action":{"type":"block"},"condition":{"urlFilter":"||azby.fmworld.net/usage/images/banner_enquete.jpg"},"priority":1},{"id":62066,"action":{"type":"block"},"condition":{"urlFilter":"||mwcm.nytimes.com/capi/metered_assets/?plat=*&areas=welcomeAd"},"priority":1},{"id":63985,"action":{"type":"block"},"condition":{"urlFilter":"||newzit.com/static/videoplayer/*/scripts/mol-fe-videoplayer.min.js"},"priority":1},{"id":64118,"action":{"type":"block"},"condition":{"urlFilter":"||edicloud.edipresse.pl/random/wizaz/video.js","initiatorDomains":["wizaz.pl"]},"priority":201},{"id":66704,"action":{"type":"block"},"condition":{"urlFilter":"||syouron.com/NEKO_TORA.js"},"priority":1},{"id":69404,"action":{"type":"block"},"condition":{"urlFilter":"||static3.car.ru/img/ya.gif"},"priority":1},{"id":70562,"action":{"type":"block"},"condition":{"urlFilter":"||brief.pl/wp-content/uploads/2021/06/baner-www-750x100px.png"},"priority":1},{"id":71148,"action":{"type":"block"},"condition":{"urlFilter":"||fiverr.com/embed_gigs?id","initiatorDomains":["ytplaylist-len.herokuapp.com"]},"priority":201},{"id":71567,"action":{"type":"redirect","redirect":{"extensionPath":"/web-accessible-resources/redirects/nooptext.js"}},"condition":{"urlFilter":"||hentaidude.com/wp-admin/admin-ajax.php?action=geocheck","resourceTypes":["xmlhttprequest"]},"priority":1101},{"id":72040,"action":{"type":"block"},"condition":{"urlFilter":"||nicoad.nicovideo.jp/v1/contents/video/*/pickup_supporters"},"priority":1},{"id":72110,"action":{"type":"block"},"condition":{"urlFilter":"||sputnik.by/files/tgparser/sputnik_by.html"},"priority":1},{"id":72626,"action":{"type":"block"},"condition":{"urlFilter":"||s.yimg.jp/images/auct/salespromotion/2021_2/0216_stop/376_376.png","initiatorDomains":["auctions.yahoo.co.jp"]},"priority":201},{"id":76866,"action":{"type":"block"},"condition":{"urlFilter":"||diets.ru/i/rb/start_to_lose_weight_*.jpg"},"priority":1},{"id":79023,"action":{"type":"block"},"condition":{"urlFilter":"||mir24.tv/uploaded/resources/Telegramm_1200x90.jpg"},"priority":1},{"id":79992,"action":{"type":"block"},"condition":{"urlFilter":"||api.rnet.plus^","initiatorDomains":["shakko.ru","mirovich.media","livejournal.com"]},"priority":1000135},{"id":82194,"action":{"type":"block"},"condition":{"urlFilter":"||embed.sendtonews.com^","initiatorDomains":["dailyrecordnews.com"]},"priority":201},{"id":82320,"action":{"type":"block"},"condition":{"urlFilter":"||haber7.net/sondakika/ramazan-widget"},"priority":1},{"id":82368,"action":{"type":"block"},"condition":{"urlFilter":"||turkmedya.com.tr/ramazan?","initiatorDomains":["star.com.tr","gunes.com"]},"priority":151},{"id":83684,"action":{"type":"block"},"condition":{"urlFilter":"||drozdogan.com/images/koronavirus_banner_*.gif"},"priority":1},{"id":83903,"action":{"type":"block"},"condition":{"urlFilter":"||content.jwplatform.com^","initiatorDomains":["lifewire.com","techradar.com","digitalcameraworld.com","loudersound.com","musicradar.com","gardeningetc.com","livingetc.com","tomshardware.com","www-techradar-com.cdn.ampproject.org"]},"priority":113},{"id":85488,"action":{"type":"block"},"condition":{"urlFilter":"||cdn.viqeo.tv/js/vq_starter.js","initiatorDomains":["teleprogramma.pro","coop-land.ru","om1.ru","pravda.ru"]},"priority":126},{"id":86482,"action":{"type":"block"},"condition":{"urlFilter":"||cdn.tinypass.com/api/tinypass.min.js","initiatorDomains":["seekingalpha.com"]},"priority":201},{"id":87340,"action":{"type":"block"},"condition":{"urlFilter":"||vidtech.cbsinteractive.com^","initiatorDomains":["metrolyrics.com"]},"priority":201},{"id":87894,"action":{"type":"block"},"condition":{"urlFilter":"||jiosaavn.com/embed/","initiatorDomains":["ndtv.com"]},"priority":201},{"id":88576,"action":{"type":"block"},"condition":{"urlFilter":"||psxplanet.ru/forum/clientscript/ny2021/scripts/game_v4.js"},"priority":1},{"id":88839,"action":{"type":"block"},"condition":{"urlFilter":"||silvergames.com/div/own.php?"},"priority":1},{"id":89480,"action":{"type":"block"},"condition":{"urlFilter":"||codestudyblog.com/ref/myscripts.js"},"priority":1},{"id":89987,"action":{"type":"block"},"condition":{"urlFilter":"||ilenta.com/images/banner/"},"priority":1},{"id":90925,"action":{"type":"block"},"condition":{"urlFilter":"||expclan.org/styles/banners/skupka.gif"},"priority":1},{"id":90975,"action":{"type":"block"},"condition":{"urlFilter":"||expclan.org/styles/banners/des.gif"},"priority":1},{"id":91022,"action":{"type":"block"},"condition":{"urlFilter":"||expclan.org/styles/banners/iphone.gif"},"priority":1},{"id":91784,"action":{"type":"block"},"condition":{"urlFilter":"bugsnag.com^","initiatorDomains":["adblock-tester.com"]},"priority":201},{"id":91845,"action":{"type":"block"},"condition":{"urlFilter":"/bugsnag.min.js","initiatorDomains":["adblock-tester.com"]},"priority":201},{"id":91909,"action":{"type":"block"},"condition":{"urlFilter":"||sentry-cdn.com^","initiatorDomains":["adblock-tester.com"]},"priority":201},{"id":93112,"action":{"type":"block"},"condition":{"urlFilter":"||jsrdn.com/s/cs.js","initiatorDomains":["foreignpolicy.com","muscleandfitness.com"]},"priority":151},{"id":93780,"action":{"type":"block"},"condition":{"urlFilter":"||connatix.com^","initiatorDomains":["lifehacker.com","thegatewaypundit.com","bleepingcomputer.com"]},"priority":135},{"id":94062,"action":{"type":"block"},"condition":{"urlFilter":"||business-standard.com/covid-*.php"},"priority":1},{"id":95199,"action":{"type":"block"},"condition":{"urlFilter":"||cdn.viqeo.tv/embed?playerId=","initiatorDomains":["mail.ru"]},"priority":201},{"id":95267,"action":{"type":"block"},"condition":{"urlFilter":"||viqeo.tv/js/vq_starter.js","initiatorDomains":["mail.ru"]},"priority":201},{"id":95663,"action":{"type":"block"},"condition":{"urlFilter":"||download.skype.com/share/skypebuttons/js/skypeCheck.js"},"priority":1},{"id":95964,"action":{"type":"block"},"condition":{"urlFilter":"||api.dmcdn.net^","initiatorDomains":["kompasiana.com"]},"priority":201},{"id":96407,"action":{"type":"block"},"condition":{"urlFilter":"||dostfilms.*/uploads/readmore.min.js"},"priority":1},{"id":98725,"action":{"type":"block"},"condition":{"urlFilter":"||animepertutti.org/wp-content/uploads/*/telegramjoin.jpg"},"priority":1},{"id":99390,"action":{"type":"block"},"condition":{"urlFilter":"||cdn.zmescience.com/wp-content/themes/jnews/assets/dist/image/preloader.gif"},"priority":1},{"id":99477,"action":{"type":"block"},"condition":{"urlFilter":"||adncdnend.azureedge.net^","initiatorDomains":["minecraftseedhq.com"]},"priority":201},{"id":99610,"action":{"type":"block"},"condition":{"urlFilter":"||r.dlandroid.com/wp-content/uploads/*/telegram.png"},"priority":1},{"id":100916,"action":{"type":"block"},"condition":{"urlFilter":"||player.anyclip.com^","initiatorDomains":["warcraftlogs.com"]},"priority":201},{"id":101500,"action":{"type":"block"},"condition":{"urlFilter":"||business.ru/files/widgets/VKwidget"},"priority":1},{"id":101650,"action":{"type":"block"},"condition":{"urlFilter":"||golos.ua/assets/img/telegram.gif"},"priority":1},{"id":103125,"action":{"type":"block"},"condition":{"urlFilter":"||cdnjs.cloudflare.com/ajax/libs/Snowstorm/*/snowstorm-min.js","initiatorDomains":["forum.antichat.ru"]},"priority":201},{"id":103338,"action":{"type":"block"},"condition":{"urlFilter":"||player.anyclip.com^","initiatorDomains":["thewindowsclub.com"]},"priority":201},{"id":103602,"action":{"type":"block"},"condition":{"urlFilter":"||i2.kidstaff.com.ua/info-1-5.js"},"priority":1},{"id":103717,"action":{"type":"block"},"condition":{"urlFilter":"||nu6i-bg-net.com/snow3.gif"},"priority":1},{"id":103989,"action":{"type":"block"},"condition":{"urlFilter":"||fb.ru/front/build/comments.js","initiatorDomains":["fb.ru"]},"priority":201},{"id":104672,"action":{"type":"block"},"condition":{"urlFilter":"||avjd014.com/statics/layer_mobile/layer.js"},"priority":1},{"id":108726,"action":{"type":"block"},"condition":{"urlFilter":"||m.timesofindia.com/common_cube.cms"},"priority":1000001},{"id":108923,"action":{"type":"block"},"condition":{"urlFilter":"||player.anyclip.com^","initiatorDomains":["softpedia.com"]},"priority":201},{"id":109961,"action":{"type":"block"},"condition":{"urlFilter":"||player.anyclip.com^","initiatorDomains":["mobilesyrup.com"]},"priority":201},{"id":110389,"action":{"type":"block"},"condition":{"urlFilter":"||ferra.media.eagleplatform.com^","initiatorDomains":["ferra.ru"]},"priority":201},{"id":110774,"action":{"type":"block"},"condition":{"urlFilter":"||imtranslator.net/images/donate.gif"},"priority":1},{"id":112537,"action":{"type":"block"},"condition":{"urlFilter":"||suedkurier.de/_fWS/jsoninplainout/script/shift-2017_private-mode.js"},"priority":1},{"id":112957,"action":{"type":"block"},"condition":{"urlFilter":"||news.sy/wp-content/uploads/syr.","resourceTypes":["media"]},"priority":101},{"id":113016,"action":{"type":"allow"},"condition":{"urlFilter":"||static.mailerlite.com/js/jquery.validate.min.js","initiatorDomains":["ibizaglobalradio.com"]},"priority":100201},{"id":113116,"action":{"type":"allow"},"condition":{"urlFilter":"||static.mailerlite.com/js/jquery.validate.min.js","initiatorDomains":["nanonet.pl"]},"priority":100201},{"id":115024,"action":{"type":"block"},"condition":{"urlFilter":"||cdn.britannica.com/mendel/curiosity/eb-mendel-curiosity-300x90c.png"},"priority":1},{"id":115104,"action":{"type":"block"},"condition":{"urlFilter":"/wp-content/plugins/snow-3d/*"},"priority":1},{"id":116453,"action":{"type":"block"},"condition":{"urlFilter":"||montpellierhandball.com/scripts/fancybox/minified__fancybox.js"},"priority":1},{"id":117390,"action":{"type":"block"},"condition":{"urlFilter":"||cdn.playwire.com/*/embed.js","initiatorDomains":["tasteofcinema.com","slant.co","gtplanet.net","filehippo.com"]},"priority":126},{"id":117809,"action":{"type":"block"},"condition":{"urlFilter":"||nnmstatic.win/forum/new_year/"},"priority":1},{"id":117912,"action":{"type":"block"},"condition":{"urlFilter":"||cloudfront.net/_next/chunks/eea-*.js","initiatorDomains":["healthline.com"]},"priority":201},{"id":119565,"action":{"type":"block"},"condition":{"urlFilter":"||mshop.rediff.com/trending-now/widget"},"priority":1},{"id":119614,"action":{"type":"block"},"condition":{"urlFilter":"||recoprofile.rediff.com/news_recommendation/news_template.html"},"priority":1},{"id":119688,"action":{"type":"block"},"condition":{"urlFilter":"||shopping.rediff.com/trending-now/widget"},"priority":1},{"id":121137,"action":{"type":"block"},"condition":{"urlFilter":"||wibbitz.com^","initiatorDomains":["pwinsider.com"]},"priority":201},{"id":123457,"action":{"type":"block"},"condition":{"urlFilter":"||cdn-*.playwire.com/*/embed.js","initiatorDomains":["gamezone.com"]},"priority":201},{"id":123725,"action":{"type":"block"},"condition":{"urlFilter":"||mcd-sdk.playbuzz.com/embed^","initiatorDomains":["appunwrapper.com"]},"priority":201},{"id":123965,"action":{"type":"block"},"condition":{"urlFilter":"||taraz-gov.xn--kz/wp-content/uploads/2018/07/---c7y8a5ad88eeb3irfpb8my0ad.mp4"},"priority":1},{"id":124541,"action":{"type":"block"},"condition":{"urlFilter":"||wp.com/gizchina.it/wp-content/uploads/*/banner-gizdeals.png"},"priority":1},{"id":124752,"action":{"type":"block"},"condition":{"urlFilter":"||trecetv.es/images/banners/TRECE.gif"},"priority":1},{"id":124800,"action":{"type":"block"},"condition":{"urlFilter":"||wibbitz.com^","initiatorDomains":["gamerevolution.com"]},"priority":201},{"id":145354,"action":{"type":"block"},"condition":{"urlFilter":"||javhiv.net/statics/defaultv2/js/debug1.js"},"priority":1},{"id":146217,"action":{"type":"block"},"condition":{"urlFilter":"||pdj.cc^","initiatorDomains":["promodj.com"]},"priority":201},{"id":146268,"action":{"type":"block"},"condition":{"urlFilter":"||widget.crowdynews.com^","initiatorDomains":["gmanetwork.com"]},"priority":201},{"id":147231,"action":{"type":"block"},"condition":{"urlFilter":"||d3otfkap419ijo.cloudfront.net/*/lib-components-newsletter-modal.js"},"priority":1},{"id":147382,"action":{"type":"block"},"condition":{"urlFilter":"||designmodo.com/wp-content/themes/designmodov2.1/js/banner-slides.js"},"priority":1},{"id":148397,"action":{"type":"block"},"condition":{"urlFilter":"||radioroks.ua^","initiatorDomains":["megatrack.top"]},"priority":201},{"id":149962,"action":{"type":"block"},"condition":{"urlFilter":"||srviral.com^","initiatorDomains":["alrincon.com"]},"priority":201},{"id":150429,"action":{"type":"block"},"condition":{"urlFilter":"||macerkopf.de/wp-content/plugins/dreamgrow-scroll-triggered-box/js/script.js"},"priority":1},{"id":152714,"action":{"type":"block"},"condition":{"urlFilter":"||view.vzaar.com/*/player","initiatorDomains":["filehippo.com"]},"priority":201},{"id":153305,"action":{"type":"block"},"condition":{"urlFilter":"||avinfo.co/i/chromavinfo.jpg"},"priority":1},{"id":154370,"action":{"type":"block"},"condition":{"urlFilter":"||lostfilm.info/css*/b/"},"priority":1},{"id":154459,"action":{"type":"block"},"condition":{"urlFilter":"||baibako.tv/bg/"},"priority":1},{"id":165513,"action":{"type":"block"},"condition":{"urlFilter":"||afisha.ru/dzen/yaDzen.js"},"priority":1},{"id":165619,"action":{"type":"block"},"condition":{"urlFilter":"||afisha.ru/js/banner_glitch/BannerGlitch.js"},"priority":1},{"id":165674,"action":{"type":"block"},"condition":{"urlFilter":"||afisha.ru/noindex/IsShowLive.js"},"priority":1},{"id":166503,"action":{"type":"block"},"condition":{"urlFilter":"||streamspread.com^","initiatorDomains":["systemrequirementslab.com"]},"priority":201},{"id":167608,"action":{"type":"block"},"condition":{"urlFilter":"||epochtimes.de/assets/themes/eptde16/popup/fb-like-epochtimes.de.html"},"priority":1},{"id":168804,"action":{"type":"block"},"condition":{"urlFilter":"||mts.ctc.ru/?nowrap="},"priority":1},{"id":169922,"action":{"type":"block"},"condition":{"urlFilter":"g-tv.ru/videomore_gtv.php?video_id=*&auto_play=1","initiatorDomains":["kino-dom.tv"]},"priority":201},{"id":170300,"action":{"type":"block"},"condition":{"urlFilter":"||sports.ru/censusbarca/*.js"},"priority":1},{"id":170732,"action":{"type":"block"},"condition":{"urlFilter":"||vesti.ru/4sport.html"},"priority":1},{"id":175562,"action":{"type":"block"},"condition":{"urlFilter":"||pogoda.mail.ru/*/ct-push-notifications/ct-push-notifications.xml.js"},"priority":1},{"id":176902,"action":{"type":"block"},"condition":{"urlFilter":"/wp-content/plugins/sociallocker-"},"priority":1},{"id":177175,"action":{"type":"block"},"condition":{"urlFilter":"/pandalocker.","initiatorDomains":["lanka.ru"],"resourceTypes":["script"]},"priority":301},{"id":180162,"action":{"type":"block"},"condition":{"urlFilter":"||trimay.ru/?"},"priority":1},{"id":180399,"action":{"type":"block"},"condition":{"urlFilter":"||cinemaxxl.de/js/detectIncognito.min.js"},"priority":1},{"id":180686,"action":{"type":"block"},"condition":{"urlFilter":"||informer.rs/files/img/gde-da-gledate*.png"},"priority":1},{"id":182204,"action":{"type":"block"},"condition":{"urlFilter":"||php.co.jp/image/sns_tw.jpg"},"priority":1},{"id":184710,"action":{"type":"block"},"condition":{"urlFilter":"||i.dailymail.co.uk/i/pix/2017/08/02/636x90_facebook_ad_sport.png"},"priority":1},{"id":187629,"action":{"type":"block"},"condition":{"urlFilter":"||player.gliacloud.com^","initiatorDomains":["ctinews.com","moneysave.info","apptopi.jp"]},"priority":135},{"id":189636,"action":{"type":"block"},"condition":{"urlFilter":"||yargiyayinevi.com/Data/EditorFiles/banners/eylul21/slider-alt"},"priority":1},{"id":189878,"action":{"type":"block"},"condition":{"urlFilter":"||wionews.com/live-tv/embed?autoplay=1&mute=1"},"priority":1},{"id":190480,"action":{"type":"block"},"condition":{"urlFilter":"||zeenews.india.com/live-tv/embed#mute"},"priority":1},{"id":192177,"action":{"type":"block"},"condition":{"urlFilter":"||zn.ua/user/img/special/zn-youtube.png"},"priority":1},{"id":192370,"action":{"type":"block"},"condition":{"urlFilter":"||robinlinus.github.io/share-the-love/","initiatorDomains":["robinlinus.com"]},"priority":201},{"id":193906,"action":{"type":"block"},"condition":{"urlFilter":"||nallihanhaber.com/wp-content/uploads/2020/09/nallihansondakika-min.gif"},"priority":1},{"id":202897,"action":{"type":"block"},"condition":{"urlFilter":"||faktxeber.com/images/telegram-logo.gif"},"priority":1},{"id":202948,"action":{"type":"block"},"condition":{"urlFilter":"||i.hizliresim.com/4r4kBG.gif"},"priority":1},{"id":202988,"action":{"type":"block"},"condition":{"urlFilter":"||kfund-media.com/wp-content/uploads/2018/01/580h400_banner_telegram-min.png"},"priority":1},{"id":203075,"action":{"type":"block"},"condition":{"urlFilter":"||mayu-pravo.com/share/slider/"},"priority":1},{"id":203116,"action":{"type":"block"},"condition":{"urlFilter":"||u.today/img/satoshi-twitter.png"},"priority":1},{"id":280350,"action":{"type":"block"},"condition":{"urlFilter":"||yastatic.net/s3/home/logos/doodle/mp4/tvstation_","initiatorDomains":["ya.ru"]},"priority":201},{"id":331817,"action":{"type":"block"},"condition":{"urlFilter":"||mangatilkisi.com/wp-content/uploads/2024/12/MangaTilkisi-reklamsiz-okuma.webp"},"priority":1},{"id":345635,"action":{"type":"block"},"condition":{"urlFilter":"||assets.gzt.com/gzt/wwwroot/images/gif-banner.gif"},"priority":1},{"id":349030,"action":{"type":"block"},"condition":{"urlFilter":"||jleague.jp/img/skyscraper/"},"priority":1},{"id":349534,"action":{"type":"block"},"condition":{"urlFilter":"||qgraph.io/dist/aiqua-wp.js","initiatorDomains":["cw.com.tw"]},"priority":201},{"id":349602,"action":{"type":"block"},"condition":{"urlFilter":"||optimonk.com^","initiatorDomains":["bnext.com.tw"]},"priority":201},{"id":354606,"action":{"type":"block"},"condition":{"urlFilter":"||ibarakinews.jp/attach_image/cplanbigbanner.png"},"priority":1},{"id":354665,"action":{"type":"block"},"condition":{"urlFilter":"||ibarakinews.jp/attach_image/qjiB.png"},"priority":1},{"id":355195,"action":{"type":"block"},"condition":{"urlFilter":"||hubspotusercontent-na1.net/hubfs/*/banners/tax-haven-banner-*.gif"},"priority":1},{"id":356659,"action":{"type":"block"},"condition":{"urlFilter":"||makuring.jp/wp-content/uploads/2023/09/5338.jpeg.webp"},"priority":1},{"id":359399,"action":{"type":"block"},"condition":{"urlFilter":"||images.www.kochinews.co.jp/media/freehtml/1/images/b928d825015e678fa8e7a219c41f6f35c7db139c.jpg"},"priority":1},{"id":361149,"action":{"type":"block"},"condition":{"urlFilter":"||ufret.jp/img/ads/U-FRETpremium_2312_banner.jpg"},"priority":1},{"id":364729,"action":{"type":"block"},"condition":{"urlFilter":"||common.blogimg.jp/stf/common/banner/ldshopping_001.jpg"},"priority":1},{"id":364924,"action":{"type":"block"},"condition":{"urlFilter":"||hachiraw.net/01.png"},"priority":1},{"id":364956,"action":{"type":"block"},"condition":{"urlFilter":"||ichiba.faq.rakuten.net/resource/*/RakutenMobile_Banner/"},"priority":1},{"id":367398,"action":{"type":"block"},"condition":{"urlFilter":"||site.pfm.moneyforward.com/prod/appstorage/pfm/web_banner/"},"priority":1},{"id":369209,"action":{"type":"block"},"condition":{"urlFilter":"||bce.bdstatic.com/p3m/common-service/uploads/dibu_edc2214.png"},"priority":1},{"id":369790,"action":{"type":"block"},"condition":{"urlFilter":"||fitnesslove.net/wp0901/wp-content/uploads/2023/12/kyuin"},"priority":1},{"id":370468,"action":{"type":"block"},"condition":{"urlFilter":"||camonster.io/streams/streams_live.php","initiatorDomains":["nsfwmonster.com"]},"priority":201},{"id":370553,"action":{"type":"block"},"condition":{"urlFilter":"||creative.cams.gifsauce.com/widgets/"},"priority":1},{"id":374938,"action":{"type":"block"},"condition":{"urlFilter":"||kamigame.jp/wp-content/uploads/recruit.png"},"priority":1},{"id":374993,"action":{"type":"block"},"condition":{"urlFilter":"||blogparts.bookwalker.jp^","initiatorDomains":["ddnavi.com"]},"priority":201},{"id":375337,"action":{"type":"block"},"condition":{"urlFilter":"||rule34.xxx/images/rule34_merch.jpg"},"priority":1},{"id":376499,"action":{"type":"block"},"condition":{"urlFilter":"||tabs.ultimate-guitar.com/static/public/video/fp/fp-video.noaudio."},"priority":1},{"id":377771,"action":{"type":"block"},"condition":{"urlFilter":"||wk-partners.co.jp/homepage/wp-content/themes/webkikaku/assets/images/blog-banner-ad.png"},"priority":1},{"id":377871,"action":{"type":"block"},"condition":{"urlFilter":"||best-hit.tv/random_pr.js"},"priority":1},{"id":380680,"action":{"type":"block"},"condition":{"urlFilter":"||jorudan.co.jp/com/img/bnr/w685_"},"priority":1},{"id":381610,"action":{"type":"block"},"condition":{"urlFilter":"||gamewith.jp/ad/"},"priority":1},{"id":382082,"action":{"type":"block"},"condition":{"urlFilter":"||dream.jp/entmeet/wp-content/themes/entmeet/images/banner/sidebar_bnr.png"},"priority":1},{"id":382805,"action":{"type":"block"},"condition":{"urlFilter":"||utatane-plts.com/images/banner/utatane-plts_pr_","initiatorDomains":["m-pe.tv"]},"priority":201},{"id":383943,"action":{"type":"block"},"condition":{"urlFilter":"||mygame8.jp/assets/originals/vtubers_"},"priority":1},{"id":385019,"action":{"type":"block"},"condition":{"urlFilter":"||youtube.com/embed","initiatorDomains":["bryanadams.com"]},"priority":1000201},{"id":386823,"action":{"type":"block"},"condition":{"urlFilter":"||fc2.com/video/css/u/pm/img/PC_bnr_"},"priority":1},{"id":388921,"action":{"type":"block"},"condition":{"urlFilter":"||envader.plus/_next/image?url=%2Fassets%2Fbanner%2Fbanner-2.jpg"},"priority":1},{"id":388996,"action":{"type":"block"},"condition":{"urlFilter":"||techplay.jp/tp-images/ad/"},"priority":1},{"id":390513,"action":{"type":"block"},"condition":{"urlFilter":"||rule34.xxx/images/futa.jpg"},"priority":1},{"id":394263,"action":{"type":"block"},"condition":{"urlFilter":"||young-machine.com/main/wp-content/uploads/2022/11/banner-game.png"},"priority":1},{"id":398392,"action":{"type":"block"},"condition":{"urlFilter":"||backgrounds.wetransfer.net^"},"priority":1},{"id":399600,"action":{"type":"block"},"condition":{"urlFilter":"||static.navinavi-hoken.com/*/dist/navinavi_hoken_com/images/img_line_diagnose_"},"priority":1},{"id":400716,"action":{"type":"block"},"condition":{"urlFilter":"||5ch.net/images/uplift-itest.png"},"priority":1},{"id":401599,"action":{"type":"block"},"condition":{"urlFilter":"||pornve.com/img/300x250f.gif"},"priority":1},{"id":401742,"action":{"type":"block"},"condition":{"urlFilter":"||rule34.xxx/images/shirt2.jpg"},"priority":1},{"id":401920,"action":{"type":"block"},"condition":{"urlFilter":"||bankbazaar.com/interstitials.html"},"priority":1},{"id":402685,"action":{"type":"block"},"condition":{"urlFilter":"||j-depo.com/news/tpl/images/bnner_kango_simple_300_250.jpg"},"priority":1},{"id":403702,"action":{"type":"block"},"condition":{"urlFilter":"||sejuku.net/blog/wp-content/uploads/2023/06/300_250-"},"priority":1},{"id":409263,"action":{"type":"block"},"condition":{"urlFilter":"||deviantart.com/*/?realEstateId="},"priority":1},{"id":409727,"action":{"type":"block"},"condition":{"urlFilter":"||tvbaw-na.s3.us-west-1.amazonaws.com/wallpaper/viet_live"},"priority":1},{"id":409979,"action":{"type":"block"},"condition":{"urlFilter":"||content.invisioncic.com/Mmalware/*_728x90"},"priority":1},{"id":410226,"action":{"type":"block"},"condition":{"urlFilter":"||4sysops.com/img/WindowsServer2022Bookad.html^","resourceTypes":["sub_frame"]},"priority":101},{"id":411487,"action":{"type":"block"},"condition":{"urlFilter":"||health.eonet.jp/uploads/eo2380_"},"priority":1},{"id":414060,"action":{"type":"block"},"condition":{"urlFilter":"||singtao.ca/*/singclub_feature_articles/"},"priority":1},{"id":418249,"action":{"type":"block"},"condition":{"urlFilter":"||go2senkyo.com/img/cmn/recuit_banner.jpg"},"priority":1},{"id":419142,"action":{"type":"block"},"condition":{"urlFilter":"||mornlong.com/zb_users/upload/images_ads/"},"priority":1},{"id":419441,"action":{"type":"block"},"condition":{"urlFilter":"||s.aimg.sk/aktuality_symfony/static/leaflet-slider-widget.js"},"priority":1},{"id":420156,"action":{"type":"block"},"condition":{"urlFilter":"||keisan.casio.jp/keisan/image/contents_pc.jpg"},"priority":1},{"id":420213,"action":{"type":"block"},"condition":{"urlFilter":"||keisan.casio.jp/keisan/image/classpad_"},"priority":1},{"id":422474,"action":{"type":"block"},"condition":{"urlFilter":"||crepu.net/assets/images/advertisement/"},"priority":1},{"id":426322,"action":{"type":"block"},"condition":{"urlFilter":"||frontend.vh.yandex.ru/player/","initiatorDomains":["techinsider.ru","novochag.ru"]},"priority":151},{"id":427554,"action":{"type":"block"},"condition":{"urlFilter":"||cocolog-nifty.com/updates/status/banner_ad.json"},"priority":1},{"id":427614,"action":{"type":"block"},"condition":{"urlFilter":"||gaishishukatsu.com/img/advisers/box_banner.jpg"},"priority":1},{"id":427673,"action":{"type":"block"},"condition":{"urlFilter":"||geo.dailymotion.com/player/x15mh.js","initiatorDomains":["programme-television.org"]},"priority":201},{"id":427765,"action":{"type":"block"},"condition":{"urlFilter":"||geo.dailymotion.com/player/xajs0.js","initiatorDomains":["programme-television.org"]},"priority":201},{"id":428022,"action":{"type":"block"},"condition":{"urlFilter":"||static.fc2.com/contents/images/ZQEJVWJ2Z/j4k/"},"priority":1},{"id":431056,"action":{"type":"block"},"condition":{"urlFilter":"||hojyokin-portal.jp/tbl_banner/"},"priority":1},{"id":433917,"action":{"type":"block"},"condition":{"urlFilter":"||leechpremium.link/img/banner/"},"priority":1},{"id":436211,"action":{"type":"block"},"condition":{"urlFilter":"||static.olx.com.br/nu/banner/nu_banner_seasonal.json"},"priority":1},{"id":436386,"action":{"type":"block"},"condition":{"urlFilter":"||ecbeing.net/cms/images/headline/kokuchi.jpg"},"priority":1},{"id":436442,"action":{"type":"block"},"condition":{"urlFilter":"||minnano-anime.com/p/minnanovideo_bn634.png"},"priority":1},{"id":436497,"action":{"type":"block"},"condition":{"urlFilter":"/minnanovideo_bn300.png","initiatorDomains":["minnano-anime.com","minnano-camera.com"]},"priority":151},{"id":437247,"action":{"type":"block"},"condition":{"urlFilter":"||mixhost.jp/vpn-column/wp-content/uploads/*/600x500"},"priority":1},{"id":437536,"action":{"type":"block"},"condition":{"urlFilter":"||kinokordon.love/d.kinokordonchat.gif"},"priority":1},{"id":437996,"action":{"type":"block"},"condition":{"urlFilter":"||error.fc2.com/web/image/bnr_kantan_404.png"},"priority":1},{"id":440215,"action":{"type":"block"},"condition":{"urlFilter":"||kashi-mo.com/media/wp-content/themes/kashimo/img/kashimo_wimax/220625_"},"priority":1},{"id":442182,"action":{"type":"block"},"condition":{"urlFilter":"||okbizcs.okwave.jp/img/ss/oemfile/*/right_side_banner_"},"priority":1},{"id":444982,"action":{"type":"block"},"condition":{"urlFilter":"||h1.rmr.rocks/auto/44/82/89/14.png"},"priority":1},{"id":447546,"action":{"type":"block"},"condition":{"urlFilter":"||player.ivideosmart.com^","initiatorDomains":["renote.net"]},"priority":201},{"id":447612,"action":{"type":"block"},"condition":{"urlFilter":"||cdn.dlupload.com/contents/horiads_new.png"},"priority":1},{"id":447666,"action":{"type":"block"},"condition":{"urlFilter":"||dlupload.com.np/contents/banner3_new.png"},"priority":1},{"id":449322,"action":{"type":"block"},"condition":{"urlFilter":"||gameguru.ru/static/core/img/for-lootguru/banner2.png"},"priority":1},{"id":450454,"action":{"type":"block"},"condition":{"urlFilter":"||itest.5ch.net/assets/img/ronin_premium_640x100.png"},"priority":1},{"id":452265,"action":{"type":"block"},"condition":{"urlFilter":"||jdpower.com/sites/default/files/image/*/23_Auto%20Summit%20PR%20Ad_speaker%20gif.gif"},"priority":1},{"id":456502,"action":{"type":"block"},"condition":{"urlFilter":"||images.wondershare.com/*/fotophire-article-banner.jpg"},"priority":1},{"id":457864,"action":{"type":"block"},"condition":{"urlFilter":"||ec.geo-online.co.jp/img/usr/cotegory/risumaho_"},"priority":1},{"id":457923,"action":{"type":"block"},"condition":{"urlFilter":"||smafi.info/assets/images/advertising/"},"priority":1},{"id":459555,"action":{"type":"block"},"condition":{"urlFilter":"||tenor.com/*/search-entrypoint-optimized.gif"},"priority":1},{"id":462265,"action":{"type":"block"},"condition":{"urlFilter":"||blog.esuteru.com/js/azrank/swiper.min.js"},"priority":1},{"id":462318,"action":{"type":"block"},"condition":{"urlFilter":"||linksgroup.heteml.net/js/output/hatima/amazon_ranking"},"priority":1},{"id":467159,"action":{"type":"block"},"condition":{"urlFilter":"||aurora.network/images/banners/"},"priority":1},{"id":467603,"action":{"type":"block"},"condition":{"urlFilter":"||imagel.sekainavi.com/images/banner/"},"priority":1},{"id":469771,"action":{"type":"block"},"condition":{"urlFilter":"||promo.datacamp.com/banner.js"},"priority":1},{"id":470703,"action":{"type":"block"},"condition":{"urlFilter":"||image.rakuten.co.jp/cyberbay/cabinet/"},"priority":1},{"id":471336,"action":{"type":"block"},"condition":{"urlFilter":"||znetlive.com/*/flash-banner-2.gif"},"priority":1},{"id":471382,"action":{"type":"block"},"condition":{"urlFilter":"||dailyhostnews.com/pdf/flash-banner-1.gif"},"priority":1},{"id":471658,"action":{"type":"block"},"condition":{"urlFilter":"||livenewsworld.com/wp-content/*/pum/"},"priority":1},{"id":472109,"action":{"type":"block"},"condition":{"urlFilter":"||crio.do/blog/assets/images/crio-offerings"},"priority":1},{"id":472606,"action":{"type":"block"},"condition":{"urlFilter":"||ecuabet.com/banner-"},"priority":1},{"id":474305,"action":{"type":"block"},"condition":{"urlFilter":"||brandboardapi.yemek.com/ad/getadbyslug"},"priority":1},{"id":475875,"action":{"type":"block"},"condition":{"urlFilter":"||books.rakuten.co.jp/books/img/bnr/event/campaign/pointup-program/20210401/20210401-spu-950x100.png"},"priority":1},{"id":476379,"action":{"type":"block"},"condition":{"urlFilter":"||niutrans.com/static/img/right-banner."},"priority":1},{"id":478084,"action":{"type":"block"},"condition":{"urlFilter":"||cdn.eapteka.ru/local/react/build/static/*/loyaltyProgramm."},"priority":1},{"id":478155,"action":{"type":"block"},"condition":{"urlFilter":"||asahicom.jp/shukatsunavi/assets/images/column/prebiz_banner660x100px.jpg"},"priority":1},{"id":478498,"action":{"type":"block"},"condition":{"urlFilter":"||seolaboratory.jp/banner/"},"priority":1},{"id":479653,"action":{"type":"block"},"condition":{"urlFilter":"||darkreader.org/elements/backers-graph.js"},"priority":1},{"id":480973,"action":{"type":"block"},"condition":{"urlFilter":"||appsrentables.com/images/flyer1-apps-vs.jpg"},"priority":1},{"id":481029,"action":{"type":"block"},"condition":{"urlFilter":"||appsrentables.com/images/flyer1-apps-secretos.jpg"},"priority":1},{"id":487560,"action":{"type":"block"},"condition":{"urlFilter":"||superprof.es/apuntes/wp-content/themes/sp_ressources/dist/videos/apprenez-a-la-maison-desktop.m4v"},"priority":1},{"id":487998,"action":{"type":"block"},"condition":{"urlFilter":"||visionplus.id/videocontents/vod/","initiatorDomains":["okezone.com"]},"priority":201},{"id":491302,"action":{"type":"block"},"condition":{"urlFilter":"||knowledgecity.com/blog/wp-content/uploads/*/KnowledgeCity-Banner-"},"priority":1},{"id":491380,"action":{"type":"block"},"condition":{"urlFilter":"||knowledgecity.com/blog/wp-content/uploads/*/FreeCourses-"},"priority":1},{"id":492966,"action":{"type":"block"},"condition":{"urlFilter":"||bostonreview.net/sites/default/files/Side_Column_ad"},"priority":1},{"id":493411,"action":{"type":"block"},"condition":{"urlFilter":"||edsys.in/wp-content/themes/edsys/images/blog_side_banner.png"},"priority":1},{"id":493795,"action":{"type":"block"},"condition":{"urlFilter":"||spinny.com/blog/wp-content/uploads/*/*WithCTA","resourceTypes":["image"]},"priority":101},{"id":493992,"action":{"type":"block"},"condition":{"urlFilter":"||mmocs.com/templates/game/images/join_affiliate.jpg"},"priority":1},{"id":495573,"action":{"type":"block"},"condition":{"urlFilter":"||pcdn.co/wp-content/uploads/*/Read-Our-Story"},"priority":1},{"id":495629,"action":{"type":"block"},"condition":{"urlFilter":"||digify.com/wp-content/uploads/*/Internal-Blog_Graphics_Education-"},"priority":1},{"id":496577,"action":{"type":"block"},"condition":{"urlFilter":"||fireeye.com/*/services/images/bnr-mandiant-advantage"},"priority":1},{"id":497692,"action":{"type":"block"},"condition":{"urlFilter":"||phpnet.us/images/web.png"},"priority":1},{"id":498014,"action":{"type":"block"},"condition":{"urlFilter":"||p.dmm.co.jp/p/general/ds/bnr/"},"priority":1},{"id":501067,"action":{"type":"block"},"condition":{"urlFilter":"||blockadblock.com/adblocking/wp-content/uploads/*/internalvert_300x200.png"},"priority":1},{"id":501219,"action":{"type":"block"},"condition":{"urlFilter":"||static.foxnews.com/static/orion/styles/img/fox-news/nation-promo/"},"priority":1},{"id":501818,"action":{"type":"block"},"condition":{"urlFilter":"||hub.packtpub.com/wp-content/uploads/2019/07/Generic.png"},"priority":1},{"id":504205,"action":{"type":"block"},"condition":{"urlFilter":"||torguard.net/blog/wp-content/uploads/2018/09/torguard-090418-300x250.gif"},"priority":1},{"id":504290,"action":{"type":"block"},"condition":{"urlFilter":"||mifirm.net/assets/img/micloud.gif"},"priority":1},{"id":504394,"action":{"type":"block"},"condition":{"urlFilter":"||harness.io/wp-content/uploads/*/PipelinePatterns.png"},"priority":1},{"id":510157,"action":{"type":"block"},"condition":{"urlFilter":"||cmtscience.ru/photos/shares/banners/5eba53abef3e6.gif"},"priority":1},{"id":510305,"action":{"type":"block"},"condition":{"urlFilter":"||mirsmart.com.ua/image/catalog/bg/bg-sh-xiaomi-vivo.jpg"},"priority":1},{"id":511525,"action":{"type":"block"},"condition":{"urlFilter":"||img.news.goo.ne.jp/image_proxy/resize/*/topics/*/s_banner/"},"priority":1},{"id":511596,"action":{"type":"block"},"condition":{"urlFilter":"||image.infoseek.rakuten.co.jp/content/MNO_banner/MNO_PC_300x125_","initiatorDomains":["news.infoseek.co.jp"]},"priority":201},{"id":511711,"action":{"type":"block"},"condition":{"urlFilter":"||script.softcube.com^","initiatorDomains":["foxtrot.com.ua"]},"priority":201},{"id":512044,"action":{"type":"block"},"condition":{"urlFilter":"||cdn.myanimelist.net/images/event/support_mal/banner-ani-*.gif"},"priority":1},{"id":512501,"action":{"type":"block"},"condition":{"urlFilter":"||betonsuccess.ru/cache/user_beton_banners/banner_*.gif"},"priority":1},{"id":512804,"action":{"type":"block"},"condition":{"urlFilter":"||usefomo.com^","domainType":"thirdParty"},"priority":2},{"id":514319,"action":{"type":"block"},"condition":{"urlFilter":"||androidheadlines.com/wp-content/uploads/2019/07/AH-TechDeals-300x150.jpg"},"priority":1},{"id":514404,"action":{"type":"block"},"condition":{"urlFilter":"||androidheadlines.com/wp-content/uploads/2020/04/AH-Latest-Tech-Deals-Wide.jpg"},"priority":1},{"id":514904,"action":{"type":"block"},"condition":{"urlFilter":"||img1.infobank.by/images/imagesindb/banner-perevody-150419-3.png.aspx"},"priority":1},{"id":515049,"action":{"type":"block"},"condition":{"urlFilter":"||zviazda.by/banners/padpiska202025.jpg"},"priority":1},{"id":515607,"action":{"type":"block"},"condition":{"urlFilter":"||letu.ru/common/img/background/doma_*.jpg"},"priority":1},{"id":518005,"action":{"type":"block"},"condition":{"urlFilter":"||pcsecrets.ru/wp-content/uploads/*/word_book*.png"},"priority":1},{"id":519103,"action":{"type":"block"},"condition":{"urlFilter":"||blackhole.beeline.ru/i/banners/"},"priority":1},{"id":521638,"action":{"type":"block"},"condition":{"urlFilter":"||i.bcrncdn.com/promotions/devaluation/182x600/"},"priority":1},{"id":522236,"action":{"type":"block"},"condition":{"urlFilter":"||doeda.com/wp-content/*/porno.gif"},"priority":1},{"id":523026,"action":{"type":"block"},"condition":{"urlFilter":"||abeagle-public.buzzfeed.com/public/v2/experiment_variants?"},"priority":1},{"id":523549,"action":{"type":"block"},"condition":{"urlFilter":"||fmovies.cab/addons/img/merry_christmas"},"priority":1},{"id":525106,"action":{"type":"block"},"condition":{"urlFilter":"||mytoysgroup.scene7.com/is/image/myToysGroup/*-nnk_plakativ"},"priority":1},{"id":525177,"action":{"type":"block"},"condition":{"urlFilter":"||redecanais.com/imgs-videos/bannervip.jpg"},"priority":1},{"id":525634,"action":{"type":"block"},"condition":{"urlFilter":"||shop.kicker.de^"},"priority":1},{"id":528377,"action":{"type":"block"},"condition":{"urlFilter":"||1pornoxxx.com/templates/1pornoxxx/images/rkl300.png"},"priority":1},{"id":528727,"action":{"type":"block"},"condition":{"urlFilter":"||uploadgig.com/static/vid1.mp4"},"priority":1},{"id":529798,"action":{"type":"block"},"condition":{"urlFilter":"||journalistenwatch.com/wp-content/uploads/2017/08/Boxerin-03.gif"},"priority":1},{"id":529874,"action":{"type":"block"},"condition":{"urlFilter":"||vkstorm.ru/banners/","domainType":"thirdParty"},"priority":2},{"id":529921,"action":{"type":"block"},"condition":{"urlFilter":"||files.webmoney.ru/files/vHbEEBYW/inline"},"priority":1},{"id":530171,"action":{"type":"block"},"condition":{"urlFilter":"||banner.consultant.ru^"},"priority":1},{"id":530978,"action":{"type":"block"},"condition":{"urlFilter":"||news.atv.az/images/top-banner.png"},"priority":1},{"id":531024,"action":{"type":"block"},"condition":{"urlFilter":"||softbesplatno.net/templates/FreeSoft/images/banner*.png"},"priority":1},{"id":533635,"action":{"type":"block"},"condition":{"urlFilter":"||illicium.wmtransfer.com^"},"priority":1},{"id":533672,"action":{"type":"block"},"condition":{"urlFilter":"||illicium.web.money^"},"priority":1},{"id":533704,"action":{"type":"block"},"condition":{"urlFilter":"||archdaily.com/auth/js/kenneth.js^"},"priority":1},{"id":533750,"action":{"type":"block"},"condition":{"urlFilter":"||c-s.net.ua/images/200x200-empty.gif"},"priority":1},{"id":533798,"action":{"type":"block"},"condition":{"urlFilter":"||mpgh.net/images/mini_offur.png"},"priority":1},{"id":533841,"action":{"type":"block"},"condition":{"urlFilter":"||new-line.net.ua/templates/CounterStrike/images/8831.png"},"priority":1},{"id":538991,"action":{"type":"block"},"condition":{"urlFilter":"||news.google.com/swg","initiatorDomains":["premierguitar.com"]},"priority":201},{"id":539193,"action":{"type":"block"},"condition":{"urlFilter":"||s3.amazonaws.com/knowt.com/images/radb","initiatorDomains":["knowt.com"],"resourceTypes":["image"]},"priority":301},{"id":541411,"action":{"type":"block"},"condition":{"urlFilter":"||dlupload.com/contents/horiads","resourceTypes":["image"]},"priority":101},{"id":544829,"action":{"type":"block"},"condition":{"urlFilter":"||eow.alc.co.jp/content/js/popup_control.js"},"priority":1},{"id":549620,"action":{"type":"block"},"condition":{"urlFilter":"||online-stopwatch.com/images/wantmore/www.online-stopwatch.com.jpg"},"priority":1},{"id":552142,"action":{"type":"block"},"condition":{"urlFilter":"||static.wattpad.com/image/*_House-Ad_Premium_"},"priority":1},{"id":554975,"action":{"type":"block"},"condition":{"urlFilter":"||appewa.com/assets/promo-","resourceTypes":["image"]},"priority":101},{"id":555520,"action":{"type":"block"},"condition":{"urlFilter":"||media.geeksforgeeks.org/wp-content/post-ads-banner/"},"priority":1},{"id":556506,"action":{"type":"block"},"condition":{"urlFilter":"||img5.lalafo.com/i/banners"},"priority":1},{"id":557247,"action":{"type":"block"},"condition":{"urlFilter":"||cdn.tinypass.com/api/tinypass.min.js","initiatorDomains":["digiday.com"]},"priority":201},{"id":557637,"action":{"type":"block"},"condition":{"urlFilter":"||special.pikabu.ru/*/embed/"},"priority":1},{"id":558381,"action":{"type":"block"},"condition":{"urlFilter":"||image.mediapen.com/popup/"},"priority":1},{"id":558419,"action":{"type":"block"},"condition":{"urlFilter":"||image.mediapen.com/*/series_"},"priority":1},{"id":562737,"action":{"type":"block"},"condition":{"urlFilter":"||daidata.goraggio.com/ad_image"},"priority":1},{"id":563314,"action":{"type":"block"},"condition":{"urlFilter":"||cuonet.com/data/file/plan/thumb-"},"priority":1},{"id":563359,"action":{"type":"block"},"condition":{"urlFilter":"||sports.smt.docomo.ne.jp/img/bnr/bnr_dgame.jpg"},"priority":1},{"id":563513,"action":{"type":"block"},"condition":{"urlFilter":"||rakuten.co.jp/com/advance/ichiba/rc-gp-sp_banner_scv/sp/condition.js"},"priority":1},{"id":563901,"action":{"type":"block"},"condition":{"urlFilter":"||hbzb111.com/api/advert/"},"priority":1},{"id":564179,"action":{"type":"block"},"condition":{"urlFilter":"||newsstat.dallasnews.com^"},"priority":1},{"id":564797,"action":{"type":"block"},"condition":{"urlFilter":"||yimg.jp/images/realestate/special/*compTopImpact_","initiatorDomains":["realestate.yahoo.co.jp"],"resourceTypes":["image"]},"priority":301},{"id":565224,"action":{"type":"block"},"condition":{"urlFilter":"||mj-king.net/img/BannerAdvertisement/"},"priority":1},{"id":565273,"action":{"type":"block"},"condition":{"urlFilter":"||mj-king.net/img/bnr/bnr_*_300x200.gif"},"priority":1},{"id":565323,"action":{"type":"block"},"condition":{"urlFilter":"||mjk-r.net/common/sample/full01/img/bnr_"},"priority":1},{"id":565375,"action":{"type":"block"},"condition":{"urlFilter":"||mjk-r.net/common/sample/full01/img/bg_special_"},"priority":1},{"id":565434,"action":{"type":"block"},"condition":{"urlFilter":"||mjk-r.net/common/sample/smart01/img/bnr_"},"priority":1},{"id":565782,"action":{"type":"block"},"condition":{"urlFilter":"||japan-indepth.jp/wp-content/uploads/2019/02/jid_member.png"},"priority":1},{"id":565966,"action":{"type":"block"},"condition":{"urlFilter":"||gamewith.jp/ad/"},"priority":1},{"id":567084,"action":{"type":"block"},"condition":{"urlFilter":"||r.mradx.net^*.html?data=","initiatorDomains":["cloud.mail.ru"],"resourceTypes":["sub_frame"]},"priority":301},{"id":567783,"action":{"type":"block"},"condition":{"urlFilter":"||yanmaga.jp/api/customers/viewer_banners/"},"priority":1},{"id":571693,"action":{"type":"block"},"condition":{"urlFilter":"||news-postseven.com/uploads/*/banner_300x300.png"},"priority":1},{"id":572164,"action":{"type":"block"},"condition":{"urlFilter":"||oricon.co.jp/sp/img/_parts/manual/yomurun/"},"priority":1},{"id":572685,"action":{"type":"block"},"condition":{"urlFilter":"||insurance.rakuten.co.jp/car/img/banner/mno_"},"priority":1},{"id":572741,"action":{"type":"block"},"condition":{"urlFilter":"||lolipop.jp/img/bnr/bnr_lolipop_ad_"},"priority":1},{"id":573137,"action":{"type":"block"},"condition":{"urlFilter":"||nijiyome.jp/css/contents_pc/topjack.css"},"priority":1},{"id":573189,"action":{"type":"block"},"condition":{"urlFilter":"||nijiyome.com/nijiyome-img/img/banners/*/topjack_","initiatorDomains":["nijiyome.jp"],"resourceTypes":["image"]},"priority":301},{"id":577422,"action":{"type":"block"},"condition":{"urlFilter":"||kidona.rakuten.co.jp/imgt/brand/banner/*_mno_"},"priority":1},{"id":577480,"action":{"type":"block"},"condition":{"urlFilter":"||takarakuji.rakuten.co.jp/image/banner/other/external/r_mobile_"},"priority":1},{"id":577555,"action":{"type":"block"},"condition":{"urlFilter":"||takarakuji.rakuten.co.jp/pc/champ/loto/img/external/r_mobile_"},"priority":1},{"id":577690,"action":{"type":"block"},"condition":{"urlFilter":"||rakuten-sonpo.co.jp/Portals/0/images/common/group/bnr_pr_life_partner_"},"priority":1},{"id":578448,"action":{"type":"block"},"condition":{"urlFilter":"||yimg.jp/images/yjtop-common/extension/promo/*/new/banner/weather_banner.png","initiatorDomains":["weather.yahoo.co.jp"]},"priority":201},{"id":578575,"action":{"type":"block"},"condition":{"urlFilter":"||pharma.mynavi.jp/img/areabnr/bnr_top_"},"priority":1},{"id":578625,"action":{"type":"block"},"condition":{"urlFilter":"||pharma.mynavi.jp/sp/img/bg_pr.gif"},"priority":1},{"id":579674,"action":{"type":"block"},"condition":{"urlFilter":"||fc2.com/video/img/banner/"},"priority":1},{"id":579771,"action":{"type":"block"},"condition":{"urlFilter":"||sponichi.co.jp/gamble/auto/images/charilotobanner005_"},"priority":1},{"id":580204,"action":{"type":"block"},"condition":{"urlFilter":"||xgoo.jp/top2018/conductor_banner"},"priority":1},{"id":581657,"action":{"type":"block"},"condition":{"urlFilter":"||sourcenext.com/~/media/Images/pr_sc/"},"priority":1},{"id":582130,"action":{"type":"block"},"condition":{"urlFilter":"||rakuten-bank.co.jp/shared/images/top/pr/"},"priority":1},{"id":584759,"action":{"type":"block"},"condition":{"urlFilter":"||octoparse.com/media/*/web-banner-1.jpeg"},"priority":1},{"id":584915,"action":{"type":"block"},"condition":{"urlFilter":"||p.dmm.co.jp/p/bnr/dc/topics/large/book_"},"priority":1},{"id":585366,"action":{"type":"block"},"condition":{"urlFilter":"||xgoo.jp/images/common/banner_*_320_150","initiatorDomains":["oshiete.goo.ne.jp"]},"priority":201},{"id":585454,"action":{"type":"block"},"condition":{"urlFilter":"||xgoo.jp/images/common/banner_*_630_110","initiatorDomains":["oshiete.goo.ne.jp"]},"priority":201},{"id":586363,"action":{"type":"block"},"condition":{"urlFilter":"||myjcom.jp/special/common/tvguide/banner/"},"priority":1},{"id":589618,"action":{"type":"block"},"condition":{"urlFilter":"||weraveyou.com/wp-content/uploads/*/*/sample-pack-ad.jpg"},"priority":1},{"id":589838,"action":{"type":"block"},"condition":{"urlFilter":"||gomovies-online.cam/addons/*.gif"},"priority":1},{"id":593241,"action":{"type":"block"},"condition":{"urlFilter":"||taboola.com^","initiatorDomains":["sankei.com"]},"priority":201},{"id":593605,"action":{"type":"block"},"condition":{"urlFilter":"/stock_bnr_300-","initiatorDomains":["food-foto.jp","model-foto.jp","pro-foto.jp"]},"priority":135},{"id":594051,"action":{"type":"block"},"condition":{"urlFilter":"||radiko.jp/static/image/half_banner.gif"},"priority":1},{"id":594307,"action":{"type":"block"},"condition":{"urlFilter":"||news.sod.co.jp/wp-content/uploads/*/prime_cp_","domainType":"firstParty","resourceTypes":["image"]},"priority":102},{"id":594522,"action":{"type":"block"},"condition":{"urlFilter":"||bizocean.jp/column/wp-content/uploads/2017/11/temply_banner"},"priority":1},{"id":594594,"action":{"type":"block"},"condition":{"urlFilter":"||goobike.com/img/","initiatorDomains":["bikebros.co.jp"]},"priority":201},{"id":594824,"action":{"type":"block"},"condition":{"urlFilter":"/random_affiliate.js","initiatorDomains":["elog.tokyo","freegame-mugen.jp"]},"priority":151},{"id":595379,"action":{"type":"block"},"condition":{"urlFilter":"||cloudfront.net/column/*/eikaiwa_ad_bannar_","initiatorDomains":["weblio.jp"]},"priority":201},{"id":595975,"action":{"type":"block"},"condition":{"urlFilter":"||rakuten-static.com/1/grp/banner/js/create.js"},"priority":1},{"id":596512,"action":{"type":"block"},"condition":{"urlFilter":"||brocardi.it/frontend/images/banner-quesito-libero-pensoso.gif"},"priority":1},{"id":597013,"action":{"type":"block"},"condition":{"urlFilter":"||mora.jp/pc/img/jack/"},"priority":1},{"id":597046,"action":{"type":"block"},"condition":{"urlFilter":"||rakuten.co.jp/sitemap/img/banner/"},"priority":1},{"id":597615,"action":{"type":"block"},"condition":{"urlFilter":"||jugem.jp/user_blog/ad/"},"priority":1},{"id":598253,"action":{"type":"block"},"condition":{"urlFilter":"||casting-porno-tube.com/wp-content/uploads/*/Banner1.png"},"priority":1},{"id":598321,"action":{"type":"block"},"condition":{"urlFilter":"||xtube.com/staticcdn/promotion/"},"priority":1},{"id":598713,"action":{"type":"block"},"condition":{"urlFilter":"||cloudfront.net/widgets2021/banner/index.html","initiatorDomains":["tvn24.pl"]},"priority":201},{"id":599183,"action":{"type":"block"},"condition":{"urlFilter":"||cf.quizizz.com/img/super/ads/ads_banner*.png"},"priority":1},{"id":599608,"action":{"type":"block"},"condition":{"urlFilter":"||kakaku.com/script/itemview/RdmReviewAd.js"},"priority":1},{"id":600458,"action":{"type":"block"},"condition":{"urlFilter":"||tsite.jp/resource/t-mall/hit/game_bnr_sp.jpg"},"priority":1},{"id":600757,"action":{"type":"block"},"condition":{"urlFilter":"||cdn.duden.de/public_files/*/DO_Plus-banner-boxer.mp4"},"priority":1},{"id":601033,"action":{"type":"block"},"condition":{"urlFilter":"||limg.imgsmail.ru/informers/vk-slides/"},"priority":1},{"id":602739,"action":{"type":"block"},"condition":{"urlFilter":"||yomiuri.co.jp/assets/images/footer-subscribe/"},"priority":1},{"id":606745,"action":{"type":"block"},"condition":{"urlFilter":"||elegantthemes.com/js/promo_slide_in.js"},"priority":1},{"id":608220,"action":{"type":"block"},"condition":{"urlFilter":"||widgets.hawk-assets.co.uk^","initiatorDomains":["techradar.com"]},"priority":201},{"id":608929,"action":{"type":"block"},"condition":{"urlFilter":"||shop.investors.com/images/promotional/shop/*/index.html","initiatorDomains":["investors.com"],"resourceTypes":["sub_frame"]},"priority":301},{"id":609998,"action":{"type":"block"},"condition":{"urlFilter":"||dorzeczy.pl/dorzeczy/_*/widgets/promocja-tygodnika-"},"priority":1},{"id":613011,"action":{"type":"block"},"condition":{"urlFilter":"||photobucket.com/resources/common/js/prompt.js"},"priority":1},{"id":613294,"action":{"type":"block"},"condition":{"urlFilter":"||vgc.no/vgpluss/campaigns/wp.png"},"priority":1},{"id":613428,"action":{"type":"block"},"condition":{"urlFilter":"||cdn.r10.net/r10/i/r10.gif"},"priority":1},{"id":618451,"action":{"type":"block"},"condition":{"urlFilter":"||weraveyou.com/wp-content/uploads/*/WeRaveYou_PromotionAD6.png"},"priority":1},{"id":618525,"action":{"type":"block"},"condition":{"urlFilter":"||teknoblog.com/wp-content/uploads/*/teknoblog-patreon-300-250@2x.jpg"},"priority":1},{"id":621765,"action":{"type":"block"},"condition":{"urlFilter":"/mlxhl/v2/for-page?","resourceTypes":["xmlhttprequest"]},"priority":101},{"id":628794,"action":{"type":"block"},"condition":{"urlFilter":"||img.stripst.com/*/previews","initiatorDomains":["xhamster.com"]},"priority":201},{"id":628865,"action":{"type":"block"},"condition":{"urlFilter":"||xhamsterpremium.com^","domainType":"thirdParty"},"priority":2},{"id":637068,"action":{"type":"block"},"condition":{"urlFilter":"||media.giphy.com/headers/2018-09-21-03-1537542191/FilmFestHPBannerFINAL.gif"},"priority":1},{"id":639505,"action":{"type":"block"},"condition":{"urlFilter":"||flashondemand.top-ix.org/video-omg/channels/vvvvid.mp4"},"priority":1},{"id":639572,"action":{"type":"block"},"condition":{"urlFilter":"||playwire.com^","initiatorDomains":["psprices.com"]},"priority":201},{"id":640571,"action":{"type":"block"},"condition":{"urlFilter":"||myshows.me/shared/img/fe/banners/pro-*.gif"},"priority":1},{"id":641013,"action":{"type":"block"},"condition":{"urlFilter":"||aidma.104.com.tw/js/e104aidma.php"},"priority":1},{"id":641823,"action":{"type":"block"},"condition":{"urlFilter":"||s.yimg.com/rx/up/builds/8.5.18/ifcp.html","initiatorDomains":["mail.yahoo.com"]},"priority":201},{"id":641910,"action":{"type":"block"},"condition":{"urlFilter":"||s.yimg.com/rx/builds/*/iframe-controller-page.html","initiatorDomains":["mail.yahoo.com"]},"priority":201},{"id":642415,"action":{"type":"block"},"condition":{"urlFilter":"||app.123pan.com/manager/share_background/*.png"},"priority":1},{"id":643431,"action":{"type":"block"},"condition":{"urlFilter":"||forums.comodo.com/Themes/comodov2/images/free-signup.png"},"priority":1},{"id":644092,"action":{"type":"block"},"condition":{"urlFilter":"||attservicesinc.tt.omtrdc.net/m2/attservicesinc/mbox/json?mbox="},"priority":1000001},{"id":644588,"action":{"type":"block"},"condition":{"urlFilter":"||yimg.com/*/js/generic_yset_search-min.js^"},"priority":1},{"id":645139,"action":{"type":"block"},"condition":{"urlFilter":"||filearchive.cnews.ru/*promo","initiatorDomains":["cnews.ru"],"resourceTypes":["media"]},"priority":301},{"id":645379,"action":{"type":"block"},"condition":{"urlFilter":"||nim.ru/i/1920_1101/banner/"},"priority":1},{"id":646514,"action":{"type":"block"},"condition":{"urlFilter":"||contributions.guardianapis.com^"},"priority":1},{"id":647558,"action":{"type":"block"},"condition":{"urlFilter":"||apay-up-banner.com^","domainType":"thirdParty","initiatorDomains":["book.oricon.co.jp"],"resourceTypes":["image"]},"priority":302},{"id":650283,"action":{"type":"block"},"condition":{"urlFilter":"||bb.tele2.ru/media/video/*mobile","initiatorDomains":["tele2.ru"]},"priority":201},{"id":650355,"action":{"type":"block"},"condition":{"urlFilter":"||bb.tele2.ru/media/video/*desktop","initiatorDomains":["tele2.ru"]},"priority":201},{"id":651256,"action":{"type":"block"},"condition":{"urlFilter":"||healthy-vape.shop/user_data/packages/*/img/banner/bnr_debut_gray.png"},"priority":1},{"id":652332,"action":{"type":"block"},"condition":{"urlFilter":"||i38.ru/templates/teleinform/js/cprgt.js"},"priority":1},{"id":653208,"action":{"type":"block"},"condition":{"urlFilter":"||static.haoword.com/pc/js/fwdibu.js"},"priority":1},{"id":657348,"action":{"type":"block"},"condition":{"urlFilter":"||animespirit.tv/templates/animespirit/images/background"},"priority":1},{"id":661436,"action":{"type":"block"},"condition":{"urlFilter":"||mtb-news.de/news/*/Radon_"},"priority":1},{"id":661583,"action":{"type":"block"},"condition":{"urlFilter":"||ecogolik.ru/upload/iblock/628/Sentio_Adv.jpg"},"priority":1},{"id":741935,"action":{"type":"allow"},"condition":{"urlFilter":"||statesman.com/section/widget-eedition-ads","initiatorDomains":["statesman-tx.newsmemory.com"]},"priority":100201},{"id":767551,"action":{"type":"block"},"condition":{"urlFilter":"||fastly.jsdelivr.net/npm/disable-devtool@latest/disable-devtool.min.js","initiatorDomains":["dizipal37.cloud","dizipal43.cloud","dizipal45.cloud","dizipal47.cloud","dizipal48.cloud","dizipal54.cloud","dizipal73.cloud","dizipal140.cloud"]},"priority":114},{"id":768285,"action":{"type":"block"},"condition":{"urlFilter":"||knowbaike.com/jzfz.js"},"priority":1},{"id":768420,"action":{"type":"block"},"condition":{"urlFilter":"/wp-content/plugins/swiftninjapro-inspect-element-console-blocker/assets/*"},"priority":1},{"id":768505,"action":{"type":"block"},"condition":{"urlFilter":"/wp-content/plugins/wccp-pro/*"},"priority":1},{"id":768546,"action":{"type":"block"},"condition":{"urlFilter":"/wp-content/plugins/content-copy-protection-disable-right-click/assets/*"},"priority":1},{"id":768629,"action":{"type":"block"},"condition":{"urlFilter":"/wp-content/plugins/ungrabber/js/ungrabber.min.js"},"priority":1},{"id":768689,"action":{"type":"block"},"condition":{"urlFilter":"/wp-content/plugins/image-watermark/js/no-right-click.js"},"priority":1},{"id":768756,"action":{"type":"block"},"condition":{"urlFilter":"/wp-content/plugins/wp-content-copy-protection/assets/*"},"priority":1},{"id":768822,"action":{"type":"block"},"condition":{"urlFilter":"/wp-content/plugins/jcwp-copy-paste-blocker/*"},"priority":1},{"id":768878,"action":{"type":"block"},"condition":{"urlFilter":"/wp-content/plugins/digiproveblog/*","excludedInitiatorDomains":["wordpress.org"]},"priority":2},{"id":768958,"action":{"type":"block"},"condition":{"urlFilter":"/wp-content/plugins/disable-right-click/*"},"priority":1},{"id":769010,"action":{"type":"block"},"condition":{"urlFilter":"/wp-content/plugins/right-click-disable-orignal/*"},"priority":1},{"id":769070,"action":{"type":"block"},"condition":{"urlFilter":"||gazetasp.com.br/application/themes/gazetasp.com.br/js/noticia.js"},"priority":1},{"id":769147,"action":{"type":"block"},"condition":{"urlFilter":"||klmanga.app/js/script.js"},"priority":1},{"id":769184,"action":{"type":"block"},"condition":{"urlFilter":"||mangarawjp.tv/js/script.js"},"priority":1},{"id":769223,"action":{"type":"block"},"condition":{"urlFilter":"||mantan-web.jp/assets/js/no_contextmenu.js"},"priority":1},{"id":769277,"action":{"type":"block"},"condition":{"urlFilter":"||topcarweb.com/Content/js/nocopy.js"},"priority":1},{"id":769324,"action":{"type":"block"},"condition":{"urlFilter":"||descargas.pntic.mec.es/*/libot_drag.js"},"priority":1},{"id":769375,"action":{"type":"block"},"condition":{"urlFilter":"||script.gmarket.co.kr/js/itemdweb/ItemBase.js"},"priority":1},{"id":769432,"action":{"type":"block"},"condition":{"urlFilter":"||theaircurrent.com/wp-content/themes/slate/print.css"},"priority":1},{"id":769496,"action":{"type":"block"},"condition":{"urlFilter":"||tv-asahi.co.jp/wp-content/themes/favclip-master/js/front.js"},"priority":1},{"id":769568,"action":{"type":"block"},"condition":{"urlFilter":"||xn--80aebkobnwfcnsfk1e0h.xn--p1ai/media/gibdd/build/js/nocopy.js"},"priority":1},{"id":769645,"action":{"type":"block"},"condition":{"urlFilter":"||a24.com.ua/design/imed/js/ncp.js"},"priority":1},{"id":769690,"action":{"type":"block"},"condition":{"urlFilter":"||cafe.naver.com/static/js/mycafe/javascript/autosourcing*.js"},"priority":1},{"id":769762,"action":{"type":"block"},"condition":{"urlFilter":"||securitylab.ru/js/cpb.js"},"priority":1},{"id":769799,"action":{"type":"block"},"condition":{"urlFilter":"||suntory.co.jp/softdrink/craftboss/flash/assets/img/mouse.gif"},"priority":1},{"id":769872,"action":{"type":"block"},"condition":{"urlFilter":"||suntory.co.jp/softdrink/craftboss/flash/assets/js/main.js"},"priority":1},{"id":769942,"action":{"type":"block"},"condition":{"urlFilter":"||tmgrup.com.tr/*/pageProtection.js"},"priority":1},{"id":769988,"action":{"type":"block"},"condition":{"urlFilter":"||profilki.pl/kody/niekopiuj.js"},"priority":1},{"id":770030,"action":{"type":"block"},"condition":{"urlFilter":"||bajery.net/adds/copy_b.php"},"priority":1},{"id":770069,"action":{"type":"block"},"condition":{"urlFilter":"||xn--b1aew.xn--p1ai/media/*/js/nocopy.js"},"priority":1},{"id":495908,"action":{"type":"block"},"condition":{"regexFilter":"(mybook-new|sign-book2)\\.(jpg|png)","initiatorDomains":["zhangxinxu.com"]},"priority":201}]