[{"id":74971,"action":{"type":"block"},"condition":{"urlFilter":"||3monkey.lol/vilagunk_640.html","initiatorDomains":["vilagunk.hu"]},"priority":201},{"id":75044,"action":{"type":"block"},"condition":{"urlFilter":"||aghtag.tech/libs/projectagora.min.js^","initiatorDomains":["gyakorikerdesek.hu","hoxa.hu"],"resourceTypes":["script"]},"priority":251},{"id":75149,"action":{"type":"block"},"condition":{"urlFilter":"||floweryoperation.com/v2/0/","initiatorDomains":["karpathir.com"]},"priority":201},{"id":75221,"action":{"type":"block"},"condition":{"urlFilter":"*/empty.json"},"priority":1},{"id":75246,"action":{"type":"block"},"condition":{"urlFilter":"*/eu-banned-popup/"},"priority":1},{"id":75277,"action":{"type":"block"},"condition":{"urlFilter":"||444.hu/*/ease/"},"priority":1},{"id":75304,"action":{"type":"block"},"condition":{"urlFilter":"||ado.hu/banners/","resourceTypes":["image"]},"priority":101},{"id":75347,"action":{"type":"block"},"condition":{"urlFilter":"||affiliate.hu","resourceTypes":["sub_frame"]},"priority":101},{"id":75387,"action":{"type":"block"},"condition":{"urlFilter":"||affiliation.arukereso.hu/pbox/"},"priority":1},{"id":75430,"action":{"type":"block"},"condition":{"urlFilter":"||alfahir.hu^*/hirdetesfoto/","resourceTypes":["image"]},"priority":101},{"id":75484,"action":{"type":"block"},"condition":{"urlFilter":"||amiotthonunk.hu/images/banners/"},"priority":1},{"id":75528,"action":{"type":"block"},"condition":{"urlFilter":"||aori.hu/banner"},"priority":1},{"id":75555,"action":{"type":"block"},"condition":{"urlFilter":"||asva.info/tmp/"},"priority":1},{"id":75582,"action":{"type":"block"},"condition":{"urlFilter":"||asva.info/wp-content/themes/branfordmagazine/images/banners/","resourceTypes":["image"]},"priority":101},{"id":75670,"action":{"type":"block"},"condition":{"urlFilter":"||atv.hu/*reklam"},"priority":1},{"id":75697,"action":{"type":"block"},"condition":{"urlFilter":"||autopro.hu/uploads/banners/","resourceTypes":["image"]},"priority":101},{"id":75752,"action":{"type":"block"},"condition":{"urlFilter":"||bannerserver.hu","resourceTypes":["sub_frame"]},"priority":101},{"id":75795,"action":{"type":"block"},"condition":{"urlFilter":"||bitport.hu/images/szponzoracio/","resourceTypes":["image"]},"priority":101},{"id":75854,"action":{"type":"block"},"condition":{"urlFilter":"||bkv.hu/public/assets/img/banner/","resourceTypes":["image"]},"priority":101},{"id":75914,"action":{"type":"block"},"condition":{"urlFilter":"||blog.hu/*/ad/"},"priority":1},{"id":75940,"action":{"type":"block"},"condition":{"urlFilter":"||blog.hu/*/hird/*."},"priority":1},{"id":75970,"action":{"type":"block"},"condition":{"urlFilter":"||blog.hu/ad/"},"priority":1},{"id":75994,"action":{"type":"block"},"condition":{"urlFilter":"||blog.hu/media/image/hird/","resourceTypes":["image"]},"priority":101},{"id":76047,"action":{"type":"block"},"condition":{"urlFilter":"||blog.hu/pixel"},"priority":1},{"id":76073,"action":{"type":"block"},"condition":{"urlFilter":"||borsonline.hu/*hirdetes"},"priority":1},{"id":76109,"action":{"type":"block"},"condition":{"urlFilter":"||cegmarketing.hu/banner"},"priority":1},{"id":76144,"action":{"type":"block"},"condition":{"urlFilter":"||cfusion-internet.com^","domainType":"thirdParty"},"priority":2},{"id":76193,"action":{"type":"block"},"condition":{"urlFilter":"||chat.hu/Client/banner"},"priority":1},{"id":76227,"action":{"type":"block"},"condition":{"urlFilter":"||chat.hu/imgadverts","resourceTypes":["image"]},"priority":101},{"id":76273,"action":{"type":"block"},"condition":{"urlFilter":"||cosmopolitan.hu/*/sponsor/"},"priority":1},{"id":76312,"action":{"type":"block"},"condition":{"urlFilter":"||csongradihirek.hu/portal/images/stories/_reklamok/","resourceTypes":["image"]},"priority":101},{"id":76390,"action":{"type":"block"},"condition":{"urlFilter":"||dijnet.hu/ekonto/images/news/","resourceTypes":["image"]},"priority":101},{"id":76447,"action":{"type":"block"},"condition":{"urlFilter":"||dijnet.hu/ekonto/images/szolg_logo/adomany_logo.jpg","resourceTypes":["image"]},"priority":101},{"id":76526,"action":{"type":"block"},"condition":{"urlFilter":"||dijnet.hu/ekonto/images/szolg_logo/hu/adomany_logo.jpg","resourceTypes":["image"]},"priority":101},{"id":76608,"action":{"type":"block"},"condition":{"urlFilter":"||duen.hu/*ad"},"priority":1},{"id":76632,"action":{"type":"block"},"condition":{"urlFilter":"||esport1.hu/banner/","resourceTypes":["image"]},"priority":101},{"id":76678,"action":{"type":"block"},"condition":{"urlFilter":"||est.hu/design/img/szponzoracio/","resourceTypes":["image"]},"priority":101},{"id":76737,"action":{"type":"block"},"condition":{"urlFilter":"||eudomain.eu/ad"},"priority":1},{"id":76764,"action":{"type":"block"},"condition":{"urlFilter":"||eudomain.eu/affiliate"},"priority":1},{"id":76798,"action":{"type":"block"},"condition":{"urlFilter":"||ezoterikus.hu/*banner*/"},"priority":1},{"id":76834,"action":{"type":"block"},"condition":{"urlFilter":"||femcafe.hu/*/spike_ad/"},"priority":1},{"id":76869,"action":{"type":"block"},"condition":{"urlFilter":"||femcafe.hu/*/sponsoration/"},"priority":1},{"id":76908,"action":{"type":"block"},"condition":{"urlFilter":"||femcafe.hu/*/szponzoracio/"},"priority":1},{"id":76947,"action":{"type":"block"},"condition":{"urlFilter":"||femcafe.hu/spike-ad/"},"priority":1},{"id":76980,"action":{"type":"block"},"condition":{"urlFilter":"||fototrend.hu/design/hatter.jpg","resourceTypes":["image"]},"priority":101},{"id":77038,"action":{"type":"block"},"condition":{"urlFilter":"||freeweb.hu/*_banner*."},"priority":1},{"id":77072,"action":{"type":"block"},"condition":{"urlFilter":"||gamepod.hu/ajanlo/lapcsalad.html"},"priority":1},{"id":77117,"action":{"type":"block"},"condition":{"urlFilter":"||geeks.hu/*body-bg-*."},"priority":1},{"id":77150,"action":{"type":"block"},"condition":{"urlFilter":"||gigasex.hu/bannerek/","resourceTypes":["image"]},"priority":101},{"id":77198,"action":{"type":"block"},"condition":{"urlFilter":"||glassdoor.com/app/static/js/gd-fj-ads-init","resourceTypes":["script"]},"priority":101},{"id":77268,"action":{"type":"block"},"condition":{"urlFilter":"||gyakorikerdesek.hu/pic/bannerek/","resourceTypes":["image"]},"priority":101},{"id":77328,"action":{"type":"block"},"condition":{"urlFilter":"||harmonet.hu/*hirdetes"},"priority":1},{"id":77362,"action":{"type":"block"},"condition":{"urlFilter":"||hasznaltgsm.hu/gsm/iframes/"},"priority":1},{"id":77402,"action":{"type":"block"},"condition":{"urlFilter":"||hatarido-szamitas.hu/partnerek/"},"priority":1},{"id":77446,"action":{"type":"block"},"condition":{"urlFilter":"||hazipatika.com/sponsoredbys/"},"priority":1},{"id":77487,"action":{"type":"block"},"condition":{"urlFilter":"||hirado.hu*/microsites/*wallpaper*.","resourceTypes":["image"]},"priority":101},{"id":77549,"action":{"type":"block"},"condition":{"urlFilter":"||hirado.hu/Newsreel/*_bg_*.","resourceTypes":["image"]},"priority":101},{"id":77603,"action":{"type":"block"},"condition":{"urlFilter":"||hircsarda.hu/ads/"},"priority":1},{"id":77633,"action":{"type":"block"},"condition":{"urlFilter":"||hirdetes.ingatlan.com/banner/","resourceTypes":["image"]},"priority":101},{"id":77690,"action":{"type":"block"},"condition":{"urlFilter":"||hirek.sk/banner/","resourceTypes":["image"]},"priority":101},{"id":77734,"action":{"type":"block"},"condition":{"urlFilter":"||hosszupuskasub.com/css/*skin.jpg","resourceTypes":["image"]},"priority":101},{"id":77794,"action":{"type":"block"},"condition":{"urlFilter":"||hrportal.hu/images/banner/","resourceTypes":["image"]},"priority":101},{"id":77848,"action":{"type":"block"},"condition":{"urlFilter":"||hungariantop1000.com/cgi-bin/counter.cgi"},"priority":1},{"id":77901,"action":{"type":"block"},"condition":{"urlFilter":"||hupont.hu/hirdetes/"},"priority":1},{"id":77933,"action":{"type":"block"},"condition":{"urlFilter":"||hwsw.hu/images/bodybgs/","resourceTypes":["image"]},"priority":101},{"id":77984,"action":{"type":"block"},"condition":{"urlFilter":"||hwsw.hu/images/bodybgs2/"},"priority":1},{"id":78021,"action":{"type":"block"},"condition":{"urlFilter":"||i.cdn29.hu/apix_collect/ads"},"priority":1},{"id":78061,"action":{"type":"block"},"condition":{"urlFilter":"||iho.hu/img/banner/"},"priority":1},{"id":78092,"action":{"type":"block"},"condition":{"urlFilter":"||image.arukereso.hu/ad","resourceTypes":["image"]},"priority":101},{"id":78141,"action":{"type":"block"},"condition":{"urlFilter":"||img.hunbasket.webpont.com/kosarsport/art/*banner","resourceTypes":["image"]},"priority":101},{"id":78217,"action":{"type":"block"},"condition":{"urlFilter":"||infogyor.hu/*_banners/"},"priority":1},{"id":78252,"action":{"type":"block"},"condition":{"urlFilter":"||informed.hu/*banner"},"priority":1},{"id":78284,"action":{"type":"block"},"condition":{"urlFilter":"||ingyenweb.hu/felso/*."},"priority":1},{"id":78318,"action":{"type":"block"},"condition":{"urlFilter":"||ingyenweb.hu/smsbanner/"},"priority":1},{"id":78354,"action":{"type":"block"},"condition":{"urlFilter":"||jogiforum.hu/files/partner/"},"priority":1},{"id":78394,"action":{"type":"block"},"condition":{"urlFilter":"||kiszamolo.hu/wp-content/uploads/*banner*.png","resourceTypes":["image"]},"priority":101},{"id":78466,"action":{"type":"block"},"condition":{"urlFilter":"||kiszamolo.hu/wp-content/uploads/2016/09/Hitel-290x200-blog-jobb.gif","resourceTypes":["image"]},"priority":101},{"id":78561,"action":{"type":"block"},"condition":{"urlFilter":"||kiszamolo.hu/wp-content/uploads/2019/11/550x104-02.jpg","resourceTypes":["image"]},"priority":101},{"id":78643,"action":{"type":"block"},"condition":{"urlFilter":"||kiszamolo.hu/wp-content/uploads/2019/11/400x400-02.jpg","resourceTypes":["image"]},"priority":101},{"id":78725,"action":{"type":"block"},"condition":{"urlFilter":"||klasszikradio.hu/uploads/banner/","resourceTypes":["image"]},"priority":101},{"id":78785,"action":{"type":"block"},"condition":{"urlFilter":"||klubradio.hu/data/files/banner","resourceTypes":["image"]},"priority":101},{"id":78843,"action":{"type":"block"},"condition":{"urlFilter":"||konkretkonyvek.hu/data/banners/","resourceTypes":["image"]},"priority":101},{"id":78902,"action":{"type":"block"},"condition":{"urlFilter":"||koponyeg.hu/skins/k4/hirdetes/"},"priority":1},{"id":78998,"action":{"type":"block"},"condition":{"urlFilter":"||kuruc.info/galeriaN/banner/","resourceTypes":["image"]},"priority":101},{"id":79053,"action":{"type":"block"},"condition":{"urlFilter":"||lapok.hu/felso/felso.php"},"priority":1},{"id":79090,"action":{"type":"block"},"condition":{"urlFilter":"||libri.hu/export/prodBann/"},"priority":1},{"id":79128,"action":{"type":"block"},"condition":{"urlFilter":"||libri.hu/html/images/skin/","resourceTypes":["image"]},"priority":101},{"id":79182,"action":{"type":"block"},"condition":{"urlFilter":"||lolmarkt.hu/banner/","resourceTypes":["image"]},"priority":101},{"id":79229,"action":{"type":"block"},"condition":{"urlFilter":"||love.hu/design/*hirdetes*."},"priority":1},{"id":79268,"action":{"type":"block"},"condition":{"urlFilter":"||magyar-elektronika.hu/images/banners/","resourceTypes":["image"]},"priority":101},{"id":79333,"action":{"type":"block"},"condition":{"urlFilter":"||magyarszo.com/images/banner/","resourceTypes":["image"]},"priority":101},{"id":79389,"action":{"type":"block"},"condition":{"urlFilter":"||mandiner.hu/*/banner/","resourceTypes":["image"]},"priority":101},{"id":79438,"action":{"type":"block"},"condition":{"urlFilter":"||mandiner.hu/images/design/*-bg.","resourceTypes":["image"]},"priority":101},{"id":79497,"action":{"type":"block"},"condition":{"urlFilter":"||medicalonline.hu/*hirdetes"},"priority":1},{"id":79536,"action":{"type":"block"},"condition":{"urlFilter":"||metropol.hu/*/images/sponsor_*.","resourceTypes":["image"]},"priority":101},{"id":79595,"action":{"type":"block"},"condition":{"urlFilter":"||miabonyunk.hu/hirdetesek/"},"priority":1},{"id":79633,"action":{"type":"block"},"condition":{"urlFilter":"||mindmegette.hu/images/294/O/nyerjagyulaival_2020_background_300x300.jpg","resourceTypes":["image"]},"priority":101},{"id":79732,"action":{"type":"block"},"condition":{"urlFilter":"||mkbnetbankar.hu/banner"},"priority":1},{"id":79767,"action":{"type":"block"},"condition":{"urlFilter":"||mlzphoto.hu/bannerek/","resourceTypes":["image"]},"priority":101},{"id":79816,"action":{"type":"block"},"condition":{"urlFilter":"||mobilarena.hu/ajanlo/lapcsalad.html"},"priority":1},{"id":79864,"action":{"type":"block"},"condition":{"urlFilter":"||napidroid.hu/*/*hird"},"priority":1},{"id":79897,"action":{"type":"block"},"condition":{"urlFilter":"||napidroid.hu/*/*logo","resourceTypes":["image"]},"priority":101},{"id":79945,"action":{"type":"block"},"condition":{"urlFilter":"||napocska.hu/images/*_advert*.","resourceTypes":["image"]},"priority":101},{"id":80002,"action":{"type":"block"},"condition":{"urlFilter":"||net-solutions.hu/banner/","resourceTypes":["image"]},"priority":101},{"id":80054,"action":{"type":"block"},"condition":{"urlFilter":"||noplaza.hu/banner/","resourceTypes":["image"]},"priority":101},{"id":80100,"action":{"type":"block"},"condition":{"urlFilter":"||nso.hu/*/sponsoration/*."},"priority":1},{"id":80137,"action":{"type":"block"},"condition":{"urlFilter":"||okmanyiroda.hu/banner.html"},"priority":1},{"id":80176,"action":{"type":"block"},"condition":{"urlFilter":"||p3k.hu/*_hatter*.","resourceTypes":["image"]},"priority":101},{"id":80221,"action":{"type":"block"},"condition":{"urlFilter":"||p3k.hu/*szponz*."},"priority":1},{"id":80250,"action":{"type":"block"},"condition":{"urlFilter":"||pcguru.hu/uploads/banners/*.jpg","resourceTypes":["image"]},"priority":101},{"id":80309,"action":{"type":"block"},"condition":{"urlFilter":"||pcpult.hu/*/banner/","resourceTypes":["image"]},"priority":101},{"id":80356,"action":{"type":"block"},"condition":{"urlFilter":"||pcworld.hu/bannerek/","resourceTypes":["image"]},"priority":101},{"id":80404,"action":{"type":"block"},"condition":{"urlFilter":"||performax.cz^","domainType":"thirdParty"},"priority":2},{"id":80445,"action":{"type":"block"},"condition":{"urlFilter":"||piacesprofit.hu/files/skin/","resourceTypes":["image"]},"priority":101},{"id":80500,"action":{"type":"block"},"condition":{"urlFilter":"||pornolize.com/*?clickTAG="},"priority":1},{"id":80538,"action":{"type":"block"},"condition":{"urlFilter":"||port-network.com/sponsoration_elements/"},"priority":1},{"id":80590,"action":{"type":"block"},"condition":{"urlFilter":"||portfolio.hu/img/partner/","resourceTypes":["image"]},"priority":101},{"id":80643,"action":{"type":"block"},"condition":{"urlFilter":"||preissuchmaschine.de/banner/","resourceTypes":["image"]},"priority":101},{"id":80699,"action":{"type":"block"},"condition":{"urlFilter":"||prohardver.hu/dl/cnt/*/background.png","resourceTypes":["image"]},"priority":101},{"id":80764,"action":{"type":"block"},"condition":{"urlFilter":"||randihely.hu/adnews/"},"priority":1},{"id":80797,"action":{"type":"block"},"condition":{"urlFilter":"||revizoronline.com/*banner"},"priority":1},{"id":80835,"action":{"type":"block"},"condition":{"urlFilter":"||sg.hu/images/hirdetes.gif","resourceTypes":["image"]},"priority":101},{"id":80888,"action":{"type":"block"},"condition":{"urlFilter":"||sg.hu/sg.wgt"},"priority":1},{"id":80913,"action":{"type":"block"},"condition":{"urlFilter":"||sielok.hu/kampanybanner/","resourceTypes":["image"]},"priority":101},{"id":80965,"action":{"type":"block"},"condition":{"urlFilter":"||sikerado.hu/banner/","resourceTypes":["image"]},"priority":101},{"id":81012,"action":{"type":"block"},"condition":{"urlFilter":"||stat.profession.hu/static/assets/images/prize-game","resourceTypes":["image"]},"priority":101},{"id":81090,"action":{"type":"block"},"condition":{"urlFilter":"||static.lhp.hu/lhp.hu/bannerek/","resourceTypes":["image"]},"priority":101},{"id":81148,"action":{"type":"block"},"condition":{"urlFilter":"||static.love.hu/design/ad/"},"priority":1},{"id":81186,"action":{"type":"block"},"condition":{"urlFilter":"||static.nemzetisport.hu//style/nso/i/*banner"},"priority":1},{"id":81242,"action":{"type":"block"},"condition":{"urlFilter":"||static.nemzetisport.hu//style/nso/i/betclic.gif","resourceTypes":["image"]},"priority":101},{"id":81317,"action":{"type":"block"},"condition":{"urlFilter":"||static.origos.hu/s/css/responsive-ads/hangar/hangar-investor-web.css","resourceTypes":["stylesheet"]},"priority":101},{"id":81413,"action":{"type":"block"},"condition":{"urlFilter":"||stylemagazin.hu/static/template_settings/"},"priority":1},{"id":81467,"action":{"type":"block"},"condition":{"urlFilter":"||szegeder.hu/get-ads"},"priority":1},{"id":81499,"action":{"type":"block"},"condition":{"urlFilter":"||szegeder.hu/js/ads-prebid.js^","resourceTypes":["script"]},"priority":101},{"id":81556,"action":{"type":"block"},"condition":{"urlFilter":"||szegedma.hu/*banners/*."},"priority":1},{"id":81592,"action":{"type":"block"},"condition":{"urlFilter":"||szepsegbroker.hu/banner/","resourceTypes":["image"]},"priority":101},{"id":81644,"action":{"type":"block"},"condition":{"urlFilter":"||szepsegbroker.hu/elements/bannerz.2019.js^","resourceTypes":["script"]},"priority":101},{"id":81714,"action":{"type":"block"},"condition":{"urlFilter":"||talalka.hu/hirdetes/"},"priority":1},{"id":81747,"action":{"type":"block"},"condition":{"urlFilter":"||telefonguru.hu/banners/","resourceTypes":["image"]},"priority":101},{"id":81798,"action":{"type":"block"},"condition":{"urlFilter":"||telefonguru.hu/iframes/"},"priority":1},{"id":81834,"action":{"type":"block"},"condition":{"urlFilter":"||tvn.hu/tvn/kepek/xpoker.hu/","resourceTypes":["image"]},"priority":101},{"id":81889,"action":{"type":"block"},"condition":{"urlFilter":"||ultraweb.hu/ad*.php"},"priority":1},{"id":81921,"action":{"type":"block"},"condition":{"urlFilter":"||utcakereso.hu/hirdetes/"},"priority":1},{"id":81957,"action":{"type":"block"},"condition":{"urlFilter":"||vatera.hu/affiliate/images/banner/","resourceTypes":["image"]},"priority":101},{"id":82019,"action":{"type":"block"},"condition":{"urlFilter":"||vezess.hu/data/files/bannerek/","resourceTypes":["image"]},"priority":101},{"id":82077,"action":{"type":"block"},"condition":{"urlFilter":"||vezess.hu/data/files/kapcsolodo_anyagok/szponz_hatterek/","resourceTypes":["image"]},"priority":101},{"id":82161,"action":{"type":"block"},"condition":{"urlFilter":"||vezess2.p3k.hu/app/uploads/*nyeremenyjatek","resourceTypes":["image"]},"priority":101},{"id":82231,"action":{"type":"block"},"condition":{"urlFilter":"||vg.hu/banners/","resourceTypes":["image"]},"priority":101},{"id":82273,"action":{"type":"block"},"condition":{"urlFilter":"||webminute.hu/bannerek/","resourceTypes":["image"]},"priority":101},{"id":82323,"action":{"type":"block"},"condition":{"urlFilter":"||zeneszoveg.hu/gfx/skin-*/*."},"priority":1},{"id":82363,"action":{"type":"block"},"condition":{"urlFilter":"||widget.block4d.com^"},"priority":1},{"id":82395,"action":{"type":"block"},"condition":{"urlFilter":"||a.adnium.com^"},"priority":1},{"id":82421,"action":{"type":"block"},"condition":{"urlFilter":"||ad.depo.hu^"},"priority":1},{"id":82445,"action":{"type":"block"},"condition":{"urlFilter":"||ad.gyermekevek.hu^"},"priority":1},{"id":82476,"action":{"type":"block"},"condition":{"urlFilter":"||ad.hirekmedia.hu^"},"priority":1},{"id":82506,"action":{"type":"block"},"condition":{"urlFilter":"||ad.kapos.hu^"},"priority":1},{"id":82531,"action":{"type":"block"},"condition":{"urlFilter":"||ad.love.hu^"},"priority":1},{"id":82555,"action":{"type":"block"},"condition":{"urlFilter":"||ad.napilapcsoport.hu^"},"priority":1},{"id":82589,"action":{"type":"block"},"condition":{"urlFilter":"||ad.onadozo.hu^"},"priority":1},{"id":82616,"action":{"type":"block"},"condition":{"urlFilter":"||ad.parom.hu^"},"priority":1},{"id":82641,"action":{"type":"block"},"condition":{"urlFilter":"||ad.pphungary.hu^"},"priority":1},{"id":82670,"action":{"type":"block"},"condition":{"urlFilter":"||ad.szexneked.hu^"},"priority":1},{"id":82699,"action":{"type":"block"},"condition":{"urlFilter":"||ad*.gyaloglo.hu^"},"priority":1},{"id":82728,"action":{"type":"block"},"condition":{"urlFilter":"||ad*.mellesleg.hu^"},"priority":1},{"id":82758,"action":{"type":"block"},"condition":{"urlFilter":"||adfair.hu^"},"priority":1},{"id":82781,"action":{"type":"block"},"condition":{"urlFilter":"||adfree-stat.p3g.hu^"},"priority":1},{"id":82813,"action":{"type":"block"},"condition":{"urlFilter":"||ads.geeks.hu^"},"priority":1},{"id":82839,"action":{"type":"block"},"condition":{"urlFilter":"||adv.forpsi.hu^"},"priority":1},{"id":82866,"action":{"type":"block"},"condition":{"urlFilter":"||adv.hu^"},"priority":1},{"id":82886,"action":{"type":"block"},"condition":{"urlFilter":"||adverbs.napilapcsoport.hu^"},"priority":1},{"id":82925,"action":{"type":"block"},"condition":{"urlFilter":"||advert*.ultraweb.hu^"},"priority":1},{"id":82958,"action":{"type":"block"},"condition":{"urlFilter":"||adverticum.*.hu^"},"priority":1},{"id":82987,"action":{"type":"block"},"condition":{"urlFilter":"||app.livechatoo.com^"},"priority":1},{"id":83019,"action":{"type":"block"},"condition":{"urlFilter":"||as*.prog.hu^"},"priority":1},{"id":83044,"action":{"type":"block"},"condition":{"urlFilter":"||audit.median.hu^"},"priority":1},{"id":83073,"action":{"type":"block"},"condition":{"urlFilter":"||avatraffic.com^"},"priority":1},{"id":83101,"action":{"type":"block"},"condition":{"urlFilter":"||banner.webtar.hu^"},"priority":1},{"id":83131,"action":{"type":"block"},"condition":{"urlFilter":"||bannerzone.agroinform.hu^"},"priority":1},{"id":83169,"action":{"type":"block"},"condition":{"urlFilter":"||brostraffic.com^"},"priority":1},{"id":83198,"action":{"type":"block"},"condition":{"urlFilter":"||campaign-remp.444.hu^"},"priority":1},{"id":83232,"action":{"type":"block"},"condition":{"urlFilter":"||cdn-dynamic.optimonk.com^"},"priority":1},{"id":83270,"action":{"type":"block"},"condition":{"urlFilter":"||daserver.ultraweb.hu^"},"priority":1},{"id":83304,"action":{"type":"block"},"condition":{"urlFilter":"||et.twyn.com^"},"priority":1},{"id":83329,"action":{"type":"block"},"condition":{"urlFilter":"||etargetnet.*.hu^"},"priority":1},{"id":83358,"action":{"type":"block"},"condition":{"urlFilter":"||fourtwentytradingcompany.net^"},"priority":1},{"id":83400,"action":{"type":"block"},"condition":{"urlFilter":"||fruitflan.com^"},"priority":1},{"id":83427,"action":{"type":"block"},"condition":{"urlFilter":"||iofferphoto.com^"},"priority":1},{"id":83456,"action":{"type":"block"},"condition":{"urlFilter":"||loading-delivery2.com^"},"priority":1},{"id":83491,"action":{"type":"block"},"condition":{"urlFilter":"||media.netpositive.hu^"},"priority":1},{"id":83525,"action":{"type":"block"},"condition":{"urlFilter":"||netadclick.com^"},"priority":1},{"id":83553,"action":{"type":"block"},"condition":{"urlFilter":"||netexs.com^"},"priority":1},{"id":83577,"action":{"type":"block"},"condition":{"urlFilter":"||pixel.blog.hu^"},"priority":1},{"id":83604,"action":{"type":"block"},"condition":{"urlFilter":"||pixel.sojern.com^"},"priority":1},{"id":83634,"action":{"type":"block"},"condition":{"urlFilter":"||rc.rc.hu^"},"priority":1},{"id":83656,"action":{"type":"block"},"condition":{"urlFilter":"||rc.rootclick.com^"},"priority":1},{"id":83686,"action":{"type":"block"},"condition":{"urlFilter":"||redwolfmoon.com^"},"priority":1},{"id":83715,"action":{"type":"block"},"condition":{"urlFilter":"||rehs.*.hu^"},"priority":1},{"id":83738,"action":{"type":"block"},"condition":{"urlFilter":"||related.hu^"},"priority":1},{"id":83762,"action":{"type":"block"},"condition":{"urlFilter":"||sher.*.hu^"},"priority":1},{"id":83785,"action":{"type":"block"},"condition":{"urlFilter":"||smartcj.com^"},"priority":1},{"id":83810,"action":{"type":"block"},"condition":{"urlFilter":"||stat.adultium.com^"},"priority":1},{"id":83841,"action":{"type":"block"},"condition":{"urlFilter":"||stats.badoostats.com^"},"priority":1},{"id":83875,"action":{"type":"block"},"condition":{"urlFilter":"||syndication.trafficreps.com^"},"priority":1},{"id":83916,"action":{"type":"block"},"condition":{"urlFilter":"||szemezgeto*.ingatlan.com^"},"priority":1},{"id":83954,"action":{"type":"block"},"condition":{"urlFilter":"||up-banner.wavecdn.de^"},"priority":1},{"id":83988,"action":{"type":"block"},"condition":{"urlFilter":"||vid4u.org^"},"priority":1},{"id":84011,"action":{"type":"block"},"condition":{"urlFilter":"||wstat.ozon.ru^"},"priority":1},{"id":84038,"action":{"type":"block"},"condition":{"urlFilter":"||abmr.net^","domainType":"thirdParty"},"priority":2},{"id":84075,"action":{"type":"block"},"condition":{"urlFilter":"||ad.hu^","domainType":"thirdParty"},"priority":2},{"id":84109,"action":{"type":"block"},"condition":{"urlFilter":"||ad4mat.net^","domainType":"thirdParty"},"priority":2},{"id":84148,"action":{"type":"block"},"condition":{"urlFilter":"||adfox.ru^","domainType":"thirdParty"},"priority":2},{"id":84185,"action":{"type":"block"},"condition":{"urlFilter":"||ads.sg.hu^","domainType":"thirdParty"},"priority":2},{"id":84223,"action":{"type":"block"},"condition":{"urlFilter":"||ads.ventivmedia.com^","domainType":"thirdParty"},"priority":2},{"id":84271,"action":{"type":"block"},"condition":{"urlFilter":"||advantage.as^","domainType":"thirdParty"},"priority":2},{"id":84312,"action":{"type":"block"},"condition":{"urlFilter":"||advertshot.ru^","domainType":"thirdParty"},"priority":2},{"id":84354,"action":{"type":"block"},"condition":{"urlFilter":"||affiliate.hu^","domainType":"thirdParty"},"priority":2},{"id":84395,"action":{"type":"block"},"condition":{"urlFilter":"||audtd.com^","domainType":"thirdParty"},"priority":2},{"id":84433,"action":{"type":"block"},"condition":{"urlFilter":"||banner.aqua.hu^","domainType":"thirdParty"},"priority":2},{"id":84476,"action":{"type":"block"},"condition":{"urlFilter":"||betfair.com^","domainType":"thirdParty"},"priority":2},{"id":84516,"action":{"type":"block"},"condition":{"urlFilter":"||bongacash.com^","domainType":"thirdParty"},"priority":2},{"id":84558,"action":{"type":"block"},"condition":{"urlFilter":"||calivary.com^","domainType":"thirdParty"},"priority":2},{"id":84599,"action":{"type":"block"},"condition":{"urlFilter":"||clicksure.com^","domainType":"thirdParty"},"priority":2},{"id":84641,"action":{"type":"block"},"condition":{"urlFilter":"||data.bookline.hu^","domainType":"thirdParty"},"priority":2},{"id":84686,"action":{"type":"block"},"condition":{"urlFilter":"||head-clickfusion.com^","domainType":"thirdParty"},"priority":2},{"id":84735,"action":{"type":"block"},"condition":{"urlFilter":"||hitelkereso.hu^","domainType":"thirdParty"},"priority":2},{"id":84778,"action":{"type":"block"},"condition":{"urlFilter":"||iforex.com^","domainType":"thirdParty"},"priority":2},{"id":84817,"action":{"type":"block"},"condition":{"urlFilter":"||iitech.dk^","domainType":"thirdParty"},"priority":2},{"id":84855,"action":{"type":"block"},"condition":{"urlFilter":"||ingatlannet.hu^","domainType":"thirdParty"},"priority":2},{"id":84898,"action":{"type":"block"},"condition":{"urlFilter":"||js.leadin.com^","domainType":"thirdParty"},"priority":2},{"id":84940,"action":{"type":"block"},"condition":{"urlFilter":"||klix.hu^","domainType":"thirdParty"},"priority":2},{"id":84976,"action":{"type":"block"},"condition":{"urlFilter":"||link.adaptivemedia.hu^","domainType":"thirdParty"},"priority":2},{"id":85026,"action":{"type":"block"},"condition":{"urlFilter":"||m2mzona.hu/ads^","domainType":"thirdParty"},"priority":2},{"id":85069,"action":{"type":"block"},"condition":{"urlFilter":"||mytarget.hu^","domainType":"thirdParty"},"priority":2},{"id":85109,"action":{"type":"block"},"condition":{"urlFilter":"||napiaszhirdetesek^","domainType":"thirdParty"},"priority":2},{"id":85155,"action":{"type":"block"},"condition":{"urlFilter":"||out.pladform.ru^","domainType":"thirdParty"},"priority":2},{"id":85199,"action":{"type":"block"},"condition":{"urlFilter":"||po.st^","domainType":"thirdParty"},"priority":2},{"id":85233,"action":{"type":"block"},"condition":{"urlFilter":"||pornedup.com^","domainType":"thirdParty"},"priority":2},{"id":85274,"action":{"type":"block"},"condition":{"urlFilter":"||premads.info^","domainType":"thirdParty"},"priority":2},{"id":85315,"action":{"type":"block"},"condition":{"urlFilter":"||salesmanago.pl^","domainType":"thirdParty"},"priority":2},{"id":85358,"action":{"type":"block"},"condition":{"urlFilter":"||seedr.com^","domainType":"thirdParty"},"priority":2},{"id":85396,"action":{"type":"block"},"condition":{"urlFilter":"||seedr.ru^","domainType":"thirdParty"},"priority":2},{"id":85433,"action":{"type":"block"},"condition":{"urlFilter":"||sexchat.hu^","domainType":"thirdParty"},"priority":2},{"id":85472,"action":{"type":"block"},"condition":{"urlFilter":"||shortlink.sex^","domainType":"thirdParty"},"priority":2},{"id":85514,"action":{"type":"block"},"condition":{"urlFilter":"||statsector.hu^","domainType":"thirdParty"},"priority":2},{"id":85556,"action":{"type":"block"},"condition":{"urlFilter":"||streameye.net^","domainType":"thirdParty"},"priority":2},{"id":85598,"action":{"type":"block"},"condition":{"urlFilter":"||sumome.com^","domainType":"thirdParty"},"priority":2},{"id":85637,"action":{"type":"block"},"condition":{"urlFilter":"||tripod.com^","domainType":"thirdParty"},"priority":2},{"id":85676,"action":{"type":"block"},"condition":{"urlFilter":"||tripod.lycos.com^","domainType":"thirdParty"},"priority":2},{"id":85721,"action":{"type":"block"},"condition":{"urlFilter":"||tulajdonostol.com^","domainType":"thirdParty"},"priority":2},{"id":101728,"action":{"type":"block"},"condition":{"urlFilter":"/js/push.js","initiatorDomains":["infostart.hu"],"resourceTypes":["script"]},"priority":301},{"id":101791,"action":{"type":"block"},"condition":{"urlFilter":"||cmp.quantcast.com^","initiatorDomains":["agrarszektor.hu","autoszektor.hu","bpiautosok.hu","g7.hu","hazipatika.com","hellovidek.hu","hrportal.hu","magyarnarancs.hu","index.hu","pestisracok.hu","portfolio.hu","telex.hu","totalcar.hu","totalbike.hu","szeretlekmagyarorszag.hu","port.hu","player.hu","mandiner.hu","budapestkornyeke.hu","bacsmegye.hu","civishir.hu","baon.hu","bama.hu","beol.hu","boon.hu","delmagyar.hu","duol.hu","feol.hu","kisalfold.hu","haon.hu","heol.hu","szoljon.hu","kemma.hu","nool.hu","sonline.hu","szon.hu","teol.hu","vaol.hu","veol.hu","zaol.hu","twice.hu","sassy.hu","prohardver.hu","mobilarena.hu","itcafe.hu","gamepod.hu","logout.hu","hardverapro.hu","pcwplus.hu","gsplus.hu","myonlineradio.hu","blikk.hu"],"resourceTypes":["script"]},"priority":203},{"id":102439,"action":{"type":"block"},"condition":{"urlFilter":"||consent.cookiebot.com^","domainType":"thirdParty","initiatorDomains":["agroinform.hu"],"resourceTypes":["script"]},"priority":302},{"id":102525,"action":{"type":"block"},"condition":{"urlFilter":"||medinfo.ocdn.eu/hu/consent_v2/choice.js^","initiatorDomains":["egeszsegkalauz.hu"],"resourceTypes":["script"]},"priority":301},{"id":102624,"action":{"type":"block"},"condition":{"urlFilter":"||quantcast.mgr.consensu.org^","initiatorDomains":["agrarszektor.hu","autoszektor.hu","bpiautosok.hu","g7.hu","hazipatika.com","hellovidek.hu","hrportal.hu","magyarnarancs.hu","index.hu","pestisracok.hu","portfolio.hu","telex.hu","totalcar.hu","totalbike.hu","szeretlekmagyarorszag.hu","port.hu","player.hu","mandiner.hu","budapestkornyeke.hu","bacsmegye.hu","civishir.hu","baon.hu","bama.hu","beol.hu","boon.hu","delmagyar.hu","duol.hu","feol.hu","kisalfold.hu","haon.hu","heol.hu","szoljon.hu","kemma.hu","nool.hu","sonline.hu","szon.hu","teol.hu","vaol.hu","veol.hu","zaol.hu","twice.hu","sassy.hu","pcwplus.hu","gsplus.hu","myonlineradio.hu","blikk.hu"],"resourceTypes":["script"]},"priority":204},{"id":103207,"action":{"type":"block"},"condition":{"urlFilter":"||static.quantcast.mgr.consensu.org/v30/cmpui-popup.js^","initiatorDomains":["szeretlekmagyarorszag.hu"],"resourceTypes":["script"]},"priority":301},{"id":103326,"action":{"type":"block"},"condition":{"urlFilter":"||cmp.inmobi.com^","domainType":"thirdParty","initiatorDomains":["telex.hu","origo.hu","atlatszo.hu","rtl.hu","videa.hu","myonlineradio.hu","hvg.hu","femina.hu","prohardver.hu","itcafe.hu","mobilarena.hu","gamepod.hu","logout.hu","fototrend.hu","hardverapro.hu","vg.hu","portfolio.hu"],"resourceTypes":["script"]},"priority":208},{"id":103578,"action":{"type":"block"},"condition":{"urlFilter":"||chatrobot.mia.gov.hu^"},"priority":1},{"id":103612,"action":{"type":"block"},"condition":{"urlFilter":"||chimpstatic.com^"},"priority":1},{"id":103641,"action":{"type":"block"},"condition":{"urlFilter":"||hestore.hu/pic/cookie.png","resourceTypes":["image"]},"priority":101},{"id":103694,"action":{"type":"block"},"condition":{"urlFilter":"||itthonrolhaza.hu/wp-content/plugins/wp-popups-lite/src/assets/js/wppopups.js^","resourceTypes":["script"]},"priority":101},{"id":103799,"action":{"type":"block"},"condition":{"urlFilter":"||money.hu/assets-new/js/calculator-widget-init.js","resourceTypes":["script"]},"priority":101},{"id":103875,"action":{"type":"block"},"condition":{"urlFilter":"||penzcentrum.hu/assets/js/bioep.min.js","resourceTypes":["script"]},"priority":101},{"id":103940,"action":{"type":"block"},"condition":{"urlFilter":"||szepsegbroker.hu/items/jquery.floating_popup*.js^","resourceTypes":["script"]},"priority":101},{"id":104017,"action":{"type":"block"},"condition":{"urlFilter":"||liked.hu/choice/*/cmp2*.js^","resourceTypes":["script"]},"priority":101},{"id":104673,"action":{"type":"allow"},"condition":{"urlFilter":"/js/adx_blacklist.js","initiatorDomains":["bikemag.hu","testbike.hu"],"resourceTypes":["script"]},"priority":100251},{"id":104755,"action":{"type":"allow"},"condition":{"urlFilter":"||assets.portfolio.hu/js/ad_300x250.js","initiatorDomains":["portfolio.hu"],"resourceTypes":["script"]},"priority":100301},{"id":104845,"action":{"type":"allow"},"condition":{"urlFilter":"||777blog.hu/wp-content/themes/florence/js/dfp.min.js^","resourceTypes":["script"]},"priority":100101},{"id":104925,"action":{"type":"allow"},"condition":{"urlFilter":"||bitepito.hu/rejtveny/data/ads/pagead/js/adsbygoogle.js^","resourceTypes":["script"]},"priority":100101},{"id":105008,"action":{"type":"allow"},"condition":{"urlFilter":"||bitepito.hu/rejtveny/data/ads/adsense.js^","resourceTypes":["script"]},"priority":100101},{"id":105077,"action":{"type":"allow"},"condition":{"urlFilter":"||bitepito.hu/rejtveny/data/ads/googleads.js^","resourceTypes":["script"]},"priority":100101},{"id":105148,"action":{"type":"allow"},"condition":{"urlFilter":"||meszotar.hu/scripts/advertising.js","resourceTypes":["script"]},"priority":100101},{"id":105210,"action":{"type":"block"},"condition":{"urlFilter":"||onlinestream.live/js/adb.js","resourceTypes":["script"]},"priority":101},{"id":105265,"action":{"type":"block"},"condition":{"urlFilter":"||cdn.performax.cz/acc/insert_rtb.js","initiatorDomains":["bpiautosok.hu"],"resourceTypes":["script"]},"priority":301},{"id":105354,"action":{"type":"block"},"condition":{"urlFilter":"||api.indidata.com^","domainType":"thirdParty","initiatorDomains":["civishir.hu"]},"priority":202},{"id":105424,"action":{"type":"block"},"condition":{"urlFilter":"/gemius.js^","resourceTypes":["script"]},"priority":101},{"id":105461,"action":{"type":"block"},"condition":{"urlFilter":"/gemius.min.js^","resourceTypes":["script"]},"priority":101},{"id":105502,"action":{"type":"block"},"condition":{"urlFilter":"/traffic.js","resourceTypes":["script"]},"priority":101},{"id":105539,"action":{"type":"block"},"condition":{"urlFilter":"/traffic.min.js","resourceTypes":["script"]},"priority":101},{"id":105580,"action":{"type":"block"},"condition":{"urlFilter":"/xgemius.js^","resourceTypes":["script"]},"priority":101},{"id":105618,"action":{"type":"block"},"condition":{"urlFilter":"/xgemius.min.js^","resourceTypes":["script"]},"priority":101},{"id":105660,"action":{"type":"block"},"condition":{"urlFilter":"*.hu/userip.php"},"priority":1},{"id":105688,"action":{"type":"block"},"condition":{"urlFilter":"||infostart.hu/js/ga.js","resourceTypes":["script"]},"priority":101},{"id":105737,"action":{"type":"block"},"condition":{"urlFilter":"||websas.hu/statistics/"},"priority":1},{"id":105771,"action":{"type":"block"},"condition":{"urlFilter":"||adat.freemail.hu^"},"priority":1},{"id":105801,"action":{"type":"block"},"condition":{"urlFilter":"||adtrackeraa.com^"},"priority":1},{"id":105830,"action":{"type":"block"},"condition":{"urlFilter":"||beam-tracker.telex.hu^"},"priority":1},{"id":105865,"action":{"type":"block"},"condition":{"urlFilter":"||beam.telex.hu^"},"priority":1},{"id":105892,"action":{"type":"block"},"condition":{"urlFilter":"||counter.megagroup.ru^"},"priority":1},{"id":105926,"action":{"type":"block"},"condition":{"urlFilter":"||doubleclick.net^"},"priority":1},{"id":105955,"action":{"type":"block"},"condition":{"urlFilter":"||gemius.hu^"},"priority":1},{"id":105978,"action":{"type":"block"},"condition":{"urlFilter":"||gemius.pl^"},"priority":1},{"id":106001,"action":{"type":"block"},"condition":{"urlFilter":"||px.blog.hu^"},"priority":1},{"id":106025,"action":{"type":"block"},"condition":{"urlFilter":"||smartadserver.com^"},"priority":1},{"id":106056,"action":{"type":"block"},"condition":{"urlFilter":"||tracker.azet.sk^"},"priority":1},{"id":106085,"action":{"type":"block"},"condition":{"urlFilter":"||tracking.binarypromos.com^"},"priority":1},{"id":106124,"action":{"type":"block"},"condition":{"urlFilter":"||tracking.tchibo.hu^"},"priority":1},{"id":106156,"action":{"type":"block"},"condition":{"urlFilter":"||analytics.yahoo.com^","domainType":"thirdParty"},"priority":2},{"id":106204,"action":{"type":"block"},"condition":{"urlFilter":"||counter.hitslink.com^","domainType":"thirdParty"},"priority":2},{"id":106253,"action":{"type":"block"},"condition":{"urlFilter":"||ex1tp.com^","domainType":"thirdParty"},"priority":2},{"id":106291,"action":{"type":"block"},"condition":{"urlFilter":"||google-analytics.com^","domainType":"thirdParty"},"priority":2},{"id":106340,"action":{"type":"block"},"condition":{"urlFilter":"||gravity.com^","domainType":"thirdParty"},"priority":2},{"id":106380,"action":{"type":"block"},"condition":{"urlFilter":"||lo.v.liveperson.net^","domainType":"thirdParty"},"priority":2},{"id":106428,"action":{"type":"block"},"condition":{"urlFilter":"||onesignal.com^","domainType":"thirdParty"},"priority":2},{"id":106470,"action":{"type":"block"},"condition":{"urlFilter":"||targetix.net^","domainType":"thirdParty"},"priority":2},{"id":106511,"action":{"type":"block"},"condition":{"urlFilter":"||track306.info^","domainType":"thirdParty"},"priority":2},{"id":106553,"action":{"type":"block"},"condition":{"urlFilter":"||trackingterrorism.org^","domainType":"thirdParty"},"priority":2},{"id":106603,"action":{"type":"block"},"condition":{"urlFilter":"||va.v.liveperson.net^","domainType":"thirdParty","resourceTypes":["script"]},"priority":102},{"id":106660,"action":{"type":"allow"},"condition":{"urlFilter":"||imasdk.googleapis.com/js/sdkloader/ima3.js","initiatorDomains":["mafab.hu"]},"priority":100201},{"id":106743,"action":{"type":"allow"},"condition":{"urlFilter":"||pro.hit.gemius.pl/gstream.js","initiatorDomains":["embed.rtl.hu"],"resourceTypes":["script"]},"priority":100301},{"id":107440,"action":{"type":"block"},"condition":{"urlFilter":"/inside-banner.mini.js","initiatorDomains":["myonlineradio.hu"]},"priority":201},{"id":112041,"action":{"type":"redirect","redirect":{"extensionPath":"/web-accessible-resources/redirects/nooptext.js"}},"condition":{"urlFilter":"||pagead2.googlesyndication.com/pagead/js/adsbygoogle.js","initiatorDomains":["cinemo.hu"],"resourceTypes":["xmlhttprequest"]},"priority":1301},{"id":112160,"action":{"type":"redirect","redirect":{"extensionPath":"/web-accessible-resources/redirects/nooptext.js"}},"condition":{"urlFilter":"||sovrn.com","initiatorDomains":["cinemo.hu"],"resourceTypes":["xmlhttprequest"]},"priority":1301},{"id":74828,"action":{"type":"block"},"condition":{"regexFilter":"dl/cnt/20[^0]\\d-\\d{2}/\\d{4}/","initiatorDomains":["prohardver.hu","mobilarena.hu","itcafe.hu","gamepod.hu","logout.hu","hardverapro.hu"],"resourceTypes":["image"]},"priority":218}]