[{"id":5,"action":{"type":"block"},"condition":{"urlFilter":"-reclameplaatjes/"},"priority":1},{"id":33,"action":{"type":"block"},"condition":{"urlFilter":"/adbron."},"priority":1},{"id":52,"action":{"type":"block"},"condition":{"urlFilter":"/adtwee/*"},"priority":1},{"id":72,"action":{"type":"block"},"condition":{"urlFilter":"/adv_tekstlinks."},"priority":1},{"id":99,"action":{"type":"block"},"condition":{"urlFilter":"/adverteerders/*"},"priority":1},{"id":126,"action":{"type":"block"},"condition":{"urlFilter":"/advertentie-banner-"},"priority":1},{"id":157,"action":{"type":"block"},"condition":{"urlFilter":"/advertentie.","excludedInitiatorDomains":["anzeigen-aufgabe-alpha.de","anzeigen-aufgabe-beta.de","anzeigen-aufgabe-test.de","rd.nl"]},"priority":2},{"id":286,"action":{"type":"block"},"condition":{"urlFilter":"/advertentie/*","excludedInitiatorDomains":["anzeigen-aufgabe-alpha.de","anzeigen-aufgabe-beta.de","anzeigen-aufgabe-test.de","rd.nl"]},"priority":2},{"id":416,"action":{"type":"block"},"condition":{"urlFilter":"/advertentie1."},"priority":1},{"id":441,"action":{"type":"block"},"condition":{"urlFilter":"/advertentie2/*"},"priority":1},{"id":467,"action":{"type":"block"},"condition":{"urlFilter":"/advertentie_head."},"priority":1},{"id":496,"action":{"type":"block"},"condition":{"urlFilter":"/advertentieblokje120x20."},"priority":1},{"id":532,"action":{"type":"block"},"condition":{"urlFilter":"/advertentieblokje300x20."},"priority":1},{"id":568,"action":{"type":"block"},"condition":{"urlFilter":"/advertenties."},"priority":1},{"id":593,"action":{"type":"block"},"condition":{"urlFilter":"/advertenties/*"},"priority":1},{"id":619,"action":{"type":"block"},"condition":{"urlFilter":"/bannerlookup."},"priority":1},{"id":644,"action":{"type":"block"},"condition":{"urlFilter":"/big_reclames/*"},"priority":1},{"id":670,"action":{"type":"block"},"condition":{"urlFilter":"/bolcom-partnerprogramma-wordpress-plugin/*"},"priority":1},{"id":724,"action":{"type":"block"},"condition":{"urlFilter":"/img/recl/*"},"priority":1},{"id":746,"action":{"type":"block"},"condition":{"urlFilter":"/mediahuis-ads/*"},"priority":1},{"id":773,"action":{"type":"block"},"condition":{"urlFilter":"/nmc/adv/*"},"priority":1},{"id":794,"action":{"type":"block"},"condition":{"urlFilter":"/pebble-adhese."},"priority":1},{"id":820,"action":{"type":"block"},"condition":{"urlFilter":"/prikbordAdvertentie_"},"priority":1},{"id":852,"action":{"type":"block"},"condition":{"urlFilter":"/reclame-extra."},"priority":1},{"id":878,"action":{"type":"block"},"condition":{"urlFilter":"/reclame-nieuws."},"priority":1},{"id":905,"action":{"type":"block"},"condition":{"urlFilter":"/reclame2."},"priority":1},{"id":926,"action":{"type":"block"},"condition":{"urlFilter":"/reclamebanners/*"},"priority":1},{"id":954,"action":{"type":"block"},"condition":{"urlFilter":"/small_reclames/*"},"priority":1},{"id":982,"action":{"type":"block"},"condition":{"urlFilter":"/tekst_advertentie_"},"priority":1},{"id":1012,"action":{"type":"block"},"condition":{"urlFilter":"/topadvertentie."},"priority":1},{"id":1039,"action":{"type":"block"},"condition":{"urlFilter":"://promotie.","domainType":"thirdParty"},"priority":2},{"id":1077,"action":{"type":"block"},"condition":{"urlFilter":"_advertentie300x250_"},"priority":1},{"id":1108,"action":{"type":"block"},"condition":{"urlFilter":"_advertentieleaderboardhome."},"priority":1},{"id":1147,"action":{"type":"block"},"condition":{"urlFilter":"||2k19.nl^","domainType":"thirdParty"},"priority":2},{"id":1183,"action":{"type":"block"},"condition":{"urlFilter":"||adrequest.net^","domainType":"thirdParty"},"priority":2},{"id":1225,"action":{"type":"block"},"condition":{"urlFilter":"||adshim.com^","domainType":"thirdParty"},"priority":2},{"id":1264,"action":{"type":"block"},"condition":{"urlFilter":"||affilaxy.com^","domainType":"thirdParty"},"priority":2},{"id":1305,"action":{"type":"block"},"condition":{"urlFilter":"||affiliatepartners.com^","domainType":"thirdParty"},"priority":2},{"id":1355,"action":{"type":"block"},"condition":{"urlFilter":"||affiliateprogramma.eu^","domainType":"thirdParty"},"priority":2},{"id":1405,"action":{"type":"block"},"condition":{"urlFilter":"||banner-online.nl^","domainType":"thirdParty"},"priority":2},{"id":1450,"action":{"type":"block"},"condition":{"urlFilter":"||believe-the-hype.be^","domainType":"thirdParty"},"priority":2},{"id":1498,"action":{"type":"block"},"condition":{"urlFilter":"||botndm.nl^","domainType":"thirdParty"},"priority":2},{"id":1536,"action":{"type":"block"},"condition":{"urlFilter":"||cashpartners.eu^","domainType":"thirdParty"},"priority":2},{"id":1580,"action":{"type":"block"},"condition":{"urlFilter":"||crnsgngrpj.nl^"},"priority":1},{"id":1607,"action":{"type":"block"},"condition":{"urlFilter":"||dntblckmpls.nl^"},"priority":1},{"id":1635,"action":{"type":"block"},"condition":{"urlFilter":"||ds1.nl^","domainType":"thirdParty"},"priority":2},{"id":1670,"action":{"type":"block"},"condition":{"urlFilter":"||dt51.net^","domainType":"thirdParty"},"priority":2},{"id":1707,"action":{"type":"block"},"condition":{"urlFilter":"||dt71.net^","domainType":"thirdParty"},"priority":2},{"id":1744,"action":{"type":"block"},"condition":{"urlFilter":"||gratis-neuken.com^","domainType":"thirdParty"},"priority":2},{"id":1790,"action":{"type":"block"},"condition":{"urlFilter":"||mt67.net^"},"priority":1},{"id":1812,"action":{"type":"block"},"condition":{"urlFilter":"||nojazz.eu^"},"priority":1},{"id":1835,"action":{"type":"block"},"condition":{"urlFilter":"||nonstoppartner.net^","domainType":"thirdParty"},"priority":2},{"id":1882,"action":{"type":"block"},"condition":{"urlFilter":"||online-banners.nl^","domainType":"thirdParty"},"priority":2},{"id":1928,"action":{"type":"block"},"condition":{"urlFilter":"||optoutadvertising.com^","domainType":"thirdParty"},"priority":2},{"id":1978,"action":{"type":"block"},"condition":{"urlFilter":"||sponsorkliks.com^","domainType":"thirdParty"},"priority":2},{"id":2023,"action":{"type":"block"},"condition":{"urlFilter":"||static-dscn.net^","domainType":"thirdParty"},"priority":2},{"id":2067,"action":{"type":"block"},"condition":{"urlFilter":"||tools-affil2.com^","domainType":"thirdParty"},"priority":2},{"id":2112,"action":{"type":"block"},"condition":{"urlFilter":"||tools.islive.nl^","domainType":"thirdParty"},"priority":2},{"id":2156,"action":{"type":"block"},"condition":{"urlFilter":"||travelads.be^","domainType":"thirdParty"},"priority":2},{"id":2197,"action":{"type":"block"},"condition":{"urlFilter":"||viadata.store^"},"priority":1},{"id":2224,"action":{"type":"block"},"condition":{"urlFilter":"||vpscash.nl^","domainType":"thirdParty"},"priority":2},{"id":2263,"action":{"type":"block"},"condition":{"urlFilter":"||xpartners.nl^","domainType":"thirdParty"},"priority":2},{"id":2304,"action":{"type":"block"},"condition":{"urlFilter":".nl/adurl/","initiatorDomains":["start-player.npo.nl"],"resourceTypes":["xmlhttprequest"]},"priority":301},{"id":2373,"action":{"type":"block"},"condition":{"urlFilter":"||adcdn.ster.nl^","domainType":"thirdParty"},"priority":2},{"id":2415,"action":{"type":"block"},"condition":{"urlFilter":"||ads.nextday.media^"},"priority":1},{"id":2446,"action":{"type":"block"},"condition":{"urlFilter":"||advertising-cdn.dpgmedia.cloud^"},"priority":1},{"id":2490,"action":{"type":"block"},"condition":{"urlFilter":"||advertising-module.api.dpgmedia.cloud^"},"priority":1},{"id":2541,"action":{"type":"block"},"condition":{"urlFilter":"||bannersimages.s-bol.com^","domainType":"thirdParty"},"priority":2},{"id":2593,"action":{"type":"block"},"condition":{"urlFilter":"||bnpparibasmarkets.nl/widget/","domainType":"thirdParty"},"priority":2},{"id":2649,"action":{"type":"block"},"condition":{"urlFilter":"||bol.com/nl/upload/banners/"},"priority":1},{"id":2688,"action":{"type":"block"},"condition":{"urlFilter":"||bol.com/nl/upload/partnerprogramma/"},"priority":1},{"id":2736,"action":{"type":"block"},"condition":{"urlFilter":"||centraal.helpmij.nl/images/nieuwsbrief/nod32-colofon.jpg"},"priority":1},{"id":2805,"action":{"type":"block"},"condition":{"urlFilter":"||cloudfront.net/-/media/6-parnerships/","initiatorDomains":["feyenoord.nl"]},"priority":201},{"id":2887,"action":{"type":"block"},"condition":{"urlFilter":"||cloudfront.net/Assets/images/partners/","initiatorDomains":["feyenoord.nl"]},"priority":201},{"id":2970,"action":{"type":"block"},"condition":{"urlFilter":"||cloudfront.net/banners/","initiatorDomains":["eredivisie.nl"]},"priority":201},{"id":3039,"action":{"type":"block"},"condition":{"urlFilter":"||feenstra-internetservices.nl/?_dnid=","domainType":"thirdParty"},"priority":2},{"id":3103,"action":{"type":"block"},"condition":{"urlFilter":"||fx.nl/_ext/widget/","domainType":"thirdParty"},"priority":2},{"id":3149,"action":{"type":"block"},"condition":{"urlFilter":"||go2.go2cloud.org^"},"priority":1},{"id":3179,"action":{"type":"block"},"condition":{"urlFilter":"||infotalia.com/worktalia_promo_"},"priority":1},{"id":3222,"action":{"type":"block"},"condition":{"urlFilter":"||jobat.be/extra/trackuityhn/ticker_new.html","domainType":"thirdParty"},"priority":2},{"id":3292,"action":{"type":"block"},"condition":{"urlFilter":"||jobfish.nl/widget/","domainType":"thirdParty"},"priority":2},{"id":3338,"action":{"type":"block"},"condition":{"urlFilter":"||kjdsfjisdfjr23.azurewebsites.net^"},"priority":1},{"id":3384,"action":{"type":"block"},"condition":{"urlFilter":"||mmcdn.nl/tags/"},"priority":1},{"id":3411,"action":{"type":"block"},"condition":{"urlFilter":"||nextdaymedia-ads.s3.amazonaws.com^"},"priority":1},{"id":3458,"action":{"type":"block"},"condition":{"urlFilter":"||ouders.nl/uploads/alt/","initiatorDomains":["viafora.nl"]},"priority":201},{"id":3523,"action":{"type":"block"},"condition":{"urlFilter":"||partner.bol.com^","domainType":"thirdParty"},"priority":2},{"id":3567,"action":{"type":"block"},"condition":{"urlFilter":"||partnerprogramma.bol.com^","domainType":"thirdParty"},"priority":2},{"id":3620,"action":{"type":"block"},"condition":{"urlFilter":"||pexi.nl/dpos/widget-","initiatorDomains":["intermediair.nl"]},"priority":201},{"id":3688,"action":{"type":"block"},"condition":{"urlFilter":"||pornokartel.nl^","domainType":"thirdParty","resourceTypes":["image"]},"priority":102},{"id":3740,"action":{"type":"block"},"condition":{"urlFilter":"||pubble.nl/Content.svc/getAdCollection?"},"priority":1},{"id":3791,"action":{"type":"block"},"condition":{"urlFilter":"||recreatief.nl/kerstarrangementen.gif"},"priority":1},{"id":3840,"action":{"type":"block"},"condition":{"urlFilter":"||s-bol.com/nl/upload/partnerprogramma/"},"priority":1},{"id":3890,"action":{"type":"block"},"condition":{"urlFilter":"||search-result.com^*/klokad2.js"},"priority":1},{"id":3933,"action":{"type":"block"},"condition":{"urlFilter":"||sedproductions.nl/banners/"},"priority":1},{"id":3972,"action":{"type":"block"},"condition":{"urlFilter":"||seks.com/img/bnr.gif"},"priority":1},{"id":4005,"action":{"type":"block"},"condition":{"urlFilter":"||seksbuddy.nl/img/frontend/banners/"},"priority":1},{"id":4052,"action":{"type":"block"},"condition":{"urlFilter":"||sociaaldigitaal.nl/img/Banner-","domainType":"thirdParty"},"priority":2},{"id":4110,"action":{"type":"block"},"condition":{"urlFilter":"||sp.dpgmedia.net^","domainType":"thirdParty"},"priority":2},{"id":4154,"action":{"type":"block"},"condition":{"urlFilter":"||stepstone.be/*?event=widgettool.","domainType":"thirdParty"},"priority":2},{"id":4214,"action":{"type":"block"},"condition":{"urlFilter":"||strafrechtadvocaten.nl/media/banner/","domainType":"thirdParty"},"priority":2},{"id":4278,"action":{"type":"block"},"condition":{"urlFilter":"||swpportal.com/upload/squarebanners/"},"priority":1},{"id":4326,"action":{"type":"block"},"condition":{"urlFilter":"||t.bazarow.com^","domainType":"thirdParty"},"priority":2},{"id":4368,"action":{"type":"block"},"condition":{"urlFilter":"||traffic.12flirt.com^"},"priority":1},{"id":4401,"action":{"type":"block"},"condition":{"urlFilter":"||viralize.tv/display/","initiatorDomains":["startpagina.nl"]},"priority":201},{"id":4468,"action":{"type":"block"},"condition":{"urlFilter":"||wertuipsertj34.azurewebsites.net^","resourceTypes":["xmlhttprequest"]},"priority":101},{"id":4529,"action":{"type":"block"},"condition":{"urlFilter":"||widget.vpnnederland.nl^","initiatorDomains":["nzbserver.com"]},"priority":201},{"id":4598,"action":{"type":"block"},"condition":{"urlFilter":"||widgets.skyscanner.net^","initiatorDomains":["puuropreis.nl"]},"priority":201},{"id":4667,"action":{"type":"block"},"condition":{"urlFilter":"||windows.net/banners/","initiatorDomains":["agf.nl","bpnieuws.nl","groentennieuws.nl","uiennieuws.nl"]},"priority":126},{"id":4770,"action":{"type":"block"},"condition":{"urlFilter":"||wp.com/www.bol.com/nl/upload/partnerprogramma/"},"priority":1},{"id":4829,"action":{"type":"block"},"condition":{"urlFilter":"||xmissy.nl/admnfiles1809/sinclub/freechatbanner_"},"priority":1},{"id":4889,"action":{"type":"block"},"condition":{"urlFilter":"||123video.nl^*/300x100_"},"priority":1},{"id":4924,"action":{"type":"block"},"condition":{"urlFilter":"||1twente.nl/Ads/"},"priority":1},{"id":4952,"action":{"type":"block"},"condition":{"urlFilter":"||2link.be/banners/"},"priority":1},{"id":4982,"action":{"type":"block"},"condition":{"urlFilter":"||aa.tweakers.nl^"},"priority":1},{"id":5010,"action":{"type":"block"},"condition":{"urlFilter":"||aafm.nl/cms/wp-content/themes/omroepalmelo/img/banners/"},"priority":1},{"id":5078,"action":{"type":"block"},"condition":{"urlFilter":"||abcsuriname.com/images/banners/"},"priority":1},{"id":5122,"action":{"type":"block"},"condition":{"urlFilter":"||adodenhaag.nl/images/banners/"},"priority":1},{"id":5164,"action":{"type":"block"},"condition":{"urlFilter":"||agconnect.nl/sites/ag/files/styles/partner_"},"priority":1},{"id":5220,"action":{"type":"block"},"condition":{"urlFilter":"||am-forum.nl/upload/logo_elektrodump.png"},"priority":1},{"id":5272,"action":{"type":"block"},"condition":{"urlFilter":"||antilliaansdagblad.com/images/banners/"},"priority":1},{"id":5323,"action":{"type":"block"},"condition":{"urlFilter":"||apintie.sr/bannerz/"},"priority":1},{"id":5355,"action":{"type":"block"},"condition":{"urlFilter":"||autosport.nl/images/Banner-"},"priority":1},{"id":5395,"action":{"type":"block"},"condition":{"urlFilter":"||autosport.nl/images/banners/"},"priority":1},{"id":5436,"action":{"type":"block"},"condition":{"urlFilter":"||baarsclassicrock.nl/wp-content/uploads/*/banner_"},"priority":1},{"id":5497,"action":{"type":"block"},"condition":{"urlFilter":"||bdsm-vrienden.nl/sb_data/modules/mod_aav/"},"priority":1},{"id":5551,"action":{"type":"block"},"condition":{"urlFilter":"||bdsmgirl.nl/banners/"},"priority":1},{"id":5584,"action":{"type":"block"},"condition":{"urlFilter":"||bdsmgirl.nl^*/banner/"},"priority":1},{"id":5618,"action":{"type":"block"},"condition":{"urlFilter":"||belgiancycling.be^*/Banners/"},"priority":1},{"id":5659,"action":{"type":"block"},"condition":{"urlFilter":"||belgiancycling.be^*/Logo%27s%20partners/"},"priority":1},{"id":5712,"action":{"type":"block"},"condition":{"urlFilter":"||bloovi.be/frontend/files/banners/"},"priority":1},{"id":5758,"action":{"type":"block"},"condition":{"urlFilter":"||bodemvondstenwereld.nl/images/banners/"},"priority":1},{"id":5809,"action":{"type":"block"},"condition":{"urlFilter":"||boek9.nl/sites/default/files/advertisements/"},"priority":1},{"id":5866,"action":{"type":"block"},"condition":{"urlFilter":"||boek9.nl/sites/default/files/rotating-banners/"},"priority":1},{"id":5925,"action":{"type":"block"},"condition":{"urlFilter":"||bol-an.nl/wp-content/uploads/*/Adv_"},"priority":1},{"id":5973,"action":{"type":"block"},"condition":{"urlFilter":"||brandweerspotters.nl/modules/banners/"},"priority":1},{"id":6023,"action":{"type":"block"},"condition":{"urlFilter":"||buzzbie.nl/uploads/banners/"},"priority":1},{"id":6063,"action":{"type":"block"},"condition":{"urlFilter":"||cdn-webcam-harlingen.nl/adv/"},"priority":1},{"id":6104,"action":{"type":"block"},"condition":{"urlFilter":"||chatmetvreemden.be/static/html/"},"priority":1},{"id":6148,"action":{"type":"block"},"condition":{"urlFilter":"||chatmetvreemden.nl/static/html/"},"priority":1},{"id":6192,"action":{"type":"block"},"condition":{"urlFilter":"||christelijknieuws.nl^*/banner/"},"priority":1},{"id":6235,"action":{"type":"block"},"condition":{"urlFilter":"||ciaotutti.nl/wp-content/uploads/Banner_"},"priority":1},{"id":6287,"action":{"type":"block"},"condition":{"urlFilter":"||clubbrugge.be^*/partner/"},"priority":1},{"id":6324,"action":{"type":"block"},"condition":{"urlFilter":"||coastline945fm.nl/cache/partners/"},"priority":1},{"id":6370,"action":{"type":"block"},"condition":{"urlFilter":"||coastlinefm.nl/cache/partners/"},"priority":1},{"id":6413,"action":{"type":"block"},"condition":{"urlFilter":"||content1.pcmweb.nl^"},"priority":1},{"id":6445,"action":{"type":"block"},"condition":{"urlFilter":"||content1.pu.nl^"},"priority":1},{"id":6473,"action":{"type":"block"},"condition":{"urlFilter":"||content1.wasmachines.nl^"},"priority":1},{"id":6510,"action":{"type":"block"},"condition":{"urlFilter":"||content1.zoom.nl^"},"priority":1},{"id":6540,"action":{"type":"block"},"condition":{"urlFilter":"||content2.besteproduct.nl^"},"priority":1},{"id":6578,"action":{"type":"block"},"condition":{"urlFilter":"||content2.kieskeurig.nl^"},"priority":1},{"id":6614,"action":{"type":"block"},"condition":{"urlFilter":"||content2.pu.nl^"},"priority":1},{"id":6642,"action":{"type":"block"},"condition":{"urlFilter":"||content2.wasmachines.nl^"},"priority":1},{"id":6679,"action":{"type":"block"},"condition":{"urlFilter":"||content2.zoom.nl^"},"priority":1},{"id":6709,"action":{"type":"block"},"condition":{"urlFilter":"||cryptobenelux.com/wp-content/uploads/*-banner-"},"priority":1},{"id":6768,"action":{"type":"block"},"condition":{"urlFilter":"||cryptobenelux.com/wp-content/uploads/*-Banner."},"priority":1},{"id":6827,"action":{"type":"block"},"condition":{"urlFilter":"||cryptobenelux.com/wp-content/uploads/*/banner_"},"priority":1},{"id":6886,"action":{"type":"block"},"condition":{"urlFilter":"||cryptoprijzen.com/cryptoprijzen-widget/"},"priority":1},{"id":6938,"action":{"type":"block"},"condition":{"urlFilter":"||debestevpn.nl/wp-content/*-banner."},"priority":1},{"id":6985,"action":{"type":"block"},"condition":{"urlFilter":"||decibel.nl/wp-content/uploads/*/banner-"},"priority":1},{"id":7037,"action":{"type":"block"},"condition":{"urlFilter":"||dewereldmorgen.be/wp-content/banners/"},"priority":1},{"id":7087,"action":{"type":"block"},"condition":{"urlFilter":"||digitaalburg.com/rn02/wp-content/uploads/*/CornetAnimationA-"},"priority":1},{"id":7160,"action":{"type":"block"},"condition":{"urlFilter":"||digitaalburg.com/rn02/wp-content/uploads/*/MERKX11.png"},"priority":1},{"id":7227,"action":{"type":"block"},"condition":{"urlFilter":"||digitaalburg.com/rn02/wp-content/uploads/*/Roel.jpg"},"priority":1},{"id":7291,"action":{"type":"block"},"condition":{"urlFilter":"||digitaalburg.com/rn02/wp-content/uploads/*/uitwaard21.jpg"},"priority":1},{"id":7361,"action":{"type":"block"},"condition":{"urlFilter":"||digitaalburg.com/rn02/wp-content/uploads/*/Vacature-"},"priority":1},{"id":7426,"action":{"type":"block"},"condition":{"urlFilter":"||digitaalburg.com/rn02/wp-content/uploads/*/vertiadvies_"},"priority":1},{"id":7494,"action":{"type":"block"},"condition":{"urlFilter":"||digitaalburg.com/rn02/wp-content/uploads/*/webbanner-"},"priority":1},{"id":7560,"action":{"type":"block"},"condition":{"urlFilter":"||dolcevia.com^*/Banners/"},"priority":1},{"id":7596,"action":{"type":"block"},"condition":{"urlFilter":"||duurzaam-actueel.nl^*banner"},"priority":1},{"id":7636,"action":{"type":"block"},"condition":{"urlFilter":"||edelmetaal-info.nl/cdfund-336x280.html"},"priority":1},{"id":7687,"action":{"type":"block"},"condition":{"urlFilter":"||edelmetaal-info.nl/wp-content/uploads/images/goudpensioen/"},"priority":1},{"id":7758,"action":{"type":"block"},"condition":{"urlFilter":"||eredivisie.nl/images/logos/partners/"},"priority":1},{"id":7807,"action":{"type":"block"},"condition":{"urlFilter":"||excellentfm.nl/images/aanbieding/"},"priority":1},{"id":7853,"action":{"type":"block"},"condition":{"urlFilter":"||fanclubbarcelona.nl/viewfile/mainbanner/"},"priority":1},{"id":7906,"action":{"type":"block"},"condition":{"urlFilter":"||farmaline.be/assets/banners/"},"priority":1},{"id":7947,"action":{"type":"block"},"condition":{"urlFilter":"||fcupdate.nl/js/adslot.js"},"priority":1},{"id":7984,"action":{"type":"block"},"condition":{"urlFilter":"||fcutrecht.net/img/banners/"},"priority":1},{"id":8023,"action":{"type":"block"},"condition":{"urlFilter":"||flirtmee.nl/img/160x70_sponsor-"},"priority":1},{"id":8067,"action":{"type":"block"},"condition":{"urlFilter":"||floranews.com/img/banner/"},"priority":1},{"id":8105,"action":{"type":"block"},"condition":{"urlFilter":"||fonkmagazine.nl/adds/"},"priority":1},{"id":8139,"action":{"type":"block"},"condition":{"urlFilter":"||fonkonline.nl/adds/"},"priority":1},{"id":8171,"action":{"type":"block"},"condition":{"urlFilter":"||forum.spaarinformatie.nl/si-info.html"},"priority":1},{"id":8221,"action":{"type":"block"},"condition":{"urlFilter":"||genemuidenactueel.nl^*banner"},"priority":1},{"id":8262,"action":{"type":"block"},"condition":{"urlFilter":"||gic.nl/uploads/fckconnector/"},"priority":1},{"id":8303,"action":{"type":"block"},"condition":{"urlFilter":"||gigantfm.nl/upload/20170420110645812.jpg"},"priority":1},{"id":8356,"action":{"type":"block"},"condition":{"urlFilter":"||gigantfm.nl/upload/20210730122903794.gif"},"priority":1},{"id":8409,"action":{"type":"block"},"condition":{"urlFilter":"||gigantfm.nl/upload/autoonderdelen24_1.png"},"priority":1},{"id":8463,"action":{"type":"block"},"condition":{"urlFilter":"||gigantfm.nl/upload/onderdelenshop.gif"},"priority":1},{"id":8513,"action":{"type":"block"},"condition":{"urlFilter":"||goedkoopstekeukensduitsland.nl/wp-content/uploads/*/I-kook-banner.jpg"},"priority":1},{"id":8595,"action":{"type":"block"},"condition":{"urlFilter":"||goedkoopstekeukensduitsland.nl/wp-content/uploads/*/Keuken-ontwerp-aan-huis.jpg"},"priority":1},{"id":8687,"action":{"type":"block"},"condition":{"urlFilter":"||goedkoopstekeukensduitsland.nl/wp-content/uploads/*/Keukenplaats.jpg"},"priority":1},{"id":8768,"action":{"type":"block"},"condition":{"urlFilter":"||golf.be/files/BannerImage/"},"priority":1},{"id":8807,"action":{"type":"block"},"condition":{"urlFilter":"||gratissextube.be/banners/"},"priority":1},{"id":8845,"action":{"type":"block"},"condition":{"urlFilter":"||greenkeeper.nl/upload/banners/"},"priority":1},{"id":8888,"action":{"type":"block"},"condition":{"urlFilter":"||greenkeeper.nl/upload/relaties/"},"priority":1},{"id":8932,"action":{"type":"block"},"condition":{"urlFilter":"||groentennieuws.nl^*/banners/"},"priority":1},{"id":8973,"action":{"type":"block"},"condition":{"urlFilter":"||halstadcentraal.nl/images/banners/"},"priority":1},{"id":9020,"action":{"type":"block"},"condition":{"urlFilter":"||handbalstartpunt.nl/content/schoonkapje.gif"},"priority":1},{"id":9076,"action":{"type":"block"},"condition":{"urlFilter":"||handbalstartpunt.nl/images/mizuno-small.jpg"},"priority":1},{"id":9132,"action":{"type":"block"},"condition":{"urlFilter":"||hoekschnieuws.nl/banner/"},"priority":1},{"id":9169,"action":{"type":"block"},"condition":{"urlFilter":"||hoekschnieuws.nl/wp-content/uploads/*/Banner-"},"priority":1},{"id":9227,"action":{"type":"block"},"condition":{"urlFilter":"||hotradiohits.nl/image/picture/*_banner."},"priority":1},{"id":9279,"action":{"type":"block"},"condition":{"urlFilter":"||htforum.nl/yabbse/*-banner2.gif"},"priority":1},{"id":9323,"action":{"type":"block"},"condition":{"urlFilter":"||htforum.nl/yabbse/banners/"},"priority":1},{"id":9362,"action":{"type":"block"},"condition":{"urlFilter":"||htforum.nl/yabbse/topframe_v3.php"},"priority":1},{"id":9408,"action":{"type":"block"},"condition":{"urlFilter":"||iex.nl/uploads/banners/"},"priority":1},{"id":9444,"action":{"type":"block"},"condition":{"urlFilter":"||katholiek.nl/wp-content/uploads/*/banner-"},"priority":1},{"id":9498,"action":{"type":"block"},"condition":{"urlFilter":"||kavelplatform.nl/assets/uploads/banners/"},"priority":1},{"id":9551,"action":{"type":"block"},"condition":{"urlFilter":"||kilroynews.net^*banner"},"priority":1},{"id":9586,"action":{"type":"block"},"condition":{"urlFilter":"||klokradio.nl/wp-content/uploads/*/adv-"},"priority":1},{"id":9637,"action":{"type":"block"},"condition":{"urlFilter":"||kranenwebsite.nl/banners/"},"priority":1},{"id":9675,"action":{"type":"block"},"condition":{"urlFilter":"||landenweb.nl/imgBoeking/"},"priority":1},{"id":9712,"action":{"type":"block"},"condition":{"urlFilter":"||linqmedia.nl/cwm/fm/userfiles/banner/"},"priority":1},{"id":9762,"action":{"type":"block"},"condition":{"urlFilter":"||loemedia.nl/wp-content/uploads/*/BannerPruisSchilderwerken-"},"priority":1},{"id":9834,"action":{"type":"block"},"condition":{"urlFilter":"||loemedia.nl/wp-content/uploads/*/HemaBannerGroot-"},"priority":1},{"id":9896,"action":{"type":"block"},"condition":{"urlFilter":"||lokaleomroepzeewolde.nl/images/banners/"},"priority":1},{"id":9948,"action":{"type":"block"},"condition":{"urlFilter":"||luister.nl/wp-content/uploads/*/Banner_"},"priority":1},{"id":10000,"action":{"type":"block"},"condition":{"urlFilter":"||maarkelsnieuws.nl/banners/"},"priority":1},{"id":10039,"action":{"type":"block"},"condition":{"urlFilter":"||maaslandradio.nl/wp-content/uploads/*/autodoc."},"priority":1},{"id":10098,"action":{"type":"block"},"condition":{"urlFilter":"||maaslandradio.nl/wp-content/uploads/*/Banner-"},"priority":1},{"id":10156,"action":{"type":"block"},"condition":{"urlFilter":"||maaslandradio.nl/wp-content/uploads/*/Hekwerkland."},"priority":1},{"id":10219,"action":{"type":"block"},"condition":{"urlFilter":"||mandelnieuws.be^*/Sponsors/"},"priority":1},{"id":10259,"action":{"type":"block"},"condition":{"urlFilter":"||mannennieuws.nl/wp-content/uploads/*-banner."},"priority":1},{"id":10316,"action":{"type":"block"},"condition":{"urlFilter":"||marktplaats.nl/*/api/complementary-listings?"},"priority":1},{"id":10373,"action":{"type":"block"},"condition":{"urlFilter":"||meerdangewenst.nl^*/sponsors/"},"priority":1},{"id":10415,"action":{"type":"block"},"condition":{"urlFilter":"||metalfan.nl/banners/"},"priority":1},{"id":10448,"action":{"type":"block"},"condition":{"urlFilter":"||midvliet.nl/images/advertenties-"},"priority":1},{"id":10493,"action":{"type":"block"},"condition":{"urlFilter":"||mo.be/sites/default/files/banners/"},"priority":1},{"id":10540,"action":{"type":"block"},"condition":{"urlFilter":"||motocrossplanet.nl/banner/"},"priority":1},{"id":10579,"action":{"type":"block"},"condition":{"urlFilter":"||motocrossplanet.nl/wwwuploads/banners/"},"priority":1},{"id":10630,"action":{"type":"block"},"condition":{"urlFilter":"||motokicx.com/wp-content/uploads/*/BANNER-"},"priority":1},{"id":10684,"action":{"type":"block"},"condition":{"urlFilter":"||motokicx.com/wp-content/uploads/*/Website-ad-"},"priority":1},{"id":10742,"action":{"type":"block"},"condition":{"urlFilter":"||netonline.be/slices/banners/"},"priority":1},{"id":10783,"action":{"type":"block"},"condition":{"urlFilter":"||nevobo.nl^*/sponsor/"},"priority":1},{"id":10816,"action":{"type":"block"},"condition":{"urlFilter":"||niburu.co/images/banners/"},"priority":1},{"id":10854,"action":{"type":"block"},"condition":{"urlFilter":"||nieuwsopbeeld.nl/wp-content/uploads/*/Advertentie-"},"priority":1},{"id":10917,"action":{"type":"block"},"condition":{"urlFilter":"||nieuwsuitnijmegen.nl/gfx/banners/"},"priority":1},{"id":10963,"action":{"type":"block"},"condition":{"urlFilter":"||nieuwsuitnijmegen.nl/uploads/banners/"},"priority":1},{"id":11013,"action":{"type":"block"},"condition":{"urlFilter":"||noordkopcentraal.nl^*/banner_"},"priority":1},{"id":11055,"action":{"type":"block"},"condition":{"urlFilter":"||notebookcheck.nl/fileadmin/Sonstiges/amaz_","resourceTypes":["xmlhttprequest"]},"priority":101},{"id":11125,"action":{"type":"block"},"condition":{"urlFilter":"||nrc.nl/tag/tag.js"},"priority":1},{"id":11155,"action":{"type":"block"},"condition":{"urlFilter":"||omroeppenm.nl^*/banner/"},"priority":1},{"id":11191,"action":{"type":"block"},"condition":{"urlFilter":"||onderwijsland.com/files/banners/"},"priority":1},{"id":11236,"action":{"type":"block"},"condition":{"urlFilter":"||onderwijsland.com/files/partners/"},"priority":1},{"id":11282,"action":{"type":"block"},"condition":{"urlFilter":"||onlinecorrectie.nl/cnc/"},"priority":1},{"id":11318,"action":{"type":"block"},"condition":{"urlFilter":"||ontdek-amerika.nl/marketing/bartsbanner.gif"},"priority":1},{"id":11374,"action":{"type":"block"},"condition":{"urlFilter":"||oogtv.nl/wp-content/banners/"},"priority":1},{"id":11415,"action":{"type":"block"},"condition":{"urlFilter":"||oops.nl/banner/"},"priority":1},{"id":11443,"action":{"type":"block"},"condition":{"urlFilter":"||openingsurengids.be/includes/js/checkblockv2.js"},"priority":1},{"id":11503,"action":{"type":"block"},"condition":{"urlFilter":"||openingsurengids.be/template/images/publi/"},"priority":1},{"id":11558,"action":{"type":"block"},"condition":{"urlFilter":"||opwindend.net/Promotie/"},"priority":1},{"id":11594,"action":{"type":"block"},"condition":{"urlFilter":"||pdd-nos.nl/footer.html"},"priority":1},{"id":11629,"action":{"type":"block"},"condition":{"urlFilter":"||persberichten.com/Images/Banners/"},"priority":1},{"id":11675,"action":{"type":"block"},"condition":{"urlFilter":"||persberichten.com/Images/marcommit/"},"priority":1},{"id":11723,"action":{"type":"block"},"condition":{"urlFilter":"||popinstituut.nl/wp-content/uploads/2014/02/Huren.nl"},"priority":1},{"id":11787,"action":{"type":"block"},"condition":{"urlFilter":"||pornokartel.nl/wp-content/uploads/*/wp-script-leaderboard.gif"},"priority":1},{"id":11861,"action":{"type":"block"},"condition":{"urlFilter":"||promootjesite.nl/images/affliateBanner/"},"priority":1},{"id":11913,"action":{"type":"block"},"condition":{"urlFilter":"||puurnaturisme.nl/images/banners/"},"priority":1},{"id":11958,"action":{"type":"block"},"condition":{"urlFilter":"||racexpress.nl/advertising/"},"priority":1},{"id":11997,"action":{"type":"block"},"condition":{"urlFilter":"||racingnews365.nl/images/banners/"},"priority":1},{"id":12042,"action":{"type":"block"},"condition":{"urlFilter":"||radioacacia.nl/sponsoren/"},"priority":1},{"id":12080,"action":{"type":"block"},"condition":{"urlFilter":"||radioeenhoorn.nl/images/Maxaro-badkamers-tegels.png"},"priority":1},{"id":12144,"action":{"type":"block"},"condition":{"urlFilter":"||radiolelystad.nl/images/stories/Banners/"},"priority":1},{"id":12197,"action":{"type":"block"},"condition":{"urlFilter":"||radioluisteren.fm/ads/"},"priority":1},{"id":12232,"action":{"type":"block"},"condition":{"urlFilter":"||radionl.fm/wp-content/uploads/*/Maxiaxi_"},"priority":1},{"id":12285,"action":{"type":"block"},"condition":{"urlFilter":"||radiostadmontfoort.nl/cms/img/ads/"},"priority":1},{"id":12332,"action":{"type":"block"},"condition":{"urlFilter":"||radiovisie.eu/wp-content/banners/"},"priority":1},{"id":12378,"action":{"type":"block"},"condition":{"urlFilter":"||railhobby.nl/wp-content/uploads/*_banner-"},"priority":1},{"id":12432,"action":{"type":"block"},"condition":{"urlFilter":"||rd.nl/deliver.js"},"priority":1},{"id":12461,"action":{"type":"block"},"condition":{"urlFilter":"||resources.planetnine.com/scripts/","initiatorDomains":["topgear.nl","voetbalverslaafd.nl"]},"priority":151},{"id":12557,"action":{"type":"block"},"condition":{"urlFilter":"||retaildetail.be/sites/default/files/banner/"},"priority":1},{"id":12613,"action":{"type":"block"},"condition":{"urlFilter":"||retaildetail.nl/sites/default/files/banner/"},"priority":1},{"id":12669,"action":{"type":"block"},"condition":{"urlFilter":"||rickfm.nl/cwm/fm/userfiles/banner/"},"priority":1},{"id":12716,"action":{"type":"block"},"condition":{"urlFilter":"||rivierenland-radio.nl/banners/"},"priority":1},{"id":12759,"action":{"type":"block"},"condition":{"urlFilter":"||rtvdordrecht.nl/cwm/fm/userfiles/banner/"},"priority":1},{"id":12812,"action":{"type":"block"},"condition":{"urlFilter":"||rtveen.nl/wp-content/uploads/*-Banner-"},"priority":1},{"id":12863,"action":{"type":"block"},"condition":{"urlFilter":"||rtveen.nl/wp-content/uploads/*/banner-"},"priority":1},{"id":12914,"action":{"type":"block"},"condition":{"urlFilter":"||rtvlansingerland.nl/wp-content/uploads/*/Zorgvilla.gif"},"priority":1},{"id":12981,"action":{"type":"block"},"condition":{"urlFilter":"||rtvmaastricht.nl/banners/"},"priority":1},{"id":13019,"action":{"type":"block"},"condition":{"urlFilter":"||rtvnof.nl/prowurk/"},"priority":1},{"id":13050,"action":{"type":"block"},"condition":{"urlFilter":"||schie.nu/images/banner/"},"priority":1},{"id":13086,"action":{"type":"block"},"condition":{"urlFilter":"||schuttevaer.nl/partnersites/"},"priority":1},{"id":13127,"action":{"type":"block"},"condition":{"urlFilter":"||seksverhalen.org/telefoonsex.png"},"priority":1},{"id":13172,"action":{"type":"block"},"condition":{"urlFilter":"||seksverhalen.org/vluggertjes.png"},"priority":1},{"id":13217,"action":{"type":"block"},"condition":{"urlFilter":"||sexchatlounge.nl/bannerlinks.html"},"priority":1},{"id":13263,"action":{"type":"block"},"condition":{"urlFilter":"||sexchatlounge.nl/bannerrechts.html"},"priority":1},{"id":13310,"action":{"type":"block"},"condition":{"urlFilter":"||sexervaringendelen.nl/porno/"},"priority":1},{"id":13351,"action":{"type":"block"},"condition":{"urlFilter":"||simone.nl/wp-content/uploads/*-banner-"},"priority":1},{"id":13402,"action":{"type":"block"},"condition":{"urlFilter":"||simone.nl/wp-content/uploads/*-besteonderdelen.nl-"},"priority":1},{"id":13465,"action":{"type":"block"},"condition":{"urlFilter":"||simone.nl/wp-content/uploads/*-onderdelenexpert.nl-"},"priority":1},{"id":13529,"action":{"type":"block"},"condition":{"urlFilter":"||simone.nl/wp-content/uploads/*/tijdelijkkkkk.png"},"priority":1},{"id":13590,"action":{"type":"block"},"condition":{"urlFilter":"||solarmagazine.nl/u/edwin/"},"priority":1},{"id":13628,"action":{"type":"block"},"condition":{"urlFilter":"||spreekbuis.nl/wp-content/uploads/*-banner-"},"priority":1},{"id":13683,"action":{"type":"block"},"condition":{"urlFilter":"||spreekbuis.nl/wp-content/uploads/*/Banner-"},"priority":1},{"id":13738,"action":{"type":"block"},"condition":{"urlFilter":"||srherald.com/wp-content/banners/"},"priority":1},{"id":13783,"action":{"type":"block"},"condition":{"urlFilter":"||streamwijzer.be/wp-content/uploads/*-banner."},"priority":1},{"id":13840,"action":{"type":"block"},"condition":{"urlFilter":"||te-les-koop.nl/images/B_"},"priority":1},{"id":13877,"action":{"type":"block"},"condition":{"urlFilter":"||techgaming.nl/image_uploads/sponsored/"},"priority":1},{"id":13928,"action":{"type":"block"},"condition":{"urlFilter":"||tennisplaza.be/wp-content/uploads/*/tennisdirect-"},"priority":1},{"id":13990,"action":{"type":"block"},"condition":{"urlFilter":"||tennisvlaanderen.be/documents/*/19Sponsorblok-"},"priority":1},{"id":14049,"action":{"type":"block"},"condition":{"urlFilter":"||tennisvlaanderen.be/documents/*/21Sponsorblok-"},"priority":1},{"id":14108,"action":{"type":"block"},"condition":{"urlFilter":"||tijd.be/ad/"},"priority":1},{"id":14132,"action":{"type":"block"},"condition":{"urlFilter":"||touretappe.nl/images/topposblock.html"},"priority":1},{"id":14182,"action":{"type":"block"},"condition":{"urlFilter":"||touretappe.nl/images/xtra/"},"priority":1},{"id":14221,"action":{"type":"block"},"condition":{"urlFilter":"||tpo.nl/broodplank/"},"priority":1},{"id":14252,"action":{"type":"block"},"condition":{"urlFilter":"||tradeidee.nl/banners/"},"priority":1},{"id":14286,"action":{"type":"block"},"condition":{"urlFilter":"||transport-online.nl/site/includes/uploads/banner-"},"priority":1},{"id":14348,"action":{"type":"block"},"condition":{"urlFilter":"||twentefm.nl/directcast/custom/rtvnot/playout/commercials/"},"priority":1},{"id":14418,"action":{"type":"block"},"condition":{"urlFilter":"||uecl-voetbal.nl/derden/"},"priority":1},{"id":14454,"action":{"type":"block"},"condition":{"urlFilter":"||uel-voetbal.nl/derden/"},"priority":1},{"id":14489,"action":{"type":"block"},"condition":{"urlFilter":"||uitslagen.nl/banner/"},"priority":1},{"id":14522,"action":{"type":"block"},"condition":{"urlFilter":"||unity.nu^*/Banners/"},"priority":1},{"id":14554,"action":{"type":"block"},"condition":{"urlFilter":"||vagina.nl/fish-hooks/fetch.json"},"priority":1},{"id":14598,"action":{"type":"block"},"condition":{"urlFilter":"||vbro.be/wp-content/uploads/*/autoonderdelen24_"},"priority":1},{"id":14657,"action":{"type":"block"},"condition":{"urlFilter":"||verkeerplaza.nl/js/banner.js"},"priority":1},{"id":14698,"action":{"type":"block"},"condition":{"urlFilter":"||visserijnieuws.nl/images/banners/"},"priority":1},{"id":14744,"action":{"type":"block"},"condition":{"urlFilter":"||vitesse.nl/assets/img/layout/etoro-logo.png"},"priority":1},{"id":14800,"action":{"type":"block"},"condition":{"urlFilter":"||vitesse.nl^*_sponsors_footer.png"},"priority":1},{"id":14845,"action":{"type":"block"},"condition":{"urlFilter":"||vives.nl/wp-content/uploads/*-Banner-"},"priority":1},{"id":14895,"action":{"type":"block"},"condition":{"urlFilter":"||vives.nl/wp-content/uploads/Banner_"},"priority":1},{"id":14943,"action":{"type":"block"},"condition":{"urlFilter":"||voetbalkrant.com/images/pub/"},"priority":1},{"id":14984,"action":{"type":"block"},"condition":{"urlFilter":"||voetbalnederland.nl/img/bravo.gif"},"priority":1},{"id":15030,"action":{"type":"block"},"condition":{"urlFilter":"||voetbalrotterdam.nl/wp-content/uploads/*/soccerdealbanner1170.jpg"},"priority":1},{"id":15108,"action":{"type":"block"},"condition":{"urlFilter":"||volleybal.nl/uploads/images/Banners/"},"priority":1},{"id":15157,"action":{"type":"block"},"condition":{"urlFilter":"||volleybal.nl/uploads/images/Logos/"},"priority":1},{"id":15204,"action":{"type":"block"},"condition":{"urlFilter":"||vtm.be^*-achtergrond-","initiatorDomains":["koken.vtm.be"]},"priority":201},{"id":15270,"action":{"type":"block"},"condition":{"urlFilter":"||vtm.be^*-header-","initiatorDomains":["koken.vtm.be"]},"priority":201},{"id":15331,"action":{"type":"block"},"condition":{"urlFilter":"||waarzo.nl/imagestore/banners/"},"priority":1},{"id":15373,"action":{"type":"block"},"condition":{"urlFilter":"||waarzo.nl/imagestore/site-banners/"},"priority":1},{"id":15420,"action":{"type":"block"},"condition":{"urlFilter":"||waldnet.nl/images/ac/"},"priority":1},{"id":15454,"action":{"type":"block"},"condition":{"urlFilter":"||wanttoknow.nl^*Banner"},"priority":1},{"id":15488,"action":{"type":"block"},"condition":{"urlFilter":"||watersport-tv.nl/content/31400/pages/clnt/"},"priority":1},{"id":15543,"action":{"type":"block"},"condition":{"urlFilter":"||webcam-aalsmeer.nl/media/banners/"},"priority":1},{"id":15589,"action":{"type":"block"},"condition":{"urlFilter":"||webcam-aalsmeer.nl/media/banners2/"},"priority":1},{"id":15636,"action":{"type":"block"},"condition":{"urlFilter":"||webcam-airport.nl/media/banners/"},"priority":1},{"id":15681,"action":{"type":"block"},"condition":{"urlFilter":"||webcam-airport.nl/media/banners2/"},"priority":1},{"id":15727,"action":{"type":"block"},"condition":{"urlFilter":"||webcam-binnenvaart.nl/media/banners/"},"priority":1},{"id":15776,"action":{"type":"block"},"condition":{"urlFilter":"||webcam-binnenvaart.nl/media/banners2/"},"priority":1},{"id":15826,"action":{"type":"block"},"condition":{"urlFilter":"||webcam-blokzijl.nl/media/banners/"},"priority":1},{"id":15872,"action":{"type":"block"},"condition":{"urlFilter":"||webcam-blokzijl.nl/media/banners2/"},"priority":1},{"id":15919,"action":{"type":"block"},"condition":{"urlFilter":"||webcam-brandaris.nl/media/banners/"},"priority":1},{"id":15966,"action":{"type":"block"},"condition":{"urlFilter":"||webcam-brandaris.nl/media/banners2/"},"priority":1},{"id":16014,"action":{"type":"block"},"condition":{"urlFilter":"||webcam-delfzijl.nl/media/banners/"},"priority":1},{"id":16060,"action":{"type":"block"},"condition":{"urlFilter":"||webcam-delfzijl.nl/media/banners2/"},"priority":1},{"id":16107,"action":{"type":"block"},"condition":{"urlFilter":"||webcam-denhelder.nl/media/banners/"},"priority":1},{"id":16154,"action":{"type":"block"},"condition":{"urlFilter":"||webcam-denhelder.nl/media/banners2/"},"priority":1},{"id":16202,"action":{"type":"block"},"condition":{"urlFilter":"||webcam-denoever.nl/media/banners/"},"priority":1},{"id":16248,"action":{"type":"block"},"condition":{"urlFilter":"||webcam-denoever.nl/media/banners2/"},"priority":1},{"id":16295,"action":{"type":"block"},"condition":{"urlFilter":"||webcam-dokkum.nl/media/banners/"},"priority":1},{"id":16339,"action":{"type":"block"},"condition":{"urlFilter":"||webcam-dokkum.nl/media/banners2/"},"priority":1},{"id":16384,"action":{"type":"block"},"condition":{"urlFilter":"||webcam-dordrecht.nl/media/banners/"},"priority":1},{"id":16431,"action":{"type":"block"},"condition":{"urlFilter":"||webcam-dordrecht.nl/media/banners2/"},"priority":1},{"id":16479,"action":{"type":"block"},"condition":{"urlFilter":"||webcam-enkhuizen.nl/media/banners/"},"priority":1},{"id":16526,"action":{"type":"block"},"condition":{"urlFilter":"||webcam-enkhuizen.nl/media/banners2/"},"priority":1},{"id":16574,"action":{"type":"block"},"condition":{"urlFilter":"||webcam-friesemeren.nl/media/banners/"},"priority":1},{"id":16623,"action":{"type":"block"},"condition":{"urlFilter":"||webcam-friesemeren.nl/media/banners2/"},"priority":1},{"id":16673,"action":{"type":"block"},"condition":{"urlFilter":"||webcam-grou.nl/media/banners/"},"priority":1},{"id":16715,"action":{"type":"block"},"condition":{"urlFilter":"||webcam-grou.nl/media/banners2/"},"priority":1},{"id":16758,"action":{"type":"block"},"condition":{"urlFilter":"||webcam-harlingen.nl/media/banners/"},"priority":1},{"id":16805,"action":{"type":"block"},"condition":{"urlFilter":"||webcam-harlingen.nl/media/banners2/"},"priority":1},{"id":16853,"action":{"type":"block"},"condition":{"urlFilter":"||webcam-havenijmuiden.nl/media/banners/"},"priority":1},{"id":16904,"action":{"type":"block"},"condition":{"urlFilter":"||webcam-havenijmuiden.nl/media/banners2/"},"priority":1},{"id":16956,"action":{"type":"block"},"condition":{"urlFilter":"||webcam-hindeloopen.nl/media/banners/"},"priority":1},{"id":17005,"action":{"type":"block"},"condition":{"urlFilter":"||webcam-hindeloopen.nl/media/banners2/"},"priority":1},{"id":17055,"action":{"type":"block"},"condition":{"urlFilter":"||webcam-hoekvanholland.nl/media/banners/"},"priority":1},{"id":17107,"action":{"type":"block"},"condition":{"urlFilter":"||webcam-hoekvanholland.nl/media/banners2/"},"priority":1},{"id":17160,"action":{"type":"block"},"condition":{"urlFilter":"||webcam-kampen.nl/media/banners/"},"priority":1},{"id":17204,"action":{"type":"block"},"condition":{"urlFilter":"||webcam-kampen.nl/media/banners2/"},"priority":1},{"id":17249,"action":{"type":"block"},"condition":{"urlFilter":"||webcam-lauwersoog.nl/media/banners/"},"priority":1},{"id":17297,"action":{"type":"block"},"condition":{"urlFilter":"||webcam-lauwersoog.nl/media/banners2/"},"priority":1},{"id":17346,"action":{"type":"block"},"condition":{"urlFilter":"||webcam-leeuwarden.nl/media/banners/"},"priority":1},{"id":17394,"action":{"type":"block"},"condition":{"urlFilter":"||webcam-leeuwarden.nl/media/banners2/"},"priority":1},{"id":17443,"action":{"type":"block"},"condition":{"urlFilter":"||webcam-lelystad.nl/media/banners/"},"priority":1},{"id":17489,"action":{"type":"block"},"condition":{"urlFilter":"||webcam-lelystad.nl/media/banners2/"},"priority":1},{"id":17536,"action":{"type":"block"},"condition":{"urlFilter":"||webcam-maassluis.nl/media/banners/"},"priority":1},{"id":17583,"action":{"type":"block"},"condition":{"urlFilter":"||webcam-maassluis.nl/media/banners2/"},"priority":1},{"id":17631,"action":{"type":"block"},"condition":{"urlFilter":"||webcam-maastricht.nl/media/banners/"},"priority":1},{"id":17679,"action":{"type":"block"},"condition":{"urlFilter":"||webcam-maastricht.nl/media/banners2/"},"priority":1},{"id":17728,"action":{"type":"block"},"condition":{"urlFilter":"||webcam-marken.nl/media/banners/"},"priority":1},{"id":17772,"action":{"type":"block"},"condition":{"urlFilter":"||webcam-marken.nl/media/banners2/"},"priority":1},{"id":17817,"action":{"type":"block"},"condition":{"urlFilter":"||webcam-monnickendam.nl/media/banners/"},"priority":1},{"id":17867,"action":{"type":"block"},"condition":{"urlFilter":"||webcam-monnickendam.nl/media/banners2/"},"priority":1},{"id":17918,"action":{"type":"block"},"condition":{"urlFilter":"||webcam-rotterdam.nl/media/banners/"},"priority":1},{"id":17965,"action":{"type":"block"},"condition":{"urlFilter":"||webcam-rotterdam.nl/media/banners2/"},"priority":1},{"id":18013,"action":{"type":"block"},"condition":{"urlFilter":"||webcam-sneek.nl/media/banners/"},"priority":1},{"id":18056,"action":{"type":"block"},"condition":{"urlFilter":"||webcam-sneek.nl/media/banners2/"},"priority":1},{"id":18100,"action":{"type":"block"},"condition":{"urlFilter":"||webcam-terneuzen.nl/media/banners/"},"priority":1},{"id":18147,"action":{"type":"block"},"condition":{"urlFilter":"||webcam-terneuzen.nl/media/banners2/"},"priority":1},{"id":18195,"action":{"type":"block"},"condition":{"urlFilter":"||webcam-vlaardingen.nl/media/banners/"},"priority":1},{"id":18244,"action":{"type":"block"},"condition":{"urlFilter":"||webcam-vlaardingen.nl/media/banners2/"},"priority":1},{"id":18294,"action":{"type":"block"},"condition":{"urlFilter":"||webcam-volendam.nl/media/banners/"},"priority":1},{"id":18340,"action":{"type":"block"},"condition":{"urlFilter":"||webcam-volendam.nl/media/banners2/"},"priority":1},{"id":18387,"action":{"type":"block"},"condition":{"urlFilter":"||webcam-workum.nl//media/banners/"},"priority":1},{"id":18432,"action":{"type":"block"},"condition":{"urlFilter":"||webcam-workum.nl/media/banners2/"},"priority":1},{"id":18477,"action":{"type":"block"},"condition":{"urlFilter":"||webcam-zaanzicht.nl/media/banners/"},"priority":1},{"id":18524,"action":{"type":"block"},"condition":{"urlFilter":"||webcam-zaanzicht.nl/media/banners2/"},"priority":1},{"id":18572,"action":{"type":"block"},"condition":{"urlFilter":"||webcam-zoutkamp.nl/media/banners/"},"priority":1},{"id":18618,"action":{"type":"block"},"condition":{"urlFilter":"||webcam-zoutkamp.nl/media/banners2/"},"priority":1},{"id":18665,"action":{"type":"block"},"condition":{"urlFilter":"||webcam-zwartsluis.nl/media/banners/"},"priority":1},{"id":18713,"action":{"type":"block"},"condition":{"urlFilter":"||webcam-zwartsluis.nl/media/banners2/"},"priority":1},{"id":18762,"action":{"type":"block"},"condition":{"urlFilter":"||webcams-ameland.nl/media/banners/"},"priority":1},{"id":18808,"action":{"type":"block"},"condition":{"urlFilter":"||webcams-ameland.nl/media/banners2/"},"priority":1},{"id":18855,"action":{"type":"block"},"condition":{"urlFilter":"||webcams-scheveningen.nl/media/banners/"},"priority":1},{"id":18906,"action":{"type":"block"},"condition":{"urlFilter":"||webcams-scheveningen.nl/media/banners2/"},"priority":1},{"id":18958,"action":{"type":"block"},"condition":{"urlFilter":"||webcams-texel.nl/media/banners/"},"priority":1},{"id":19002,"action":{"type":"block"},"condition":{"urlFilter":"||webcams-texel.nl/media/banners2/"},"priority":1},{"id":19047,"action":{"type":"block"},"condition":{"urlFilter":"||webcams-vlissingen.nl/media/banners/"},"priority":1},{"id":19096,"action":{"type":"block"},"condition":{"urlFilter":"||webcams-vlissingen.nl/media/banners2/"},"priority":1},{"id":19146,"action":{"type":"block"},"condition":{"urlFilter":"||webcamschiermonnikoog.nl/media/banners/"},"priority":1},{"id":19198,"action":{"type":"block"},"condition":{"urlFilter":"||webcamschiermonnikoog.nl/media/banners2/"},"priority":1},{"id":19251,"action":{"type":"block"},"condition":{"urlFilter":"||webcamvlieland.nl/media/banners/"},"priority":1},{"id":19296,"action":{"type":"block"},"condition":{"urlFilter":"||webcamvlieland.nl/media/banners2/"},"priority":1},{"id":19342,"action":{"type":"block"},"condition":{"urlFilter":"||webstick.nl/images/images-ads/"},"priority":1},{"id":19385,"action":{"type":"block"},"condition":{"urlFilter":"||wereldstopcontacten.nl/wp-content/uploads/*/image-aff-nl.jpg"},"priority":1},{"id":19458,"action":{"type":"block"},"condition":{"urlFilter":"||wieringernieuws.nl/gfx/ads/"},"priority":1},{"id":19498,"action":{"type":"block"},"condition":{"urlFilter":"||wijchensnieuws.nl/uploads/banners/"},"priority":1},{"id":19545,"action":{"type":"block"},"condition":{"urlFilter":"||wildfm.nl/wp-content/uploads/*/thumbnail_image002.png"},"priority":1},{"id":19611,"action":{"type":"block"},"condition":{"urlFilter":"||willem-ii.nl/banner/"},"priority":1},{"id":19644,"action":{"type":"block"},"condition":{"urlFilter":"||wp.com/amsterdamactueel.nl/wp-content/uploads/*/728x60_"},"priority":1},{"id":19712,"action":{"type":"block"},"condition":{"urlFilter":"||wp.com/romagazine.nl/14nwsite/wp-content/uploads/2021/07/amstelveen.jpg"},"priority":1},{"id":19796,"action":{"type":"block"},"condition":{"urlFilter":"||wp.com/romagazine.nl/14nwsite/wp-content/uploads/2021/07/Coordinatoromgevingsvergunningen-Rijksoverheid-"},"priority":1},{"id":19913,"action":{"type":"block"},"condition":{"urlFilter":"||wp.com/romagazine.nl/14nwsite/wp-content/uploads/2021/07/enschede.png"},"priority":1},{"id":19995,"action":{"type":"block"},"condition":{"urlFilter":"||wp.com/romagazine.nl/14nwsite/wp-content/uploads/2021/07/rijksoverheid-"},"priority":1},{"id":20079,"action":{"type":"block"},"condition":{"urlFilter":"||wp.com/romagazine.nl/14nwsite/wp-content/uploads/2021/07/seniorprojectleideralmelo.jpg"},"priority":1},{"id":20178,"action":{"type":"block"},"condition":{"urlFilter":"||wp.com/www.appletips.nl/wp-content/uploads/amacdeals.jpg"},"priority":1},{"id":20247,"action":{"type":"block"},"condition":{"urlFilter":"||wp.com/www.appletips.nl/wp-content/uploads/cnmx.png"},"priority":1},{"id":20311,"action":{"type":"block"},"condition":{"urlFilter":"||wp.com/www.appletips.nl/wp-content/uploads/upgreatest1.png"},"priority":1},{"id":20382,"action":{"type":"block"},"condition":{"urlFilter":"||wp.com/www.regionoordkop.nl/wp-content/uploads/*/banner-"},"priority":1},{"id":20451,"action":{"type":"block"},"condition":{"urlFilter":"||wp.com/www.regionoordkop.nl/wp-content/uploads/*/Bdijknov2016336x280.gif"},"priority":1},{"id":20536,"action":{"type":"block"},"condition":{"urlFilter":"||wp.com/www.regionoordkop.nl/wp-content/uploads/*/Costa.jpg"},"priority":1},{"id":20607,"action":{"type":"block"},"condition":{"urlFilter":"||yachtfocus.com^*/bnr/"},"priority":1},{"id":20641,"action":{"type":"block"},"condition":{"urlFilter":"||zilverengoudkopen.nl/banners/"},"priority":1},{"id":20683,"action":{"type":"block"},"condition":{"urlFilter":"||zoekhulp.nl/img/bnr-"},"priority":1},{"id":20716,"action":{"type":"block"},"condition":{"urlFilter":"||zwartewaterfm.nl/images/SponsorenZwarteWaterFM.jpg"},"priority":1},{"id":21019,"action":{"type":"allow"},"condition":{"urlFilter":"||2mdn.net/instream/html5/ima3.js","initiatorDomains":["autoblog.bbvms.com","omroepbrabant.nl"],"resourceTypes":["script"]},"priority":100251},{"id":21127,"action":{"type":"allow"},"condition":{"urlFilter":"||ads.nextday.media/prebid/jw-video/7.43.0.min.js","initiatorDomains":["vi.nl"]},"priority":100201},{"id":21212,"action":{"type":"allow"},"condition":{"urlFilter":"||ads.viralize.tv/display/?zid=","initiatorDomains":["crime-nieuws.nl"],"resourceTypes":["script"]},"priority":100301},{"id":21298,"action":{"type":"allow"},"condition":{"urlFilter":"||advertising-module.api.dpgmedia.cloud/video/","initiatorDomains":["sportnieuws.nl"],"resourceTypes":["xmlhttprequest"]},"priority":100301},{"id":21398,"action":{"type":"allow"},"condition":{"urlFilter":"||aka.spotxcdn.com/integration/ados/v1/ados.js","initiatorDomains":["radioluisteren.fm"],"resourceTypes":["script"]},"priority":100301},{"id":21501,"action":{"type":"allow"},"condition":{"urlFilter":"||cdn.bluebillywig.com/scripts/prebid/*/bluebillywig_pbjs.js","initiatorDomains":["autoblog.bbvms.com"],"resourceTypes":["script"]},"priority":100301},{"id":21619,"action":{"type":"allow"},"condition":{"urlFilter":"||cdn.spotxcdn.com/integration/easi/v1/easi.js","initiatorDomains":["radioluisteren.fm"],"resourceTypes":["script"]},"priority":100301},{"id":21722,"action":{"type":"allow"},"condition":{"urlFilter":"||files.skoften.net/website/lib/vjs/plugins/ads/videojs.ads.min.js","domainType":"firstParty","resourceTypes":["script"]},"priority":100102},{"id":21823,"action":{"type":"allow"},"condition":{"urlFilter":"||imasdk.googleapis.com/js/sdkloader/ima3.js","initiatorDomains":["crime-nieuws.nl","dailybuzz.nl","skoften.net","sportnieuws.nl","vtm.be","weerplaza.nl"]},"priority":100118},{"id":21973,"action":{"type":"allow"},"condition":{"urlFilter":"||improvedigital.com/pbw/headerlift.min.js","initiatorDomains":["spelletjes.nl"]},"priority":100201},{"id":22059,"action":{"type":"allow"},"condition":{"urlFilter":"||js.spotx.tv/ados/v1/106185.js","initiatorDomains":["radioluisteren.fm"],"resourceTypes":["script"]},"priority":100301},{"id":22147,"action":{"type":"allow"},"condition":{"urlFilter":"||massariuscdn.com/pubs/","initiatorDomains":["dailybuzz.nl","radio.nl","welingelichtekringen.nl"],"resourceTypes":["script"]},"priority":100235},{"id":22256,"action":{"type":"allow"},"condition":{"urlFilter":"||mmcdn.nl/tags/vkmag.com/pagina.js","initiatorDomains":["vkmag.com"],"resourceTypes":["script"]},"priority":100301},{"id":22340,"action":{"type":"allow"},"condition":{"urlFilter":"||monetize-static.viralize.tv/viralize_player_content.","initiatorDomains":["crime-nieuws.nl"],"resourceTypes":["script"]},"priority":100301},{"id":22449,"action":{"type":"allow"},"condition":{"urlFilter":"||search.spotxchange.com/js/spotx.js","initiatorDomains":["radioluisteren.fm"],"resourceTypes":["script"]},"priority":100301},{"id":22542,"action":{"type":"allow"},"condition":{"urlFilter":"||sync.search.spotxchange.com/partner?source=easi","initiatorDomains":["radioluisteren.fm"],"resourceTypes":["image"]},"priority":100301},{"id":22648,"action":{"type":"allow"},"condition":{"urlFilter":"||tools.vpscash.nl/datingv3/docs/plug_and_play/","initiatorDomains":["flirtmee.nl"],"resourceTypes":["sub_frame"]},"priority":100301},{"id":22746,"action":{"type":"allow"},"condition":{"urlFilter":"||adserver.hollandcasino.nl^","initiatorDomains":["onlinecasinoground.nl"],"resourceTypes":["main_frame"]},"priority":100201},{"id":22835,"action":{"type":"allow"},"condition":{"urlFilter":"||images.2dehands.com/api/v1/listing-twh-p/images/ad/","initiatorDomains":["2dehands.be"],"resourceTypes":["image"]},"priority":100301},{"id":22939,"action":{"type":"allow"},"condition":{"urlFilter":"||showmodeluitverkoop.nl/upload/advertentie/"},"priority":100001},{"id":22994,"action":{"type":"allow"},"condition":{"urlFilter":"||sliedrecht24.nl/wp-content/uploads/2022/02/Banner-300x250-1.jpg.webp"},"priority":100001},{"id":23075,"action":{"type":"allow"},"condition":{"urlFilter":"||te-les-koop.nl/advertenties.php"},"priority":100001},{"id":23119,"action":{"type":"allow"},"condition":{"urlFilter":"||zilverengoudkopen.nl/banners/header.jpg"},"priority":100001},{"id":23171,"action":{"type":"allow"},"condition":{"urlFilter":"||zilverengoudkopen.nl/banners/onder.jpg"},"priority":100001},{"id":23222,"action":{"type":"allow"},"condition":{"urlFilter":"||vinatera.be/wp-content/uploads/*_300x600.","domainType":"firstParty","resourceTypes":["image"]},"priority":100102},{"id":97799,"action":{"type":"block"},"condition":{"urlFilter":"||proxy.optoutadserving.com^"},"priority":1},{"id":97838,"action":{"type":"block"},"condition":{"urlFilter":"||cryptosplash.care^"},"priority":1},{"id":97869,"action":{"type":"block"},"condition":{"urlFilter":"||cryptobeneluxbanner.care^"},"priority":1},{"id":97907,"action":{"type":"block"},"condition":{"urlFilter":"||cdn.optoutadvertising.com^"},"priority":1},{"id":97946,"action":{"type":"block"},"condition":{"urlFilter":"||pexi.nl^","domainType":"thirdParty"},"priority":2},{"id":97982,"action":{"type":"block"},"condition":{"urlFilter":"||adconfigproxy.azurewebsites.net^","domainType":"thirdParty"},"priority":2},{"id":98042,"action":{"type":"block"},"condition":{"urlFilter":"||x9t7g4m2qk2.azurewebsites.net^"},"priority":1},{"id":98085,"action":{"type":"block"},"condition":{"urlFilter":"||kjdsfjisdfjr23.azurewebsites.net^"},"priority":1},{"id":98131,"action":{"type":"block"},"condition":{"urlFilter":"||content2.nrc.nl^"},"priority":1},{"id":98160,"action":{"type":"block"},"condition":{"urlFilter":"||aa.hwigroup.com^"},"priority":1},{"id":98189,"action":{"type":"block"},"condition":{"urlFilter":"||ab.hwigroup.com^"},"priority":1},{"id":98218,"action":{"type":"block"},"condition":{"urlFilter":"||aa.tweakers.nl^"},"priority":1},{"id":98246,"action":{"type":"block"},"condition":{"urlFilter":"||ab.tweakers.nl^"},"priority":1},{"id":98274,"action":{"type":"allow"},"condition":{"urlFilter":"/ad_pics/*","initiatorDomains":["computerworld.nl","webwereld.nl"],"resourceTypes":["image"]},"priority":100251},{"id":98353,"action":{"type":"allow"},"condition":{"urlFilter":"||tweakers.net/i^","resourceTypes":["image"]},"priority":100101},{"id":98396,"action":{"type":"allow"},"condition":{"urlFilter":"||content.hwigroup.net/images^","initiatorDomains":["hardware.info"]},"priority":100201},{"id":98601,"action":{"type":"allow"},"condition":{"urlFilter":"||assets.prod.webx.talpa.digital/ad/view/","initiatorDomains":["hartvannederland.nl"]},"priority":100201},{"id":98892,"action":{"type":"allow"},"condition":{"urlFilter":"||looopings.nl/*.js","domainType":"firstParty","resourceTypes":["script"]},"priority":100102},{"id":100388,"action":{"type":"allow"},"condition":{"urlFilter":"||aa.tweakers.nl/json","initiatorDomains":["tweakers.net"]},"priority":100201},{"id":100452,"action":{"type":"allow"},"condition":{"urlFilter":"/prebid/ad.gif?user=*&adId=","initiatorDomains":["kijk.nl"]},"priority":100201},{"id":100517,"action":{"type":"allow"},"condition":{"urlFilter":"||ads-talpa.adhese.com/json/","initiatorDomains":["kijk.nl"]},"priority":100201},{"id":100750,"action":{"type":"redirect","redirect":{"extensionPath":"/web-accessible-resources/redirects/googletagservices-gpt.js"}},"condition":{"urlFilter":"||securepubads.g.doubleclick.net/tag/js/gpt.js","initiatorDomains":["goplay.be"],"resourceTypes":["script"]},"priority":1301},{"id":100859,"action":{"type":"allow"},"condition":{"urlFilter":"||pubads.g.doubleclick.net/ondemand/*/content/*/vid/*/streams","initiatorDomains":["goplay.be"]},"priority":100201},{"id":100960,"action":{"type":"block"},"condition":{"urlFilter":"||pubads.g.doubleclick.net/ondemand/*/content/*/vid/*/streams/*/time-events.json","initiatorDomains":["goplay.be"]},"priority":1000201},{"id":101292,"action":{"type":"allow"},"condition":{"urlFilter":"||imasdk.googleapis.com/js/sdkloader/ima3_dai.js","initiatorDomains":["goplay.be"],"resourceTypes":["script"]},"priority":100301},{"id":101389,"action":{"type":"redirect","redirect":{"extensionPath":"/web-accessible-resources/redirects/noopjs.js"}},"condition":{"urlFilter":"||imasdk.googleapis.com/js/sdkloader/ima3.js","initiatorDomains":["goplay.be"],"resourceTypes":["script"]},"priority":1301},{"id":101496,"action":{"type":"block"},"condition":{"urlFilter":"||goplay.be/js/sourcepoint/msg?v="},"priority":1},{"id":101995,"action":{"type":"allow"},"condition":{"urlFilter":"||videoplayer.dpgmedia.net/*/ad_smartads_.js","initiatorDomains":["vtm.be"]},"priority":100201},{"id":102076,"action":{"type":"block"},"condition":{"urlFilter":"||knack.be/js/responsive/rmgAdCheck.js"},"priority":1},{"id":102355,"action":{"type":"allow"},"condition":{"urlFilter":"||indeleiderstrui.nl/media/","resourceTypes":["image"]},"priority":100101},{"id":102408,"action":{"type":"allow"},"condition":{"urlFilter":"||videoplayer.persgroep.be/*/ad_smartads_.js","initiatorDomains":["vtm.be"]},"priority":100201},{"id":102489,"action":{"type":"block"},"condition":{"urlFilter":"||a.medialaancdn.be^"},"priority":1},{"id":102520,"action":{"type":"allow"},"condition":{"urlFilter":"||embed.kijk.nl/talpa-jw-skin/js/adsbygoogle.js","initiatorDomains":["embed.kijk.nl"],"resourceTypes":["script"]},"priority":100301},{"id":102685,"action":{"type":"allow"},"condition":{"urlFilter":"||static.webwereld.nl/javascripts/advert.js"},"priority":100001},{"id":102739,"action":{"type":"allow"},"condition":{"urlFilter":"||v.fwmrm.net/ad/g/1","initiatorDomains":["player.medialaancdn.be","vtm.be"]},"priority":100151},{"id":103142,"action":{"type":"allow"},"condition":{"urlFilter":"||static.buienradar.nl/resources/js/advertisement.js"},"priority":100001},{"id":104948,"action":{"type":"redirect","redirect":{"extensionPath":"/web-accessible-resources/redirects/noopmp4.mp4"}},"condition":{"urlFilter":"||cdn-ster-nl.akamaized.net/STERAD_P_*.mp4^","initiatorDomains":["nos.nl"],"resourceTypes":["media"]},"priority":1301},{"id":105119,"action":{"type":"block"},"condition":{"urlFilter":"||adconfig.ster.nl^","initiatorDomains":["nos.nl"]},"priority":201},{"id":105175,"action":{"type":"block"},"condition":{"urlFilter":"||hfg.iuknyw5evnygw9v.nl/*?*=omroepzeeland&direct="},"priority":1},{"id":105236,"action":{"type":"block"},"condition":{"urlFilter":"||2mdn.net/instream/html5/ima3.js","initiatorDomains":["omroepzeeland.nl"]},"priority":1000201},{"id":105874,"action":{"type":"block"},"condition":{"urlFilter":"||biernet.nl/site/plugins/bja_new/redirect.php"},"priority":1},{"id":106331,"action":{"type":"block"},"condition":{"urlFilter":"||cdn.aa.onstuimig.nl/mega-publishers/nieuwspaal.nl.js"},"priority":1},{"id":111585,"action":{"type":"block"},"condition":{"urlFilter":"||e*.knack.be/rest/dialogues/files/*/Banner_Notificaties_AppInstall"},"priority":1},{"id":112009,"action":{"type":"block"},"condition":{"urlFilter":"||tweakers.net/*/build/banners.*.js"},"priority":1},{"id":112336,"action":{"type":"block"},"condition":{"urlFilter":"||itnijs.frl/wp-content/uploads/2017/10/bannerItNijs"},"priority":1},{"id":113256,"action":{"type":"block"},"condition":{"urlFilter":"||widget.vpnnederland.nl/VPNNederland-widget.js","initiatorDomains":["nzbserver.com"]},"priority":201},{"id":114257,"action":{"type":"block"},"condition":{"urlFilter":"||almere-nieuws.nl/banners_*.html"},"priority":1},{"id":114563,"action":{"type":"block"},"condition":{"urlFilter":"||developers.affiliateprogramma.eu/content-wrapper/general.js","initiatorDomains":["autobahn.eu"]},"priority":201},{"id":114666,"action":{"type":"block"},"condition":{"urlFilter":"||cdn.ster.nl/banners^"},"priority":1},{"id":115591,"action":{"type":"block"},"condition":{"urlFilter":"||handbalstartpunt.nl/*/uploads_filemanager/Banner"},"priority":1},{"id":115823,"action":{"type":"block"},"condition":{"urlFilter":"||gic.nl/uploads/fckconnector/","resourceTypes":["image"]},"priority":101},{"id":116149,"action":{"type":"block"},"condition":{"urlFilter":"||nnieuws.be/sites/default/files/banner-*.gif"},"priority":1},{"id":116205,"action":{"type":"block"},"condition":{"urlFilter":"||nnieuws.be/sites/default/files/*-300x300*.gif"},"priority":1},{"id":116263,"action":{"type":"block"},"condition":{"urlFilter":"||oozo.nl/images/zzpbanner.png"},"priority":1},{"id":117339,"action":{"type":"block"},"condition":{"urlFilter":"||mediareader.omroepwest.nl/gaslicht^"},"priority":1},{"id":117387,"action":{"type":"block"},"condition":{"urlFilter":"||unity.nu/media/*/BANNERS/"},"priority":1},{"id":117425,"action":{"type":"block"},"condition":{"urlFilter":"||topomania.net/sites/topomania.net/images/pacnum-promo.png"},"priority":1},{"id":117557,"action":{"type":"block"},"condition":{"urlFilter":"||pornozot.com/js/compiled/exo-"},"priority":1},{"id":117599,"action":{"type":"block"},"condition":{"urlFilter":"||pornozot.com/js/compiled/custom-vendor.js"},"priority":1},{"id":118102,"action":{"type":"block"},"condition":{"urlFilter":"||iframe.gsminfo.nl/*/populair-beknopt^","initiatorDomains":["allaboutphones.nl"]},"priority":201},{"id":119954,"action":{"type":"block"},"condition":{"urlFilter":"||bs.serving-sys.com/BurstingPipe/adServer.bs","initiatorDomains":["kijk.nl"]},"priority":201},{"id":120037,"action":{"type":"block"},"condition":{"urlFilter":"||cdn.sbsnet.nl/creatives/assets/*.mp4","initiatorDomains":["kijk.nl"]},"priority":201},{"id":120113,"action":{"type":"block"},"condition":{"urlFilter":"||d33t3vvu2t2yu5.cloudfront.net^","initiatorDomains":["nl.express.live"]},"priority":201},{"id":120191,"action":{"type":"block"},"condition":{"urlFilter":"||diomerc.com/baner/"},"priority":1},{"id":120222,"action":{"type":"block"},"condition":{"urlFilter":"||m.telegraaf.nl/static/lib/bva-widget.html?without-raid"},"priority":1},{"id":120289,"action":{"type":"block"},"condition":{"urlFilter":"||pcnltelecom.tdsapi.com/portal/iframe.js"},"priority":1},{"id":120341,"action":{"type":"block"},"condition":{"urlFilter":"||serving-sys.com/*.mp4^","initiatorDomains":["kijk.nl"]},"priority":201},{"id":120403,"action":{"type":"block"},"condition":{"urlFilter":"||totaaltv.nl/upload/Banner-sep-astrasat.gif"},"priority":1},{"id":120717,"action":{"type":"allow"},"condition":{"urlFilter":"||mmcdn.nl/tags/vkmag.com/"},"priority":100001},{"id":120874,"action":{"type":"allow"},"condition":{"urlFilter":"||markup.nieuwsblad.be/extra/assets/advertising/dfp-setup.js"},"priority":100001},{"id":120945,"action":{"type":"allow"},"condition":{"urlFilter":"||markup.nieuwsblad.be/extra/assets/advertising/prebid.js"},"priority":100001},{"id":121013,"action":{"type":"redirect","redirect":{"extensionPath":"/web-accessible-resources/redirects/googletagservices-gpt.js"}},"condition":{"urlFilter":"||securepubads.g.doubleclick.net/tag/js/gpt.js","initiatorDomains":["nieuwsblad.be"],"resourceTypes":["script"]},"priority":1301},{"id":121126,"action":{"type":"allow"},"condition":{"urlFilter":"||securepubads.g.doubleclick.net/gpt/pubads_impl_*.js","initiatorDomains":["standaard.be"]},"priority":100201},{"id":121222,"action":{"type":"allow"},"condition":{"urlFilter":"||securepubads.g.doubleclick.net/tag/js/gpt.js","initiatorDomains":["standaard.be"]},"priority":100201},{"id":121311,"action":{"type":"allow"},"condition":{"urlFilter":"||markup.standaard.be/extra/assets/advertising/dfp-setup.js"},"priority":100001},{"id":121381,"action":{"type":"allow"},"condition":{"urlFilter":"||markup.standaard.be/extra/assets/advertising/prebid.js"},"priority":100001},{"id":121448,"action":{"type":"allow"},"condition":{"urlFilter":"||player.ooyala.com/static/*/ad-plugin/","initiatorDomains":["qmusic.nl"]},"priority":100201},{"id":121527,"action":{"type":"allow"},"condition":{"urlFilter":"||kpn.com^","domainType":"thirdParty"},"priority":100002},{"id":121657,"action":{"type":"allow"},"condition":{"urlFilter":"||media.boomads.com/images^","initiatorDomains":["telegraaf.nl"]},"priority":100201},{"id":121727,"action":{"type":"allow"},"condition":{"urlFilter":"||publiekeomroep.nl^","initiatorDomains":["cinema.nl"],"resourceTypes":["stylesheet","script"]},"priority":100276}]