[{"id":5,"action":{"type":"block"},"condition":{"urlFilter":"||share-count.donreach.com^","domainType":"thirdParty"},"priority":2},{"id":58,"action":{"type":"block"},"condition":{"urlFilter":"||button-follow.zalo.me^","domainType":"thirdParty"},"priority":2},{"id":108,"action":{"type":"block"},"condition":{"urlFilter":"||button-share.zalo.me^","domainType":"thirdParty"},"priority":2},{"id":157,"action":{"type":"block"},"condition":{"urlFilter":"||xn--r1a.website^","domainType":"thirdParty"},"priority":2},{"id":201,"action":{"type":"block"},"condition":{"urlFilter":"||share.gree.jp^","domainType":"thirdParty"},"priority":2},{"id":243,"action":{"type":"block"},"condition":{"urlFilter":"||twitter.countoon.com^","domainType":"thirdParty"},"priority":2},{"id":292,"action":{"type":"block"},"condition":{"urlFilter":"||twitcount.com^","domainType":"thirdParty"},"priority":2},{"id":334,"action":{"type":"block"},"condition":{"urlFilter":"||mixi.net/img/basic/mixicheck_entry/"},"priority":1},{"id":382,"action":{"type":"block"},"condition":{"urlFilter":"||media.line.naver.jp/js/line-button.js"},"priority":1},{"id":432,"action":{"type":"block"},"condition":{"urlFilter":"||platform.tumblr.com/v1/share"},"priority":1},{"id":473,"action":{"type":"block"},"condition":{"urlFilter":"||b.hatena.ne.jp/images/entry-button/","domainType":"thirdParty"},"priority":2},{"id":536,"action":{"type":"block"},"condition":{"urlFilter":"||amazonaws.com/*/hatena-widget.js"},"priority":1},{"id":581,"action":{"type":"block"},"condition":{"urlFilter":"||st-hatena.com^*/entry-button/"},"priority":1},{"id":623,"action":{"type":"block"},"condition":{"urlFilter":"||jsoon.digitiminimi.com^","domainType":"thirdParty"},"priority":2},{"id":674,"action":{"type":"block"},"condition":{"urlFilter":"||omt.shinobi.jp^","domainType":"thirdParty"},"priority":2},{"id":717,"action":{"type":"block"},"condition":{"urlFilter":"||friends2follow.com^","domainType":"thirdParty"},"priority":2},{"id":764,"action":{"type":"block"},"condition":{"urlFilter":"||b.hatena.ne.jp/js/bookmark_button.js","domainType":"thirdParty"},"priority":2},{"id":828,"action":{"type":"block"},"condition":{"urlFilter":"||getbutton.io^","domainType":"thirdParty"},"priority":2},{"id":869,"action":{"type":"block"},"condition":{"urlFilter":"||getbtn.com^","domainType":"thirdParty"},"priority":2},{"id":908,"action":{"type":"block"},"condition":{"urlFilter":"||snapwidget.com^","domainType":"thirdParty"},"priority":2},{"id":951,"action":{"type":"block"},"condition":{"urlFilter":"||widget.instodom.com^","domainType":"thirdParty"},"priority":2},{"id":999,"action":{"type":"block"},"condition":{"urlFilter":"||mediabuttons.ru^","domainType":"thirdParty"},"priority":2},{"id":1043,"action":{"type":"block"},"condition":{"urlFilter":"||tgwidget.com^","domainType":"thirdParty"},"priority":2},{"id":1084,"action":{"type":"block"},"condition":{"urlFilter":"||share.itraffic.su^","domainType":"thirdParty"},"priority":2},{"id":1130,"action":{"type":"block"},"condition":{"urlFilter":"||d.line-scdn.net/r/web/social-plugin/js/thirdparty/loader.min.js","excludedInitiatorDomains":["weleda.jp"]},"priority":2},{"id":1236,"action":{"type":"block"},"condition":{"urlFilter":"||widgets-code.websta.me^","domainType":"thirdParty"},"priority":2},{"id":1287,"action":{"type":"block"},"condition":{"urlFilter":"||graph.facebook.com/?id=","domainType":"thirdParty"},"priority":2},{"id":1338,"action":{"type":"block"},"condition":{"urlFilter":"||widget.pushbullet.com^","domainType":"thirdParty"},"priority":2},{"id":1388,"action":{"type":"block"},"condition":{"urlFilter":"||youtube.com/subscribe_embed?","domainType":"thirdParty"},"priority":2},{"id":1444,"action":{"type":"block"},"condition":{"urlFilter":"||addnow.com/widget/","domainType":"thirdParty"},"priority":2},{"id":1490,"action":{"type":"block"},"condition":{"urlFilter":"||addthis.com^","domainType":"thirdParty","excludedInitiatorDomains":["civilization.com","imgur.com"]},"priority":3},{"id":1572,"action":{"type":"block"},"condition":{"urlFilter":"||addthiscdn.com^","domainType":"thirdParty"},"priority":2},{"id":1615,"action":{"type":"block"},"condition":{"urlFilter":"||addtoany.com/share","domainType":"thirdParty"},"priority":2},{"id":1661,"action":{"type":"block"},"condition":{"urlFilter":"||api.flattr.com/button^","domainType":"thirdParty"},"priority":2},{"id":1711,"action":{"type":"block"},"condition":{"urlFilter":"||api.linkedin.com/*/shares^","excludedInitiatorDomains":["linkedin.com"]},"priority":2},{"id":1783,"action":{"type":"block"},"condition":{"urlFilter":"||api.tweetmeme.com/button.js","domainType":"thirdParty"},"priority":2},{"id":1838,"action":{"type":"block"},"condition":{"urlFilter":"||api.twitter.com/*/count.json","domainType":"thirdParty"},"priority":2},{"id":1894,"action":{"type":"block"},"condition":{"urlFilter":"||assets.pinterest.com/images/pidgets/","domainType":"thirdParty"},"priority":2},{"id":1958,"action":{"type":"block"},"condition":{"urlFilter":"||assets.pinterest.com/js/pinit.js^","domainType":"thirdParty"},"priority":2},{"id":2019,"action":{"type":"block"},"condition":{"urlFilter":"||button.flattr.com^","domainType":"thirdParty"},"priority":2},{"id":2065,"action":{"type":"block"},"condition":{"urlFilter":"||cdn.wibiya.com^","domainType":"thirdParty"},"priority":2},{"id":2108,"action":{"type":"block"},"condition":{"urlFilter":"||changetip.com^","domainType":"thirdParty"},"priority":2},{"id":2150,"action":{"type":"block"},"condition":{"urlFilter":"||cms.myspacecdn.com/cms//ShareOnMySpace/","domainType":"thirdParty","excludedInitiatorDomains":["myspace.com"]},"priority":3},{"id":2243,"action":{"type":"block"},"condition":{"urlFilter":"||connect.mail.ru/","domainType":"thirdParty"},"priority":2},{"id":2287,"action":{"type":"block"},"condition":{"urlFilter":"||connect.mail.ru/share_button"},"priority":1},{"id":2328,"action":{"type":"block"},"condition":{"urlFilter":"||coverweb.org^","domainType":"thirdParty"},"priority":2},{"id":2369,"action":{"type":"block"},"condition":{"urlFilter":"||e-mailit.com/widget/","domainType":"thirdParty"},"priority":2},{"id":2417,"action":{"type":"block"},"condition":{"urlFilter":"||facebook.com/*/plugins/","excludedInitiatorDomains":["facebook.com"]},"priority":2},{"id":2486,"action":{"type":"block"},"condition":{"urlFilter":"||facebook.com/*/plugins/page.php","domainType":"thirdParty"},"priority":2},{"id":2545,"action":{"type":"block"},"condition":{"urlFilter":"||facebook.com/*/plugins/share_button.php","domainType":"thirdParty"},"priority":2},{"id":2612,"action":{"type":"block"},"condition":{"urlFilter":"||facebook.com/connect/connect.php","domainType":"thirdParty"},"priority":2},{"id":2672,"action":{"type":"block"},"condition":{"urlFilter":"||facebook.com/method/links.getStats","domainType":"thirdParty"},"priority":2},{"id":2734,"action":{"type":"block"},"condition":{"urlFilter":"||facebook.com/plugins/","excludedInitiatorDomains":["facebook.com"]},"priority":2},{"id":2801,"action":{"type":"block"},"condition":{"urlFilter":"||facebook.com/sharer.php","domainType":"thirdParty","excludedInitiatorDomains":["speedtest.net"]},"priority":3},{"id":2880,"action":{"type":"block"},"condition":{"urlFilter":"||facebook.com/sharer/sharer.php","domainType":"thirdParty"},"priority":2},{"id":2938,"action":{"type":"block"},"condition":{"urlFilter":"||facebook.com/tr/?"},"priority":1},{"id":2968,"action":{"type":"block"},"condition":{"urlFilter":"||facebook.com/widgets/","domainType":"thirdParty"},"priority":2},{"id":3017,"action":{"type":"block"},"condition":{"urlFilter":"||filamentapp-assets.s3.amazonaws.com^","domainType":"thirdParty"},"priority":2},{"id":3081,"action":{"type":"block"},"condition":{"urlFilter":"||filamentapp.s3.amazonaws.com^","domainType":"thirdParty"},"priority":2},{"id":3138,"action":{"type":"block"},"condition":{"urlFilter":"||flickr.com/badge_code","domainType":"thirdParty"},"priority":2},{"id":3187,"action":{"type":"block"},"condition":{"urlFilter":"||friendfeed.com/embed","domainType":"thirdParty"},"priority":2},{"id":3235,"action":{"type":"block"},"condition":{"urlFilter":"||ghbtns.com/github-btn.html","domainType":"thirdParty"},"priority":2},{"id":3289,"action":{"type":"block"},"condition":{"urlFilter":"||google.com/buzz/api","domainType":"thirdParty"},"priority":2},{"id":3336,"action":{"type":"block"},"condition":{"urlFilter":"||google.com/friendconnect/script","excludedInitiatorDomains":["blogger.com","blogspot.com"]},"priority":2},{"id":3426,"action":{"type":"block"},"condition":{"urlFilter":"||google.com^*/fastbutton?","domainType":"thirdParty"},"priority":2},{"id":3478,"action":{"type":"block"},"condition":{"urlFilter":"||graph.facebook.com/fql?q=SELECT","domainType":"thirdParty"},"priority":2},{"id":3537,"action":{"type":"block"},"condition":{"urlFilter":"||hn-button.herokuapp.com","domainType":"thirdParty"},"priority":2},{"id":3588,"action":{"type":"block"},"condition":{"urlFilter":"||hupso.com/share^","domainType":"thirdParty"},"priority":2},{"id":3632,"action":{"type":"block"},"condition":{"urlFilter":"||jquery-library.net/plusplus","domainType":"thirdParty"},"priority":2},{"id":3687,"action":{"type":"block"},"condition":{"urlFilter":"||lessbuttons.com^","domainType":"thirdParty"},"priority":2},{"id":3731,"action":{"type":"block"},"condition":{"urlFilter":"||likebtn.com^","domainType":"thirdParty"},"priority":2},{"id":3771,"action":{"type":"block"},"condition":{"urlFilter":"||linkedin.com/shareArticle","domainType":"thirdParty"},"priority":2},{"id":3824,"action":{"type":"block"},"condition":{"urlFilter":"||livejournal.com/update.bml?","domainType":"thirdParty"},"priority":2},{"id":3879,"action":{"type":"block"},"condition":{"urlFilter":"||odnaknopka.ru/","domainType":"thirdParty"},"priority":2},{"id":3921,"action":{"type":"block"},"condition":{"urlFilter":"||odnoklassniki.ru/dk?st.cmd=addShare","domainType":"thirdParty","excludedInitiatorDomains":["mail.ru","odnoklassniki.ru"]},"priority":3},{"id":4024,"action":{"type":"block"},"condition":{"urlFilter":"||odnoklassniki.ru/dk?st.cmd=extLike","domainType":"thirdParty"},"priority":2},{"id":4086,"action":{"type":"block"},"condition":{"urlFilter":"||odnoklassniki.ru/dk?st.cmd=WidgetGroup","domainType":"thirdParty","excludedInitiatorDomains":["mail.ru","odnoklassniki.ru"]},"priority":3},{"id":4192,"action":{"type":"block"},"condition":{"urlFilter":"||odnoklassniki.ru/dk?st.cmd=WidgetShare","domainType":"thirdParty","excludedInitiatorDomains":["mail.ru","odnoklassniki.ru"]},"priority":3},{"id":4298,"action":{"type":"block"},"condition":{"urlFilter":"||ok.ru/dk?st.cmd","domainType":"thirdParty"},"priority":2},{"id":4341,"action":{"type":"block"},"condition":{"urlFilter":"||pinterest.com/js/pinit_main.js","domainType":"thirdParty"},"priority":2},{"id":4399,"action":{"type":"block"},"condition":{"urlFilter":"||pinterest.com/pin/create/button/?url=","domainType":"thirdParty"},"priority":2},{"id":4464,"action":{"type":"block"},"condition":{"urlFilter":"||pinterest.com/pinit.html","domainType":"thirdParty"},"priority":2},{"id":4516,"action":{"type":"block"},"condition":{"urlFilter":"||pinterest.com/v1/urls/count.json","domainType":"thirdParty"},"priority":2},{"id":4576,"action":{"type":"block"},"condition":{"urlFilter":"||platform.linkedin.com^","domainType":"thirdParty"},"priority":2},{"id":4626,"action":{"type":"block"},"condition":{"urlFilter":"||platform.stumbleupon.com/*/widgets.js","domainType":"thirdParty"},"priority":2},{"id":4691,"action":{"type":"block"},"condition":{"urlFilter":"||platform.twitter.com/js/button.","domainType":"thirdParty"},"priority":2},{"id":4750,"action":{"type":"block"},"condition":{"urlFilter":"||platform.twitter.com/oct.js","domainType":"thirdParty"},"priority":2},{"id":4805,"action":{"type":"block"},"condition":{"urlFilter":"||platform.twitter.com/widgets/follow_button","domainType":"thirdParty"},"priority":2},{"id":4875,"action":{"type":"block"},"condition":{"urlFilter":"||platform.twitter.com/widgets/tweet_button","domainType":"thirdParty"},"priority":2},{"id":4944,"action":{"type":"block"},"condition":{"urlFilter":"||plus.google.com/share","domainType":"thirdParty"},"priority":2},{"id":4993,"action":{"type":"block"},"condition":{"urlFilter":"||plusone.google.com^","domainType":"thirdParty"},"priority":2},{"id":5040,"action":{"type":"block"},"condition":{"urlFilter":"||reddit.com/api/info.json?","domainType":"thirdParty"},"priority":2},{"id":5093,"action":{"type":"block"},"condition":{"urlFilter":"||reddit.com/static/button/","domainType":"thirdParty"},"priority":2},{"id":5146,"action":{"type":"block"},"condition":{"urlFilter":"||redditstatic.com/button/button*.","excludedInitiatorDomains":["reddit.com"]},"priority":2},{"id":5222,"action":{"type":"block"},"condition":{"urlFilter":"||share.yandex.net^","domainType":"thirdParty"},"priority":2},{"id":5267,"action":{"type":"block"},"condition":{"urlFilter":"||share.yandex.ru^","domainType":"thirdParty"},"priority":2},{"id":5311,"action":{"type":"block"},"condition":{"urlFilter":"||shareaholic.com^","domainType":"thirdParty"},"priority":2},{"id":5355,"action":{"type":"block"},"condition":{"urlFilter":"||sharethis.com^","domainType":"thirdParty"},"priority":2},{"id":5397,"action":{"type":"block"},"condition":{"urlFilter":"||shorte.st^","domainType":"thirdParty"},"priority":2},{"id":5435,"action":{"type":"block"},"condition":{"urlFilter":"||sp.me.zing.vn/plugins/subscribe"},"priority":1},{"id":5479,"action":{"type":"block"},"condition":{"urlFilter":"||static.addtoany.com","domainType":"thirdParty"},"priority":2},{"id":5526,"action":{"type":"block"},"condition":{"urlFilter":"||static.bufferapp.com/js/button.js"},"priority":1},{"id":5572,"action":{"type":"block"},"condition":{"urlFilter":"||static.hootsuite.com^","domainType":"thirdParty"},"priority":2},{"id":5621,"action":{"type":"block"},"condition":{"urlFilter":"||stg.odnoklassniki.ru/share/","domainType":"thirdParty","excludedInitiatorDomains":["mail.ru","odnoklassniki.ru"]},"priority":3},{"id":5716,"action":{"type":"block"},"condition":{"urlFilter":"||stumbleupon.com/badge/","domainType":"thirdParty"},"priority":2},{"id":5766,"action":{"type":"block"},"condition":{"urlFilter":"||sumome-140a.kxcdn.com^","domainType":"thirdParty"},"priority":2},{"id":5816,"action":{"type":"block"},"condition":{"urlFilter":"||surfingbird.ru/button^","domainType":"thirdParty"},"priority":2},{"id":5866,"action":{"type":"block"},"condition":{"urlFilter":"||surfingbird.ru/share^","domainType":"thirdParty"},"priority":2},{"id":5915,"action":{"type":"block"},"condition":{"urlFilter":"||t.co/i/adsct","domainType":"thirdParty"},"priority":2},{"id":5955,"action":{"type":"block"},"condition":{"urlFilter":"||taboolasyndication.com^","domainType":"thirdParty"},"priority":2},{"id":6006,"action":{"type":"block"},"condition":{"urlFilter":"||traq.li^","domainType":"thirdParty"},"priority":2},{"id":6042,"action":{"type":"block"},"condition":{"urlFilter":"||tumblr.com/share/","domainType":"thirdParty"},"priority":2},{"id":6087,"action":{"type":"block"},"condition":{"urlFilter":"||tweetmeme.com/i/scripts","domainType":"thirdParty"},"priority":2},{"id":6138,"action":{"type":"block"},"condition":{"urlFilter":"||twitter-badges.","domainType":"thirdParty"},"priority":2},{"id":6181,"action":{"type":"block"},"condition":{"urlFilter":"||twitter.com/home?status=","domainType":"thirdParty"},"priority":2},{"id":6233,"action":{"type":"block"},"condition":{"urlFilter":"||twitter.com/share","domainType":"thirdParty"},"priority":2},{"id":6278,"action":{"type":"block"},"condition":{"urlFilter":"||usocial.pro^","domainType":"thirdParty"},"priority":2},{"id":6318,"action":{"type":"block"},"condition":{"urlFilter":"||vk.com/images/upload.gif","excludedInitiatorDomains":["vk.com","vkontakte.ru"]},"priority":2},{"id":6396,"action":{"type":"block"},"condition":{"urlFilter":"||vk.com/js/api/share.js","domainType":"thirdParty"},"priority":2},{"id":6446,"action":{"type":"block"},"condition":{"urlFilter":"||vk.com/share.php","domainType":"thirdParty"},"priority":2},{"id":6490,"action":{"type":"block"},"condition":{"urlFilter":"||vk.com/widget_","excludedInitiatorDomains":["redspell.ru","vk.com"]},"priority":2},{"id":6557,"action":{"type":"block"},"condition":{"urlFilter":"||vkontakte.ru/app1982352","domainType":"thirdParty"},"priority":2},{"id":6608,"action":{"type":"block"},"condition":{"urlFilter":"||vkontakte.ru/js/api/share.js","domainType":"thirdParty"},"priority":2},{"id":6664,"action":{"type":"block"},"condition":{"urlFilter":"||vkontakte.ru/share.php","domainType":"thirdParty"},"priority":2},{"id":6714,"action":{"type":"block"},"condition":{"urlFilter":"||vkontakte.ru/widget_like.php","domainType":"thirdParty"},"priority":2},{"id":6770,"action":{"type":"block"},"condition":{"urlFilter":"||w.uptolike.com^","domainType":"thirdParty"},"priority":2},{"id":6813,"action":{"type":"block"},"condition":{"urlFilter":"||weheartit.com^","domainType":"thirdParty"},"priority":2},{"id":6855,"action":{"type":"block"},"condition":{"urlFilter":"||widgets.bufferapp.com^","domainType":"thirdParty"},"priority":2},{"id":6905,"action":{"type":"block"},"condition":{"urlFilter":"||widgets.getpocket.com^","domainType":"thirdParty"},"priority":2},{"id":6955,"action":{"type":"block"},"condition":{"urlFilter":"||woobox.com^","domainType":"thirdParty"},"priority":2},{"id":6994,"action":{"type":"block"},"condition":{"urlFilter":"||wykop.pl/dataprovider/diggerwidget/","domainType":"thirdParty"},"priority":2},{"id":7057,"action":{"type":"block"},"condition":{"urlFilter":"||xing-share.com^","domainType":"thirdParty"},"priority":2},{"id":7100,"action":{"type":"block"},"condition":{"urlFilter":"||yandex.st/share/share.js","domainType":"thirdParty"},"priority":2},{"id":7152,"action":{"type":"block"},"condition":{"urlFilter":"||yastatic.net/*/share.js","domainType":"thirdParty"},"priority":2},{"id":7203,"action":{"type":"block"},"condition":{"urlFilter":"||youtube.com/subscribe_widget","domainType":"thirdParty"},"priority":2},{"id":7259,"action":{"type":"block"},"condition":{"urlFilter":"||ssl.pstatic.net/share/js/naver_sharebutton.js","excludedInitiatorDomains":["naver.com"]},"priority":2},{"id":7347,"action":{"type":"block"},"condition":{"urlFilter":"||developers.band.us/js/share/band-button.js^","domainType":"thirdParty"},"priority":2},{"id":7418,"action":{"type":"block"},"condition":{"urlFilter":"||media.line.me/js/line-button.js^","domainType":"thirdParty"},"priority":2},{"id":7478,"action":{"type":"block"},"condition":{"urlFilter":"||cp.news.search.daum.net/api/publish.json^"},"priority":1},{"id":7532,"action":{"type":"block"},"condition":{"urlFilter":"||biz.line.naver.jp/line_business/img/btn/addfriends_"},"priority":1},{"id":7596,"action":{"type":"block"},"condition":{"urlFilter":"||wp.com/biz.line.naver.jp/line_business/img/btn/addfriends_"},"priority":1},{"id":7667,"action":{"type":"block"},"condition":{"urlFilter":"/wp-content/plugins/wp-tweet-button/*"},"priority":1},{"id":7715,"action":{"type":"block"},"condition":{"urlFilter":"/wp-content/plugins/kadence-simple-share/*"},"priority":1},{"id":7768,"action":{"type":"block"},"condition":{"urlFilter":"/wp-content/plugins/wp-social-bookmarking-light/*"},"priority":1},{"id":7828,"action":{"type":"block"},"condition":{"urlFilter":"||share.donreach.com^","domainType":"thirdParty"},"priority":2},{"id":7875,"action":{"type":"block"},"condition":{"urlFilter":"/plugins/content/jllike/*"},"priority":1},{"id":7911,"action":{"type":"block"},"condition":{"urlFilter":"/Twitter_b_rect.","resourceTypes":["image"]},"priority":101},{"id":7953,"action":{"type":"block"},"condition":{"urlFilter":"/linebutton_","resourceTypes":["image"]},"priority":101},{"id":7991,"action":{"type":"block"},"condition":{"urlFilter":"/wp-content/plugins/add-to-any/addtoany.min."},"priority":1},{"id":8046,"action":{"type":"block"},"condition":{"urlFilter":"/xeory-core/modules/xeory-social/*"},"priority":1},{"id":8091,"action":{"type":"block"},"condition":{"urlFilter":"/simplicity2/images/line-btn"},"priority":1},{"id":8130,"action":{"type":"block"},"condition":{"urlFilter":"||plugins.mixi.jp/favorite.pl"},"priority":1},{"id":8170,"action":{"type":"block"},"condition":{"urlFilter":"||cdn.ampproject.org/v*/amp-social-share-"},"priority":1},{"id":8222,"action":{"type":"block"},"condition":{"urlFilter":"/whatsapp-button."},"priority":1},{"id":8250,"action":{"type":"block"},"condition":{"urlFilter":"||static.mixi.jp/js/share.js","domainType":"thirdParty"},"priority":2},{"id":8304,"action":{"type":"block"},"condition":{"urlFilter":"/wp-content/plugins/cool-image-share/*"},"priority":1},{"id":8353,"action":{"type":"block"},"condition":{"urlFilter":"/wp-content/plugins/instagram-feed/*","excludedResourceTypes":["stylesheet","main_frame"]},"priority":2},{"id":8415,"action":{"type":"block"},"condition":{"urlFilter":"||s3.feedly.com/img/follows/","domainType":"thirdParty"},"priority":2},{"id":8469,"action":{"type":"block"},"condition":{"urlFilter":"/wp-content/plugins/wpupper-share-buttons/*","excludedResourceTypes":["stylesheet","main_frame"]},"priority":2},{"id":8538,"action":{"type":"block"},"condition":{"urlFilter":"/wp-content/plugins/ultimate-social-media-plus/*"},"priority":1},{"id":8597,"action":{"type":"block"},"condition":{"urlFilter":"||st-hatena.com/js/bookmark_button_wo_al.js","domainType":"thirdParty","excludedInitiatorDomains":["hatena.com"]},"priority":3},{"id":8691,"action":{"type":"block"},"condition":{"urlFilter":"/share_icon_"},"priority":1},{"id":8714,"action":{"type":"block"},"condition":{"urlFilter":"/plugins/facebook-page-promoter-","excludedResourceTypes":["stylesheet","main_frame"]},"priority":2},{"id":8772,"action":{"type":"block"},"condition":{"urlFilter":"||flipboard.com/web/buttons/","domainType":"thirdParty"},"priority":2},{"id":8826,"action":{"type":"block"},"condition":{"urlFilter":"||embed.tumblr.com/widgets/share/button","domainType":"thirdParty"},"priority":2},{"id":8891,"action":{"type":"block"},"condition":{"urlFilter":"||platform.tumblr.com/v2/follow_button.html","domainType":"thirdParty"},"priority":2},{"id":8960,"action":{"type":"block"},"condition":{"urlFilter":"/plugins/content/jllikepro/js/buttons."},"priority":1},{"id":9009,"action":{"type":"block"},"condition":{"urlFilter":"/wp-content/plugins/sassy-social-share/*","excludedInitiatorDomains":["nova.rs","n1info.com"]},"priority":2},{"id":9100,"action":{"type":"block"},"condition":{"urlFilter":"/asd.share.buttons/*"},"priority":1},{"id":9131,"action":{"type":"block"},"condition":{"urlFilter":"/copy_to_blog_button_"},"priority":1},{"id":9163,"action":{"type":"block"},"condition":{"urlFilter":"/copy_to_blog_icon_diary.gif"},"priority":1},{"id":9202,"action":{"type":"block"},"condition":{"urlFilter":"/copy_to_blog_icon_liveinternet.gif"},"priority":1},{"id":9248,"action":{"type":"block"},"condition":{"urlFilter":"/copy_to_blog_icon_twitter.gif"},"priority":1},{"id":9289,"action":{"type":"block"},"condition":{"urlFilter":"/fb-like-pop.js"},"priority":1},{"id":9315,"action":{"type":"block"},"condition":{"urlFilter":"/fb-traffic-pop.js"},"priority":1},{"id":9344,"action":{"type":"block"},"condition":{"urlFilter":"/fbautolike.js"},"priority":1},{"id":9369,"action":{"type":"block"},"condition":{"urlFilter":"/fbLikePopup*.js"},"priority":1},{"id":9396,"action":{"type":"block"},"condition":{"urlFilter":"/goodshare/*"},"priority":1},{"id":9419,"action":{"type":"block"},"condition":{"urlFilter":"/heart_it_button.js"},"priority":1},{"id":9449,"action":{"type":"block"},"condition":{"urlFilter":"/icons/share.jpg"},"priority":1},{"id":9476,"action":{"type":"block"},"condition":{"urlFilter":"/images/vk.png","initiatorDomains":["russiancouncil.ru","tapochek.net","cheater-top.ru","epicl2.com","epicwow.com","monolife.ru","mos.ru","playground.moscow"]},"priority":114},{"id":9626,"action":{"type":"block"},"condition":{"urlFilter":"/img/facebook.gif"},"priority":1},{"id":9654,"action":{"type":"block"},"condition":{"urlFilter":"/img/twitter.gif"},"priority":1},{"id":9681,"action":{"type":"block"},"condition":{"urlFilter":"/jquery.shareaholic-publishers-sb.min.js"},"priority":1},{"id":9732,"action":{"type":"block"},"condition":{"urlFilter":"/js/soc_set.js"},"priority":1},{"id":9757,"action":{"type":"block"},"condition":{"urlFilter":"/juiz-social-post-sharer.min.js"},"priority":1},{"id":9799,"action":{"type":"block"},"condition":{"urlFilter":"/likely.css"},"priority":1},{"id":9821,"action":{"type":"block"},"condition":{"urlFilter":"/likely.js","initiatorDomains":["live.skillbox.ru"]},"priority":201},{"id":9878,"action":{"type":"block"},"condition":{"urlFilter":"/mashnet.min.js"},"priority":1},{"id":9904,"action":{"type":"block"},"condition":{"urlFilter":"/mashsb.min.js"},"priority":1},{"id":9929,"action":{"type":"block"},"condition":{"urlFilter":"/plugins/mashsharer/*"},"priority":1},{"id":9961,"action":{"type":"block"},"condition":{"urlFilter":"/plugins/wp-share-to-xing/*"},"priority":1},{"id":9999,"action":{"type":"block"},"condition":{"urlFilter":"/pluso-like.js"},"priority":1},{"id":10024,"action":{"type":"block"},"condition":{"urlFilter":"/promo/facebook.png"},"priority":1},{"id":10054,"action":{"type":"block"},"condition":{"urlFilter":"/promo/twitter.png"},"priority":1},{"id":10083,"action":{"type":"block"},"condition":{"urlFilter":"/share/share1.js"},"priority":1},{"id":10110,"action":{"type":"block"},"condition":{"urlFilter":"/share42-16.js"},"priority":1},{"id":10135,"action":{"type":"block"},"condition":{"urlFilter":"/share42.js","initiatorDomains":["dontreg.ru"]},"priority":201},{"id":10187,"action":{"type":"block"},"condition":{"urlFilter":"/share424.js"},"priority":1},{"id":10210,"action":{"type":"block"},"condition":{"urlFilter":"/share_button.png"},"priority":1},{"id":10238,"action":{"type":"block"},"condition":{"urlFilter":"/shareaholic.js"},"priority":1},{"id":10264,"action":{"type":"block"},"condition":{"urlFilter":"/sharebox.min.js"},"priority":1},{"id":10291,"action":{"type":"block"},"condition":{"urlFilter":"/sharedaddy/sharing.js"},"priority":1},{"id":10324,"action":{"type":"block"},"condition":{"urlFilter":"/sharing_buttons.js"},"priority":1},{"id":10354,"action":{"type":"block"},"condition":{"urlFilter":"/social-likes.min.js","initiatorDomains":["gorod-812.ru","sputnik.by","animalreader.ru","ichip.ru","keddr.com","kino-max.com","make-3d.ru","miuipro.ru","omelchuck.ru","podfm.ru","serial-online.com","sputniknews.com","trinixy.ru","bobfilm-online.ru","westernfilm.ru","bobfilm.tv","kinokrik.net","kinogo720.net","kinoklad.net","farming-simulator15.ru","trikky.ru","trv-science.ru","unzensuriert.at","lizaalert.beeline.ru","megapolisonline.ru","sputniknews.ru","sputnik.kg","1prime.ru","mobnovelty.ru","poisktehniki.ru"]},"priority":105},{"id":10820,"action":{"type":"block"},"condition":{"urlFilter":"/social_networks.js"},"priority":1},{"id":10850,"action":{"type":"block"},"condition":{"urlFilter":"/socialbar-js.php"},"priority":1},{"id":10878,"action":{"type":"block"},"condition":{"urlFilter":"/socialbuttons.js"},"priority":1},{"id":10906,"action":{"type":"block"},"condition":{"urlFilter":"/socialite.js"},"priority":1},{"id":10930,"action":{"type":"block"},"condition":{"urlFilter":"/socialite.min.js"},"priority":1},{"id":10958,"action":{"type":"block"},"condition":{"urlFilter":"/socializ.js"},"priority":1},{"id":10981,"action":{"type":"block"},"condition":{"urlFilter":"/socializ_3.js"},"priority":1},{"id":11006,"action":{"type":"block"},"condition":{"urlFilter":"/socialize.js"},"priority":1},{"id":11030,"action":{"type":"block"},"condition":{"urlFilter":"/socialshareprivacy/*","excludedResourceTypes":["stylesheet","script","main_frame"]},"priority":2},{"id":11086,"action":{"type":"block"},"condition":{"urlFilter":"/src/gstoolbar2/js/tool.js"},"priority":1},{"id":11123,"action":{"type":"block"},"condition":{"urlFilter":"/plugins/ultimate-social-deux/*","excludedResourceTypes":["stylesheet","main_frame"]},"priority":2},{"id":11180,"action":{"type":"block"},"condition":{"urlFilter":"/widget/?45"},"priority":1},{"id":11202,"action":{"type":"block"},"condition":{"urlFilter":"/wp-content/plugins/2-click-socialmedia-buttons/*"},"priority":1},{"id":11262,"action":{"type":"block"},"condition":{"urlFilter":"/wp-content/plugins/aspexi-facebook-like-box"},"priority":1},{"id":11317,"action":{"type":"block"},"condition":{"urlFilter":"/wp-content/plugins/custom-fan-gate-plugin/*"},"priority":1},{"id":11372,"action":{"type":"block"},"condition":{"urlFilter":"/wp-content/plugins/easy-social-share-buttons","excludedInitiatorDomains":["geekculture.co"],"excludedResourceTypes":["stylesheet","main_frame"]},"priority":3},{"id":11472,"action":{"type":"block"},"condition":{"urlFilter":"/wp-content/plugins/facebook-page-promoter-lightbox/*"},"priority":1},{"id":11536,"action":{"type":"block"},"condition":{"urlFilter":"/wp-content/plugins/flare/*"},"priority":1},{"id":11574,"action":{"type":"block"},"condition":{"urlFilter":"/wp-content/plugins/indeed-social-media/*"},"priority":1},{"id":11626,"action":{"type":"block"},"condition":{"urlFilter":"/wp-content/plugins/monarch/*","excludedInitiatorDomains":["elegantthemes.com","philosophia-perennis.com"],"excludedResourceTypes":["font","main_frame"]},"priority":3},{"id":11739,"action":{"type":"block"},"condition":{"urlFilter":"/wp-content/plugins/social-count-plus/*"},"priority":1},{"id":11789,"action":{"type":"block"},"condition":{"urlFilter":"/wp-content/plugins/social-share-buttons-by-supsystic/*"},"priority":1},{"id":11855,"action":{"type":"block"},"condition":{"urlFilter":"/wp-content/plugins/social-warfare/*"},"priority":1},{"id":11902,"action":{"type":"block"},"condition":{"urlFilter":"/wp-content/plugins/wordpress-social-share-buttons/*"},"priority":1},{"id":11965,"action":{"type":"block"},"condition":{"urlFilter":"/wp-socializer/*"},"priority":1},{"id":11992,"action":{"type":"block"},"condition":{"urlFilter":"/zakladki.js"},"priority":1},{"id":12015,"action":{"type":"block"},"condition":{"urlFilter":"_follow_me-b.png"},"priority":1},{"id":12042,"action":{"type":"block"},"condition":{"urlFilter":"_social-button-"},"priority":1},{"id":12068,"action":{"type":"block"},"condition":{"urlFilter":"_social-buttons-"},"priority":1},{"id":12095,"action":{"type":"block"},"condition":{"urlFilter":"images/livejournal"},"priority":1},{"id":12124,"action":{"type":"block"},"condition":{"urlFilter":"lj_bookmarklet"},"priority":1},{"id":12149,"action":{"type":"block"},"condition":{"urlFilter":"/btn_sns_","excludedInitiatorDomains":["nikkan-gendai.com","colopl.co.jp"],"resourceTypes":["image"]},"priority":102},{"id":12230,"action":{"type":"block"},"condition":{"urlFilter":"/icon_kakao."},"priority":1},{"id":12253,"action":{"type":"block"},"condition":{"urlFilter":"/send_kakaotalk."},"priority":1},{"id":12280,"action":{"type":"block"},"condition":{"urlFilter":"/image2006/default/facebook.gif^"},"priority":1},{"id":12323,"action":{"type":"block"},"condition":{"urlFilter":"/image2006/default/google.gif^"},"priority":1},{"id":12364,"action":{"type":"block"},"condition":{"urlFilter":"/image2006/default/me2day.gif^"},"priority":1},{"id":12405,"action":{"type":"block"},"condition":{"urlFilter":"/image2006/default/msn.gif^"},"priority":1},{"id":12443,"action":{"type":"block"},"condition":{"urlFilter":"/image2006/default/naver.gif^"},"priority":1},{"id":12483,"action":{"type":"block"},"condition":{"urlFilter":"/image2006/default/Twitter.gif^"},"priority":1},{"id":12525,"action":{"type":"block"},"condition":{"urlFilter":"/image2006/default/yozm.gif^"},"priority":1},{"id":81971,"action":{"type":"block"},"condition":{"urlFilter":"||platform.twitter.com/widgets.js","initiatorDomains":["akb48matomemory.com","jidounten-lab.com","jocee.jp","gata21.jp","mantan-web.jp","dailygeekshow.com","myoji-yurai.net","connpass.com","journals.asm.org","elplural.com","gadgetrip.jp","tokyo-calendar.jp","replay.tlc.aston.ac.uk","boardingarea.com","tv-in-diretta.it","rakukan.net","ramen.walkerplus.com","pridesource.com","booksprivilege.com","pokeminers.com","equity.jiji.com","zaytung.com","akorda.kz","eldia.com","news.dwango.jp","w-higa.com","daemonanime.net","esports-world.jp","city.tochigi.lg.jp","nationalcrimeagency.gov.uk","zawazawa.jp","fbi.gov","voleybolmagazin.com","speaker.gov","educacionyfp.gob.es","phoenixliteos.com","freesoft-100.com","arknights.wikiru.jp","inps.it","btu.org.ua","nastroyka.zp.ua","dictionary.goo.ne.jp","gemlikgundemgazetesi.com","novynarnia.com","redanianintelligence.com","pensoft.net","esahubble.org","kyodonews.net","manageditmag.co.uk","newzimbabwe.com","downdetector.jp","sporx.com","dive-anime.com","jpost.com","otonari-anime.com","mecicolle.gnavi.co.jp","intellinews.com","4travel.jp","shingeki.tv","jin115.com","cumhuriyet.com.tr","koukouseishinbun.jp","complesso.jp","sundaypost.com","lycoris-recoil.com","biteki.com","bhol.co.il","ilfattoalimentare.it","taishu.jp","ukrinform.pl","ukrinform.jp","ukrinform.fr","ukrinform.de","ukrinform.es","ukrinform.net","natgeo.nikkeibp.co.jp","life.pravda.com.ua","inuhiro-anime.com","murabito-a-anime.com","summertime-anime.com","matomame.jp","en-japan.com","shikimori-anime.com","komisan-official.com","ukrinform.ru","canon-its.jp","rebaltica.lv","cricbuzz.com","bizmates.jp","stardoll.com","yakugakulab.info","colopl.co.jp","carnegie.ru","shamanking-project.com","yakumo-project.com","kamuy-anime.com","kamihiro-anime.com","fugoukeiji-bul.com","heros-ultraman.com","robihachi.jp","heroaca.com","rymansclub.com","promo.kadokawa.co.jp","greatpretender.jp","fireforce-anime.jp","sdesignlabo.com","blog.naverblogwidget.com","gpmradio.ru","end-harem-anime.com","originalnews.nico","archives.gov","nationalchronicle.in","analogictips.com","linearmotiontips.com","skymetweather.com","teyvatsokuho.com","extravelmoney.com","gigafree.net","ifestyle.livemint.com","kidscreen.com","technofaq.org","ingentaconnect.com","boxofficeworldwide.com","downdetector.in","downdetector.com.br","mediamass.net","dinamalar.com","eckovation.com","fx-koryaku.com","oper.ru","sonperiyot.com","infolaw.co.uk","foros.fotech.cl","deathwithdignity.org","interq.or.jp","indulgexpress.com","aktu.ac.in","fastbikesmag.com","actualcomment.ru","airkule.com","akhisarhaber.com","altyazi.net","bartinolay.com","belgeselciyiz.com","belsat.eu","blog.jetbrains.com","brauer-bund.de","btcnewz.com","businessturkeytoday.com","cj3z.com","corgit.xyz","creatorlabs.net","cwbaltimore.com","daemon-hentai.com","der-postillon.com","desimartini.com","discoverskills.com","discoverychannel.com.tr","earthsky.org","efelerhaber.com","egeyonhaber.com","elazigyenihaber.com","ellegirl.ru","erkekadam.org","erzurumajans.com","eurolab.ua","forums.flyer.co.uk","fox38corpuschristi.com","fox47.com","foxkansas.com","foxrichmond.com","gercekizmir.com","gidavitrini.com.tr","govoritmoskva.ru","hentairules.net","hornygamer.com","inforesist.org","jeotermalhaberler.com","jetvis.ru","kachelmannwetter.com","karsolay.com","kbsi23.com","kdsm17.com","kevinpurcell.org","kg-portal.ru","kinopoisk.userecho.com","kp.ua","larende.com","losst.ru","mforos.com","mogilev.online","muchohentai.com","multifilemirror.com","mvs.gov.ua","mytuner-radio.com","mywebtimes.com","namemc.com","news-journalonline.com","nk.org.ua","nkj.ru","noticierodigital.com","ntp-servers.net","obltv.ru","orbita.dn.ua","pctip.ru","podrobnosti.ua","ppt.ru","proglang.su","raider.io","raleighcw.com","real-vin.com","rmj.ru","rusvesna.su","sanatatak.com","seirsanduk.us","sonkaleizmir.com","sp-mobile-blog.com","star64.tv","tayga.info","tomiks33.ru","tqm.com.ua","tva.in.ua","utofiles.com","washingtontimes.com","wcti12.com","womanel.com.ua","wpgh53.com","wtto21.com","wutv29.com","xn----8sbcm1bmcar0m.xn--p1ai","jansatta.com","gunafrica.co.za","opentrackers.org","tv.ua","ewdn.com","meanjin.com.au","radiko.jp","anime.dmkt-sp.jp","bushikaku.net","toyokeizai.net","buzzap.jp","tsubasa.im","kinro.ntv.co.jp","prezydent.pl","blog.lastpass.com","nordot.app","hinode.pics","fumufumunews.jp","fufukokan.af-original.com","xn--gck1f423k.xn--1bvt37a.tools","dietplus.jp","blog.jp"]},"priority":102},{"id":97341,"action":{"type":"block"},"condition":{"urlFilter":"||z-library.sk/components/z-social-sharing.js"},"priority":1},{"id":133021,"action":{"type":"block"},"condition":{"urlFilter":"||blogimg.jp/i6469/imgs/2/9/2962fce9.gif","initiatorDomains":["blog.livedoor.jp"]},"priority":201},{"id":133108,"action":{"type":"block"},"condition":{"urlFilter":"||blogimg.jp/life_goes_on5474-fashion_news/imgs/d/6/d6fa1f4b.gif","initiatorDomains":["blog.livedoor.jp"]},"priority":201},{"id":133351,"action":{"type":"block"},"condition":{"urlFilter":"||vk.com/video_ext.php","initiatorDomains":["iphones.ru"]},"priority":201},{"id":142554,"action":{"type":"block"},"condition":{"urlFilter":"||line-website.com/social-plugins/"},"priority":1},{"id":158013,"action":{"type":"block"},"condition":{"urlFilter":"||taishurx.jp/js/web/sns_header.js"},"priority":1},{"id":170342,"action":{"type":"block"},"condition":{"urlFilter":"||p.potaufeu.asahi.com/sippo/*/sns.js"},"priority":1},{"id":205856,"action":{"type":"block"},"condition":{"urlFilter":"||cdn.ekattor.net/contents/assets/jwshare/share.js"},"priority":1},{"id":218889,"action":{"type":"block"},"condition":{"urlFilter":"||diariodocomercio.com.br/*/img/icons/compartilhar.svg"},"priority":1},{"id":224628,"action":{"type":"block"},"condition":{"urlFilter":"||w.atwiki.jp/common/dist/js/socail_button.js"},"priority":1},{"id":224684,"action":{"type":"block"},"condition":{"urlFilter":"||ssl.pstatic.net/share/js/naver_sharebutton.js"},"priority":1},{"id":227628,"action":{"type":"block"},"condition":{"urlFilter":"||39.benesse.ne.jp/blog/image/housekeep/blog/social/"},"priority":1},{"id":229616,"action":{"type":"block"},"condition":{"urlFilter":"||join.commufa.jp/-/media/Project/commufa/new-join/common/img/sns_icon/icon_*_share.svg"},"priority":1},{"id":237148,"action":{"type":"block"},"condition":{"urlFilter":"||xanimeporn.com/wp-content/*/widgets.js"},"priority":1},{"id":239332,"action":{"type":"block"},"condition":{"urlFilter":"||s.ipaddress.com/shariff/shariff.complete.js"},"priority":1},{"id":240115,"action":{"type":"block"},"condition":{"urlFilter":"||public.imyfone.com/assets/js/media_share/"},"priority":1},{"id":240746,"action":{"type":"block"},"condition":{"urlFilter":"||ministop.co.jp/site_common/js/sns_"},"priority":1},{"id":241715,"action":{"type":"block"},"condition":{"urlFilter":"||m.mimint.co.kr/img/btn_sns.png"},"priority":1},{"id":247378,"action":{"type":"block"},"condition":{"urlFilter":"||cdn.smule.com/assets/community/billing/share@*.png"},"priority":1},{"id":247441,"action":{"type":"block"},"condition":{"urlFilter":"||cdn.smule.com/assets/community/billing/share_hover@*.png"},"priority":1},{"id":259948,"action":{"type":"block"},"condition":{"urlFilter":"||cdn.incheonilbo.com/script/share.sns.js"},"priority":1},{"id":280978,"action":{"type":"block"},"condition":{"urlFilter":"||paparazzi.ru/banners/telegram.jpg"},"priority":1},{"id":295065,"action":{"type":"block"},"condition":{"urlFilter":"||novayagazeta.eu/ic_share_grey_40dp.svg"},"priority":1},{"id":300822,"action":{"type":"block"},"condition":{"urlFilter":"||airportinfo.live/socialshare/jquery-social-share-bar.js"},"priority":1},{"id":322048,"action":{"type":"block"},"condition":{"urlFilter":"||dailian.co.kr/newCommon/icon/share"},"priority":1},{"id":322095,"action":{"type":"block"},"condition":{"urlFilter":"||dailian.co.kr/newCommon/icon/print.svg"},"priority":1},{"id":322422,"action":{"type":"block"},"condition":{"urlFilter":"||newstomato.com/images/icon/ic-share.png"},"priority":1},{"id":324014,"action":{"type":"block"},"condition":{"urlFilter":"||photar.ru/wptelegram/widget/view/"},"priority":1},{"id":327249,"action":{"type":"block"},"condition":{"urlFilter":"||hk.on.cc/*/fb-page.html"},"priority":1},{"id":331695,"action":{"type":"block"},"condition":{"urlFilter":"||realtime-chart.mofi.xyz/image/twitter.png"},"priority":1},{"id":346244,"action":{"type":"block"},"condition":{"urlFilter":"||kookbang.dema.mil.kr/newspaper/*/js/sns.js"},"priority":1},{"id":368944,"action":{"type":"block"},"condition":{"urlFilter":"||cdn.smule.com/assets/community/billing/share-","resourceTypes":["image"]},"priority":101},{"id":384131,"action":{"type":"block"},"condition":{"urlFilter":"||line-apps.com/n/line_add_friends/"},"priority":1},{"id":393792,"action":{"type":"block"},"condition":{"urlFilter":"||uaz.ru/js/analytics/gtm.js"},"priority":1},{"id":394992,"action":{"type":"block"},"condition":{"urlFilter":"||dizimag.info/insert/i/share_"},"priority":1},{"id":408638,"action":{"type":"block"},"condition":{"urlFilter":"||cdn.jsdelivr.net/*/tinyq/dist/tinyquoter","initiatorDomains":["fireflies.ai"]},"priority":201},{"id":429278,"action":{"type":"block"},"condition":{"urlFilter":"||bhol.co.il/forums/media/twitter_full.asp"},"priority":1},{"id":430814,"action":{"type":"block"},"condition":{"urlFilter":"||databaseitalia.it/wptelegram/widget/"},"priority":1},{"id":444562,"action":{"type":"block"},"condition":{"urlFilter":"||script1.kakaku.k-img.com/script/snsbutton.js"},"priority":1},{"id":452998,"action":{"type":"block"},"condition":{"urlFilter":"||mz-cdn.shoeisha.jp/lib/img/cmn/icon_note.svg"},"priority":1},{"id":458101,"action":{"type":"block"},"condition":{"urlFilter":"||kuroutoshikou.com/resource_k/img/h_snsarea_01.png"},"priority":1},{"id":461624,"action":{"type":"block"},"condition":{"urlFilter":"||f-academy.jp/images/common/line-a.png"},"priority":1},{"id":464702,"action":{"type":"block"},"condition":{"urlFilter":"||uploadflix.org/js/share.js"},"priority":1},{"id":470214,"action":{"type":"block"},"condition":{"urlFilter":"||teratail.com/img/icon/share_"},"priority":1},{"id":470633,"action":{"type":"block"},"condition":{"urlFilter":"||yimg.jp/images/news-web/all/images/sns_","initiatorDomains":["news.yahoo.co.jp"]},"priority":201},{"id":473597,"action":{"type":"block"},"condition":{"urlFilter":"||cdnen.rt.com/static/js/services.sharing.js"},"priority":1},{"id":479423,"action":{"type":"block"},"condition":{"urlFilter":"||instagram.astv.ru^"},"priority":1},{"id":479743,"action":{"type":"block"},"condition":{"urlFilter":"||social-plugins.line.me/widget/share?buttonType="},"priority":1},{"id":485304,"action":{"type":"block"},"condition":{"urlFilter":"||viet-jo.com/home/images/icon-evernote.jpg"},"priority":1},{"id":513089,"action":{"type":"block"},"condition":{"urlFilter":"||alexonsager.net/pokemon/facebook.png"},"priority":1},{"id":513138,"action":{"type":"block"},"condition":{"urlFilter":"||alexonsager.net/pokemon/twitter.png"},"priority":1},{"id":516888,"action":{"type":"block"},"condition":{"urlFilter":"||discordapp.com/widget?id=","domainType":"thirdParty"},"priority":2},{"id":520933,"action":{"type":"block"},"condition":{"urlFilter":"/files/tgparser/*","initiatorDomains":["armeniasputnik.am","sputniknews.ru","sputnik.kg","sputnik-abkhazia.ru","sputnik.kz","sputnik-georgia.ru","sputnik-ossetia.ru"]},"priority":116},{"id":527663,"action":{"type":"block"},"condition":{"urlFilter":"||square-enix.com/common/templates/images/footer/share_"},"priority":1},{"id":528449,"action":{"type":"block"},"condition":{"urlFilter":"||newsweekjapan.jp/js/sns.js"},"priority":1},{"id":528488,"action":{"type":"block"},"condition":{"urlFilter":"||newsweekjapan.jp/js/sp/sns.js"},"priority":1},{"id":528823,"action":{"type":"block"},"condition":{"urlFilter":"||u.xgoo.jp/img/sns/button/"},"priority":1},{"id":542157,"action":{"type":"block"},"condition":{"urlFilter":"||widget.crowdynews.com/OneIndia_home-horizontal.js","initiatorDomains":["oneindia.com"]},"priority":201},{"id":546147,"action":{"type":"block"},"condition":{"urlFilter":"||cache.ltn.com.tw/js/c.js"},"priority":1},{"id":551385,"action":{"type":"block"},"condition":{"urlFilter":"||cashify.in/static/post/svgs/share-*.svg"},"priority":1},{"id":555698,"action":{"type":"block"},"condition":{"urlFilter":"||mer-web.jp/wp-content/themes/mer/images/icon-sns-"},"priority":1},{"id":557791,"action":{"type":"block"},"condition":{"urlFilter":"||hwc.reachout.com/dist/NROShare/NROShare.umd.js"},"priority":1},{"id":570113,"action":{"type":"block"},"condition":{"urlFilter":"||gamek.mediacdn.vn/Images/btnlike.PNG"},"priority":1},{"id":581514,"action":{"type":"block"},"condition":{"urlFilter":"||hh-online.jp/ec/shop/*/images/goods/sns_fb.png"},"priority":1},{"id":587683,"action":{"type":"block"},"condition":{"urlFilter":"||beplus.prod.beplus.solutions/sdk/core/latest/bp.js","initiatorDomains":["sonperiyot.com"]},"priority":201},{"id":601051,"action":{"type":"block"},"condition":{"urlFilter":"||cdn.bibliatodo.com/assets/img/recursos/compartir/c1.png"},"priority":1},{"id":604578,"action":{"type":"block"},"condition":{"urlFilter":"||demotywatory.pl/res/img/layout/share-stylowi.gif"},"priority":1},{"id":608760,"action":{"type":"block"},"condition":{"urlFilter":"||s-nk.pl/script/nk_widgets/nk_widget_fajne_embed","initiatorDomains":["tvp.pl"]},"priority":201},{"id":612789,"action":{"type":"block"},"condition":{"urlFilter":"||seesaawiki.jp/js/evernote/"},"priority":1},{"id":612828,"action":{"type":"block"},"condition":{"urlFilter":"||seesaawiki.jp/img/usr_second/common/bt_tumblr.gif"},"priority":1},{"id":616661,"action":{"type":"block"},"condition":{"urlFilter":"||instagram.com/p/*/embed/","initiatorDomains":["hotline.ua"]},"priority":201},{"id":617533,"action":{"type":"block"},"condition":{"urlFilter":"||numero.wiki/s/share-desktop.png"},"priority":1},{"id":618407,"action":{"type":"block"},"condition":{"urlFilter":"||psychologies.ru/*/blocks/psy_zen_promo_*.jpg"},"priority":1},{"id":619047,"action":{"type":"block"},"condition":{"urlFilter":"||player.daznservices.com/player/releases/v*/unfilled/share.chunk.js","initiatorDomains":["goal.com"]},"priority":201},{"id":623809,"action":{"type":"block"},"condition":{"urlFilter":"||unilad.co.uk/assets/twitter."},"priority":1},{"id":623850,"action":{"type":"block"},"condition":{"urlFilter":"||unilad.co.uk/assets/facebook."},"priority":1},{"id":628879,"action":{"type":"block"},"condition":{"urlFilter":"||utorrent.com/scripts/social/get_tweet.php"},"priority":1},{"id":631401,"action":{"type":"block"},"condition":{"urlFilter":"||averin.pro/widget.php"},"priority":1},{"id":649708,"action":{"type":"block"},"condition":{"urlFilter":"||gazeta-misto.te.ua/wp-content/themes/CherryFramework/*/remodal"},"priority":1},{"id":652231,"action":{"type":"block"},"condition":{"urlFilter":"||livingtraditionally.com/wp-content/cache/min/1/f6d40e07318704badcdcdac0aff1556a.js"},"priority":1},{"id":658046,"action":{"type":"block"},"condition":{"urlFilter":"||kraj.by/data/img/news/settings/subscribe/","resourceTypes":["image"]},"priority":101},{"id":659595,"action":{"type":"block"},"condition":{"urlFilter":"||maximp3.ru/js/goodshare.js"},"priority":1},{"id":662670,"action":{"type":"block"},"condition":{"urlFilter":"||m.imgur.com/js/share.*.bundle.js"},"priority":1},{"id":662996,"action":{"type":"block"},"condition":{"urlFilter":"||cdn.st-note.com/js/social_button.min.js"},"priority":1},{"id":685103,"action":{"type":"block"},"condition":{"urlFilter":"||getsocial.io/*/gs_async.js","domainType":"thirdParty"},"priority":2},{"id":693664,"action":{"type":"block"},"condition":{"urlFilter":"||apigw.scmp.com/share-count/"},"priority":1},{"id":720994,"action":{"type":"block"},"condition":{"urlFilter":"||discordapp.com/widget?id=","initiatorDomains":["creatorlabs.net"]},"priority":201},{"id":728151,"action":{"type":"block"},"condition":{"urlFilter":"||gotchosen.com^","initiatorDomains":["footwearnews.com"]},"priority":201},{"id":730363,"action":{"type":"block"},"condition":{"urlFilter":"||lasmax.com.tr/images/fa.png"},"priority":1},{"id":747660,"action":{"type":"block"},"condition":{"urlFilter":"||goldtalant.com.ua/wp-content/uploads/2019/04/hosting.png"},"priority":1},{"id":751855,"action":{"type":"block"},"condition":{"urlFilter":"||58b.tv/static/js/assets.js"},"priority":1},{"id":777691,"action":{"type":"block"},"condition":{"urlFilter":"||code.bildstatic.de/*/min/core/js/simple/de.bild.sharingBar.js"},"priority":1},{"id":792644,"action":{"type":"block"},"condition":{"urlFilter":"||image.inforesist.org/uploads/2016/06/viber2.png"},"priority":1},{"id":796102,"action":{"type":"block"},"condition":{"urlFilter":"||yeroshka.europaplus.ru/inwidget/index.php"},"priority":1},{"id":799425,"action":{"type":"block"},"condition":{"urlFilter":"||atmarkit.co.jp/js/socialbutton.js"},"priority":1},{"id":800463,"action":{"type":"block"},"condition":{"urlFilter":"||blog.seesaa.jp/js/bl-bookmarks-phone.js"},"priority":1},{"id":809240,"action":{"type":"block"},"condition":{"urlFilter":"||draugiem.lv/say/ext/recommend.php","domainType":"thirdParty"},"priority":2},{"id":809301,"action":{"type":"block"},"condition":{"urlFilter":"||draugiem.lv/say/ext/like.php","domainType":"thirdParty"},"priority":2},{"id":809357,"action":{"type":"block"},"condition":{"urlFilter":"||draugiem.lv/lapas/widgets/","domainType":"thirdParty"},"priority":2},{"id":809411,"action":{"type":"block"},"condition":{"urlFilter":"||draugiem.lv/business/ext/follow/","domainType":"thirdParty"},"priority":2},{"id":809471,"action":{"type":"block"},"condition":{"urlFilter":"||draugiem.lv/business/ext/fans/","domainType":"thirdParty"},"priority":2},{"id":809529,"action":{"type":"block"},"condition":{"urlFilter":"||draugiem.lv^*/js/fans/","domainType":"thirdParty"},"priority":2},{"id":823094,"action":{"type":"block"},"condition":{"urlFilter":"||27sysday.ru/wp-content/plugins/social-by-webnavoz/"},"priority":1},{"id":834190,"action":{"type":"block"},"condition":{"urlFilter":"||social-plugins.line.me/widget^","domainType":"thirdParty"},"priority":2},{"id":847134,"action":{"type":"block"},"condition":{"urlFilter":"||cizgifilm.in/images/cizgi_filmi_facebookta_paylas.gif"},"priority":1},{"id":863699,"action":{"type":"block"},"condition":{"urlFilter":"||html-online.com/like.html"},"priority":1},{"id":867392,"action":{"type":"block"},"condition":{"urlFilter":"||d5k6iufjynyu8.cloudfront.net/script/button.js"},"priority":1},{"id":871484,"action":{"type":"block"},"condition":{"urlFilter":"||destekdukkan.com/images/sosyal.png"},"priority":1},{"id":874126,"action":{"type":"block"},"condition":{"urlFilter":"||sp.zalo.me/plugins/share?dev=","domainType":"thirdParty"},"priority":2},{"id":874183,"action":{"type":"block"},"condition":{"urlFilter":"||sp.zalo.me/plugins/follow_only^","domainType":"thirdParty"},"priority":2},{"id":874242,"action":{"type":"block"},"condition":{"urlFilter":"||sp.zalo.me/plugins/follow?","domainType":"thirdParty"},"priority":2},{"id":882668,"action":{"type":"block"},"condition":{"urlFilter":"||kobinet-nachrichten.org/themes/publication*/_js/share.js"},"priority":1},{"id":882737,"action":{"type":"block"},"condition":{"urlFilter":"/pandalocker.","initiatorDomains":["lanka.ru"],"resourceTypes":["script"]},"priority":301},{"id":884074,"action":{"type":"block"},"condition":{"urlFilter":"||graph.facebook.com/?ids=*&fields=*share_count"},"priority":1},{"id":884642,"action":{"type":"block"},"condition":{"urlFilter":"||getsocial.io/widget/","domainType":"thirdParty"},"priority":2},{"id":885240,"action":{"type":"block"},"condition":{"urlFilter":"/tema/facebook.gif","initiatorDomains":["abamedya.com"]},"priority":201},{"id":887692,"action":{"type":"block"},"condition":{"urlFilter":"||futbolcafetv1.org/like.html"},"priority":1},{"id":889241,"action":{"type":"block"},"condition":{"urlFilter":"||kukudas.com/skin/board/JBoard/img/sns_*.png"},"priority":1},{"id":889744,"action":{"type":"block"},"condition":{"urlFilter":"||mangafox.la/fb.html"},"priority":1},{"id":892153,"action":{"type":"block"},"condition":{"urlFilter":"||vuukle.com/widgets/powerbar/","domainType":"thirdParty"},"priority":2},{"id":892324,"action":{"type":"block"},"condition":{"urlFilter":"||behindwoods.com/cmsadmin/images/share.png"},"priority":1},{"id":896839,"action":{"type":"block"},"condition":{"urlFilter":"||api-read.facebook.com/restserver.php?api_key=","domainType":"thirdParty"},"priority":2},{"id":896912,"action":{"type":"block"},"condition":{"urlFilter":"||facebook.com/restserver.php?*.getStats&","domainType":"thirdParty"},"priority":2},{"id":898760,"action":{"type":"block"},"condition":{"urlFilter":"||it-like.ru/res/plugins/share42_mob/share42_mob.js"},"priority":1},{"id":911703,"action":{"type":"block"},"condition":{"urlFilter":"||shariki-games.ru/images/auchan_bg.jpg"},"priority":1},{"id":912035,"action":{"type":"block"},"condition":{"urlFilter":"||img-css.friends.yandex.net//js/api/Share.js"},"priority":1},{"id":914011,"action":{"type":"block"},"condition":{"urlFilter":"||olkem.az/wp-content/themes/olkem11/images/sosyal/"},"priority":1},{"id":914377,"action":{"type":"block"},"condition":{"urlFilter":"||syndication.twimg.com/widgets/","domainType":"thirdParty","initiatorDomains":["gazetadaily.ru"]},"priority":202},{"id":914789,"action":{"type":"block"},"condition":{"urlFilter":"||azadliq.az/wp-content/themes/azadliqv1/images/sosyal/"},"priority":1},{"id":917830,"action":{"type":"block"},"condition":{"urlFilter":"||jetsetter.ua/thema/*/img/bg_home/"},"priority":1},{"id":917876,"action":{"type":"block"},"condition":{"urlFilter":"||brd24.com/up/rk/"},"priority":1},{"id":917905,"action":{"type":"block"},"condition":{"urlFilter":"||kstati.dp.ua/sites/default/files/banner_reclama/"},"priority":1},{"id":922341,"action":{"type":"block"},"condition":{"urlFilter":"||finikeakdeniz.com.tr/images/facebook.png"},"priority":1},{"id":922485,"action":{"type":"block"},"condition":{"urlFilter":"||kahtagundem.com/i/share-","resourceTypes":["image"]},"priority":101},{"id":926215,"action":{"type":"block"},"condition":{"urlFilter":"||spielesite.com/*/share/?ref"},"priority":1},{"id":928094,"action":{"type":"block"},"condition":{"urlFilter":"||karakartal.com/_iframe/haber_paylas_kutular.php?"},"priority":1},{"id":987101,"action":{"type":"block"},"condition":{"urlFilter":"/jquery.fancybox.pack.js","initiatorDomains":["ultraslan.com"]},"priority":201},{"id":987169,"action":{"type":"block"},"condition":{"urlFilter":"/s_code.js","initiatorDomains":["ge.com"]},"priority":201},{"id":996882,"action":{"type":"block"},"condition":{"urlFilter":"||akgazete.com.tr/assets/frontend/js/jquery-confirm.min.js"},"priority":1},{"id":996951,"action":{"type":"block"},"condition":{"urlFilter":"||anti-malware.ru/misc/footer_follow.js"},"priority":1},{"id":997001,"action":{"type":"block"},"condition":{"urlFilter":"||api.pinterest.com/*/urls/count.json?callback=jQuery*&url=","domainType":"thirdParty"},"priority":2},{"id":997086,"action":{"type":"block"},"condition":{"urlFilter":"||blogger.com/followers.g?blogID"},"priority":1},{"id":997129,"action":{"type":"block"},"condition":{"urlFilter":"||bursadabugun.com/socialmediabox.php"},"priority":1},{"id":997177,"action":{"type":"block"},"condition":{"urlFilter":"||nastroisam.ru/share/vkg.png"},"priority":1},{"id":997217,"action":{"type":"block"},"condition":{"urlFilter":"||cdn.comss.net/action/vk_comss.png"},"priority":1},{"id":997407,"action":{"type":"block"},"condition":{"urlFilter":"||cdn.yeniakit.com.tr/images/share.png"},"priority":1},{"id":997456,"action":{"type":"block"},"condition":{"urlFilter":"||connect.ok.ru/dk?st.cmd=WidgetShare","initiatorDomains":["gazeta.ua"]},"priority":201},{"id":997533,"action":{"type":"block"},"condition":{"urlFilter":"||cumhuriyet.com.tr/image/share_facebook.gif"},"priority":1},{"id":997588,"action":{"type":"block"},"condition":{"urlFilter":"||eventsfolder.ru/templates/ef/js/lockers-ru_*.min.js"},"priority":1},{"id":997652,"action":{"type":"block"},"condition":{"urlFilter":"||focus.de/resources/*/js/swapgate.js"},"priority":1},{"id":997700,"action":{"type":"block"},"condition":{"urlFilter":"||focus.de/resources/*/singlepost_complain_q.png"},"priority":1},{"id":997759,"action":{"type":"block"},"condition":{"urlFilter":"||focus.lv/social_*.html"},"priority":1},{"id":997794,"action":{"type":"block"},"condition":{"urlFilter":"||googledrive.com/host/0B0RbcxkKer_INWJtWm5MT1JCdU0"},"priority":1},{"id":997856,"action":{"type":"block"},"condition":{"urlFilter":"||graph.facebook.com/?*id=http://","domainType":"thirdParty"},"priority":2},{"id":997915,"action":{"type":"block"},"condition":{"urlFilter":"||graph.facebook.com/?*id=https://","domainType":"thirdParty"},"priority":2},{"id":997975,"action":{"type":"block"},"condition":{"urlFilter":"||graph.facebook.com/?callback=*&ids=http://","domainType":"thirdParty"},"priority":2},{"id":998045,"action":{"type":"block"},"condition":{"urlFilter":"||graph.facebook.com/?callback=*&ids=https://","domainType":"thirdParty"},"priority":2},{"id":998116,"action":{"type":"block"},"condition":{"urlFilter":"||grfx.cstv.com/scripts/csui/twitterfeed/"},"priority":1},{"id":998168,"action":{"type":"block"},"condition":{"urlFilter":"||ia.media-imdb.com/images/*/imdb/html/facebook-"},"priority":1},{"id":998227,"action":{"type":"block"},"condition":{"urlFilter":"||ia.media-imdb.com/images/*/imdb/html/twitter-"},"priority":1},{"id":998285,"action":{"type":"block"},"condition":{"urlFilter":"||informpskov.ru/instagram_widget/"},"priority":1},{"id":998330,"action":{"type":"block"},"condition":{"urlFilter":"||infranken.de/fileadmin/scripts/shariff/"},"priority":1},{"id":998382,"action":{"type":"block"},"condition":{"urlFilter":"||infranken.de/fileadmin/scripts/socialshareprivacy/"},"priority":1},{"id":998445,"action":{"type":"block"},"condition":{"urlFilter":"||innovationmanagement.se/wp-content/themes/IM-5-0/js/jquery.sharrre.min.js"},"priority":1},{"id":998531,"action":{"type":"block"},"condition":{"urlFilter":"||iplsc.com/internal/inpl.social/","initiatorDomains":["interia.pl"]},"priority":201},{"id":998605,"action":{"type":"block"},"condition":{"urlFilter":"||joinfo.ua/js/share"},"priority":1},{"id":998636,"action":{"type":"block"},"condition":{"urlFilter":"||kaldata.com/js/cookieconsent.latest.min.js"},"priority":1},{"id":998691,"action":{"type":"block"},"condition":{"urlFilter":"||kaufland.de/Global/Script/facebook_toolbox.js"},"priority":1},{"id":998749,"action":{"type":"block"},"condition":{"urlFilter":"||kino-online.tv/soc/*.js"},"priority":1},{"id":998785,"action":{"type":"block"},"condition":{"urlFilter":"||kinokadr.ru/includes/count.js"},"priority":1},{"id":998827,"action":{"type":"block"},"condition":{"urlFilter":"||knopka.fishurl.ru"},"priority":1},{"id":998857,"action":{"type":"block"},"condition":{"urlFilter":"||m.sporx.com/_js/interstitial_check.php"},"priority":1},{"id":998908,"action":{"type":"block"},"condition":{"urlFilter":"||mediafire.com/dynamic/socialmedia-share-buttons.php"},"priority":1},{"id":998972,"action":{"type":"block"},"condition":{"urlFilter":"||mediametrics.ru/rating/ru/online.html"},"priority":1},{"id":999022,"action":{"type":"block"},"condition":{"urlFilter":"||meduza.io/api/*/social?links"},"priority":1},{"id":999063,"action":{"type":"block"},"condition":{"urlFilter":"||msilab.net/js/share/share.js"},"priority":1},{"id":999104,"action":{"type":"block"},"condition":{"urlFilter":"||multiup.org/img/share/"},"priority":1},{"id":999139,"action":{"type":"block"},"condition":{"urlFilter":"||new-rutor.org/js/blocked.js"},"priority":1},{"id":999179,"action":{"type":"block"},"condition":{"urlFilter":"||nichosy.ru/wp-content/plugins/wordpress-popup/js/public.min.js"},"priority":1},{"id":999254,"action":{"type":"block"},"condition":{"urlFilter":"||noi.md/css/facebook-popup.css"},"priority":1},{"id":999296,"action":{"type":"block"},"condition":{"urlFilter":"||personalaudio.ru/bitrix/components/bitrix/main.share/"},"priority":1},{"id":999362,"action":{"type":"block"},"condition":{"urlFilter":"||rbk.ru/*/xtcore.js"},"priority":1},{"id":999393,"action":{"type":"block"},"condition":{"urlFilter":"||referrer.disqus.com/juggler/stat.gif"},"priority":1},{"id":999442,"action":{"type":"block"},"condition":{"urlFilter":"||rusradio.ru/upload/images/js/additional.js"},"priority":1},{"id":999497,"action":{"type":"block"},"condition":{"urlFilter":"||s.hurriyet.com.tr/static/scripts/socialApi/scripts/sosyal.widget"},"priority":1},{"id":999574,"action":{"type":"block"},"condition":{"urlFilter":"||s1.softpedia-static.com/base_img/tweetn.png"},"priority":1},{"id":999630,"action":{"type":"block"},"condition":{"urlFilter":"||satsis.ru/img/share.js"},"priority":1},{"id":999665,"action":{"type":"block"},"condition":{"urlFilter":"||seasonvar.ru/js/b_script.js"},"priority":1},{"id":999705,"action":{"type":"block"},"condition":{"urlFilter":"||share.baidu.com^","domainType":"thirdParty"},"priority":2},{"id":999749,"action":{"type":"block"},"condition":{"urlFilter":"||sletat.ru/Services/SletatCounter.ashx"},"priority":1},{"id":999799,"action":{"type":"block"},"condition":{"urlFilter":"||sol-online.ru/art/"},"priority":1},{"id":999830,"action":{"type":"block"},"condition":{"urlFilter":"||static.zakon.kz/static_zakon/www/yandex_share.js"},"priority":1},{"id":999891,"action":{"type":"block"},"condition":{"urlFilter":"||strana.in.ua/templates/*/js/popup.js"},"priority":1},{"id":999940,"action":{"type":"block"},"condition":{"urlFilter":"||stranamam.ru/i/share_icons.png"},"priority":1},{"id":999983,"action":{"type":"block"},"condition":{"urlFilter":"||svit24.net/media/mod_pwebbox/js/mootools.pwebbox.js"},"priority":1},{"id":1000047,"action":{"type":"block"},"condition":{"urlFilter":"||thelocal.se/assets/common/image/article-social/"},"priority":1},{"id":1000107,"action":{"type":"block"},"condition":{"urlFilter":"||torbina.com/misc/js/social.js"},"priority":1},{"id":1000149,"action":{"type":"block"},"condition":{"urlFilter":"||trimay.ru/?"},"priority":1},{"id":1000173,"action":{"type":"block"},"condition":{"urlFilter":"||ultramir.net/templates/ultramir/js/popup.js"},"priority":1},{"id":1000229,"action":{"type":"block"},"condition":{"urlFilter":"||utsports.com/library/scripts/custom/shareLinks.js"},"priority":1},{"id":1000291,"action":{"type":"block"},"condition":{"urlFilter":"||virusinfo.info/helper_statistic/footer_follow.js"},"priority":1},{"id":1000352,"action":{"type":"block"},"condition":{"urlFilter":"||widget.breakingburner.com/js/jwidget.js","initiatorDomains":["novayagazeta.ru"]},"priority":201},{"id":1000439,"action":{"type":"block"},"condition":{"urlFilter":"||workingkeys.org/wp-content/plugins/social-locker/"},"priority":1},{"id":1000501,"action":{"type":"block"},"condition":{"urlFilter":"||wow.ya.ru/ajax/share-counter.xml","domainType":"thirdParty"},"priority":2},{"id":1000561,"action":{"type":"block"},"condition":{"urlFilter":"||yandex.st/share/static/b-share-icon.png"},"priority":1},{"id":1187940,"action":{"type":"block"},"condition":{"urlFilter":"href^=\"https://facebook.com/sharer?u="},"priority":1},{"id":1233329,"action":{"type":"block"},"condition":{"urlFilter":"/wp-content/plugins/ays-facebook-popup-likebox/*"},"priority":1},{"id":1233427,"action":{"type":"block"},"condition":{"urlFilter":"/cdn-cgi/pe/bag2?r[]=*mailget.net"},"priority":1},{"id":1233471,"action":{"type":"block"},"condition":{"urlFilter":"/wp-content/plugins/easy-facebook-likebox/*"},"priority":1},{"id":1233525,"action":{"type":"block"},"condition":{"urlFilter":"/wp-content/plugins/facebook-fanbox-popup/*"},"priority":1},{"id":1233579,"action":{"type":"block"},"condition":{"urlFilter":"||cdn-library.su/plusonet/lib/","excludedInitiatorDomains":["pluso.net"]},"priority":2},{"id":1233650,"action":{"type":"block"},"condition":{"urlFilter":"||mailget.net^","domainType":"thirdParty"},"priority":2},{"id":1233690,"action":{"type":"block"},"condition":{"urlFilter":"||my.hellobar.com^","domainType":"thirdParty"},"priority":2},{"id":1238569,"action":{"type":"block"},"condition":{"urlFilter":"||penzcentrum.hu/assets/js/bioep.min.js"},"priority":1},{"id":1239190,"action":{"type":"block"},"condition":{"urlFilter":"||supersadovnik.ru/Content/scripts/bother.js"},"priority":1},{"id":1239515,"action":{"type":"block"},"condition":{"urlFilter":"||techashi.com/wp-content/plugins/wp-popups-lite/src/assets/*/wppopups"},"priority":1},{"id":1240115,"action":{"type":"block"},"condition":{"urlFilter":"||unpkg.com/micromodal*/dist/micromodal.min.js","initiatorDomains":["versii.if.ua"]},"priority":201},{"id":1241219,"action":{"type":"block"},"condition":{"urlFilter":"||agroter.com.ua/wp-content/themes/covernews/js/remodal.js"},"priority":1},{"id":1242676,"action":{"type":"block"},"condition":{"urlFilter":"||news.dn.ua/templates/defau/js/jquery-modal.js"},"priority":1},{"id":1243306,"action":{"type":"block"},"condition":{"urlFilter":"||aykiri.com.tr/template/js/jquery.modal.js"},"priority":1},{"id":1246143,"action":{"type":"block"},"condition":{"urlFilter":"||animedia.online/arcticmodal/jquery.arcticmodal.min.js"},"priority":1},{"id":1250504,"action":{"type":"block"},"condition":{"urlFilter":"||inffuse-fbpopup.appspot.com/widget.html"},"priority":1},{"id":1251955,"action":{"type":"block"},"condition":{"urlFilter":"/wp-content/uploads/pum/*","initiatorDomains":["real-vin.com","thelinuxcode.com"]},"priority":151},{"id":1253085,"action":{"type":"block"},"condition":{"urlFilter":"||bestofthelist.com/wp-content/plugins/dc-facebook-like-box-popup-increase-facebook-fans^"},"priority":1},{"id":1253395,"action":{"type":"block"},"condition":{"urlFilter":"||xcom.me/wp-content/plugins/popup-maker/"},"priority":1},{"id":1256726,"action":{"type":"block"},"condition":{"urlFilter":"||weather.com/sites/all/modules/glomo/modules/glomo_like_gate/"},"priority":1},{"id":1257239,"action":{"type":"block"},"condition":{"urlFilter":"||kinosklad.net/templates/kinosklad/js/jquery.arcticmodal.min.js"},"priority":1},{"id":1257544,"action":{"type":"block"},"condition":{"urlFilter":"||focus.de/resources/*/js/*likegate.js"},"priority":1},{"id":1258082,"action":{"type":"block"},"condition":{"urlFilter":"||kibrissondakika.com/wp-content/plugins/popup-maker/"},"priority":1},{"id":1262543,"action":{"type":"block"},"condition":{"urlFilter":"||cache.ltn.com.tw/js/fb_mask.js"},"priority":1},{"id":1262586,"action":{"type":"block"},"condition":{"urlFilter":"||iz.com.ua/arcticmodal/jquery.arcticmodal.js"},"priority":1},{"id":1262642,"action":{"type":"block"},"condition":{"urlFilter":"||sud.ua/js/jquery.arcticmodal*.min.js"},"priority":1},{"id":1262691,"action":{"type":"block"},"condition":{"urlFilter":"||ufatime.ru/st/libs/magnific/jquery.magnific-popup.min.js"},"priority":1},{"id":1271300,"action":{"type":"allow"},"condition":{"urlFilter":"||yastatic.net/share2/share.js","initiatorDomains":["wdho.ru"]},"priority":100201},{"id":1271429,"action":{"type":"allow"},"condition":{"urlFilter":"||vk.com/js/api/share.js","initiatorDomains":["zelenograd.ru"]},"priority":100201},{"id":1271759,"action":{"type":"allow"},"condition":{"urlFilter":"||facebook.com/*/plugins/","initiatorDomains":["portal.munimolina.gob.pe"]},"priority":100201},{"id":1271839,"action":{"type":"allow"},"condition":{"urlFilter":"||sharethis.com/button/buttons.js","initiatorDomains":["bristan.com"]},"priority":100201},{"id":1272303,"action":{"type":"allow"},"condition":{"urlFilter":"||platform.linkedin.com/in.js","initiatorDomains":["jobs.deepl.com"]},"priority":100201},{"id":1272914,"action":{"type":"allow"},"condition":{"urlFilter":"||static.addtoany.com/menu/page.js","initiatorDomains":["mgmanager.gr"]},"priority":100201},{"id":1272991,"action":{"type":"allow"},"condition":{"urlFilter":"||redgifs.com/*/share_icon_red-","domainType":"firstParty","resourceTypes":["stylesheet","script"]},"priority":100077},{"id":1273469,"action":{"type":"allow"},"condition":{"urlFilter":"||facebook.com/plugins/like_box.php","initiatorDomains":["fenix-magazin.de"]},"priority":100201},{"id":1273771,"action":{"type":"allow"},"condition":{"urlFilter":"||platform.linkedin.com/in.js","initiatorDomains":["jobs.intervalgroup.com"]},"priority":100201},{"id":1274041,"action":{"type":"allow"},"condition":{"urlFilter":"||woobox.com/js/plugins/woo.js","initiatorDomains":["linenchest.com"]},"priority":100201},{"id":1274116,"action":{"type":"allow"},"condition":{"urlFilter":"||woobox.com/*?embed=","initiatorDomains":["linenchest.com"]},"priority":100201},{"id":1274580,"action":{"type":"allow"},"condition":{"urlFilter":"||platform.twitter.com/oct.js","initiatorDomains":["ncsoft.jp"]},"priority":100201},{"id":1274700,"action":{"type":"redirect","redirect":{"extensionPath":"/web-accessible-resources/redirects/noopjs.js"}},"condition":{"urlFilter":"||addthis.com/js/*/addthis_widget.js","initiatorDomains":["stagecoachbus.com"],"resourceTypes":["script"]},"priority":1301},{"id":1275198,"action":{"type":"allow"},"condition":{"urlFilter":"||yastatic.net/*/share.js","initiatorDomains":["alpinabook.ru"]},"priority":100201},{"id":1275322,"action":{"type":"allow"},"condition":{"urlFilter":"||static.addtoany.com/menu/page.js","initiatorDomains":["suttonquebec.com"]},"priority":100201},{"id":1275679,"action":{"type":"allow"},"condition":{"urlFilter":"||yastatic.net/share2/share.js","initiatorDomains":["kontur-extern.ru"]},"priority":100201},{"id":1282658,"action":{"type":"allow"},"condition":{"urlFilter":"||yastatic.net/share2/share.js","initiatorDomains":["krasnoyarskmedia.ru"]},"priority":100201},{"id":1282789,"action":{"type":"allow"},"condition":{"urlFilter":"||sharethis.com^","initiatorDomains":["amur.info"]},"priority":100201},{"id":1282959,"action":{"type":"allow"},"condition":{"urlFilter":"||addthis.com/js/*/addthis_widget.js","initiatorDomains":["glarysoft.com"]},"priority":100201},{"id":1283715,"action":{"type":"allow"},"condition":{"urlFilter":"||static.addtoany.com/menu/page.js","initiatorDomains":["stomp.straitstimes.com"]},"priority":100201},{"id":1284191,"action":{"type":"allow"},"condition":{"urlFilter":"||static.addtoany.com/menu/page.js","initiatorDomains":["tiny.cc"]},"priority":100201},{"id":1284827,"action":{"type":"allow"},"condition":{"urlFilter":"||misssuomi.fi/wp-content/plugins/instagram-feed/"},"priority":100001},{"id":1284995,"action":{"type":"allow"},"condition":{"urlFilter":"||vk.com/js/api/share.js","initiatorDomains":["golf.ru"]},"priority":100201},{"id":1285361,"action":{"type":"allow"},"condition":{"urlFilter":"||smallcaps.com.au/wp-content/plugins/mashshare","initiatorDomains":["smallcaps.com.au"]},"priority":100201},{"id":1285908,"action":{"type":"allow"},"condition":{"urlFilter":"||cdn.ampproject.org/v0/amp-social-share-0.1.js","initiatorDomains":["gendai.media"]},"priority":100201},{"id":1288448,"action":{"type":"allow"},"condition":{"urlFilter":"||platform.twitter.com/js/button.","initiatorDomains":["monsterhunter.com"]},"priority":100201},{"id":1288529,"action":{"type":"allow"},"condition":{"urlFilter":"||platform.twitter.com/widgets/follow_button.","initiatorDomains":["monsterhunter.com"]},"priority":100201},{"id":1288976,"action":{"type":"allow"},"condition":{"urlFilter":"||f-cdn.com/assets/main/*/*freelancer_ui_social-button-*.js","initiatorDomains":["freelancer.ae","freelancer.ai","freelancer.app","freelancer.be","freelancer.ca","freelancer.cc","freelancer.cl","freelancer.club","freelancer.cn","freelancer.co","freelancer.co.id","freelancer.co.ke","freelancer.co.kr","freelancer.co.nz","freelancer.co.th","freelancer.co.uk","freelancer.co.za","freelancer.com","freelancer.com.ar","freelancer.com.au","freelancer.com.bd","freelancer.com.br","freelancer.com.co","freelancer.com.np","freelancer.com.pe","freelancer.com.ua","freelancer.cz","freelancer.de","freelancer.dev","freelancer.dz","freelancer.es","freelancer.eu","freelancer.fr","freelancer.gr","freelancer.hk","freelancer.hu","freelancer.ie","freelancer.in","freelancer.is","freelancer.jp","freelancer.kg","freelancer.lv","freelancer.ma","freelancer.me","freelancer.mobi","freelancer.mx","freelancer.net.ua","freelancer.nl","freelancer.no","freelancer.org.tr","freelancer.ph","freelancer.pk","freelancer.pl","freelancer.pt","freelancer.rs","freelancer.ru","freelancer.se","freelancer.sg","freelancer.si","freelancer.uk","freelancer.ws","freelancer.xyz"]},"priority":100103},{"id":1290003,"action":{"type":"allow"},"condition":{"urlFilter":"||f-cdn.com/assets/main/*/*freelancer_ui_social-buttons_*.js","initiatorDomains":["freelancer.ae","freelancer.ai","freelancer.app","freelancer.be","freelancer.ca","freelancer.cc","freelancer.cl","freelancer.club","freelancer.cn","freelancer.co","freelancer.co.id","freelancer.co.ke","freelancer.co.kr","freelancer.co.nz","freelancer.co.th","freelancer.co.uk","freelancer.co.za","freelancer.com","freelancer.com.ar","freelancer.com.au","freelancer.com.bd","freelancer.com.br","freelancer.com.co","freelancer.com.np","freelancer.com.pe","freelancer.com.ua","freelancer.cz","freelancer.de","freelancer.dev","freelancer.dz","freelancer.es","freelancer.eu","freelancer.fr","freelancer.gr","freelancer.hk","freelancer.hu","freelancer.ie","freelancer.in","freelancer.is","freelancer.jp","freelancer.kg","freelancer.lv","freelancer.ma","freelancer.me","freelancer.mobi","freelancer.mx","freelancer.net.ua","freelancer.nl","freelancer.no","freelancer.org.tr","freelancer.ph","freelancer.pk","freelancer.pl","freelancer.pt","freelancer.rs","freelancer.ru","freelancer.se","freelancer.sg","freelancer.si","freelancer.uk","freelancer.ws","freelancer.xyz"]},"priority":100103},{"id":1292018,"action":{"type":"allow"},"condition":{"urlFilter":"||hardys.one/wp-content/plugins/easy-vkontakte-connect/js/social-likes.min.js"},"priority":100001},{"id":1293737,"action":{"type":"allow"},"condition":{"urlFilter":"||shiseido.co.jp/shared/assets/img/btn_sns_footer_","domainType":"firstParty","resourceTypes":["image"]},"priority":100102},{"id":1294335,"action":{"type":"allow"},"condition":{"urlFilter":"||kobaiya.jp/img/facebook.gif"},"priority":100001},{"id":1295060,"action":{"type":"allow"},"condition":{"urlFilter":"||twitter.com/oct.js","initiatorDomains":["jp.square-enix.com"]},"priority":100201},{"id":1295524,"action":{"type":"allow"},"condition":{"urlFilter":"||addthis.com/js/*/addthis_widget.js","initiatorDomains":["lennox.com"]},"priority":100201},{"id":1295891,"action":{"type":"allow"},"condition":{"urlFilter":"||inewscast.ru/wp-content/plugins/easy-social-share-buttons*/lib/modules/social-followers-counter/assets/font/essb-socialfollowers.ttf"},"priority":100001},{"id":1296319,"action":{"type":"allow"},"condition":{"urlFilter":"||kayiprihtim.com/wp-content/plugins/easy-social-share-buttons3/lib/modules/social-followers-counter/assets/font/essb-socialfollowers.ttf"},"priority":100001},{"id":1296582,"action":{"type":"allow"},"condition":{"urlFilter":"||platform.twitter.com/js/button.","initiatorDomains":["ura-inform.com"]},"priority":100201},{"id":1296660,"action":{"type":"allow"},"condition":{"urlFilter":"||platform.twitter.com/widgets/follow_button.","initiatorDomains":["ura-inform.com"]},"priority":100201},{"id":1297150,"action":{"type":"allow"},"condition":{"urlFilter":"||platform.twitter.com/js/button.","initiatorDomains":["kh-news.net"]},"priority":100201},{"id":1297225,"action":{"type":"allow"},"condition":{"urlFilter":"||platform.twitter.com/widgets/follow_button.","initiatorDomains":["kh-news.net"]},"priority":100201},{"id":1297370,"action":{"type":"allow"},"condition":{"urlFilter":"||login.cleveland.com/js/socialize.js"},"priority":100001},{"id":1297418,"action":{"type":"allow"},"condition":{"urlFilter":"||cio.com.br/wp-content/plugins/add-to-any/addtoany.min.css"},"priority":100001},{"id":1297709,"action":{"type":"allow"},"condition":{"urlFilter":"||platform.twitter.com/js/button.*.js","initiatorDomains":["nonfungerbils.com"]},"priority":100201},{"id":1297794,"action":{"type":"allow"},"condition":{"urlFilter":"||platform.twitter.com/widgets/follow_button","initiatorDomains":["nonfungerbils.com"]},"priority":100201},{"id":1298316,"action":{"type":"allow"},"condition":{"urlFilter":"||vk.com/js/api/share.js","initiatorDomains":["redspell.ru"]},"priority":100201},{"id":1298452,"action":{"type":"allow"},"condition":{"urlFilter":"||facebook.com/*/plugins/","initiatorDomains":["theidealist.ru"]},"priority":100201},{"id":1298739,"action":{"type":"allow"},"condition":{"urlFilter":"||addthis.com/js/*/addthis_widget.js","initiatorDomains":["nacongaming.com"]},"priority":100201},{"id":1299146,"action":{"type":"allow"},"condition":{"urlFilter":"||i.ua/*/ico/share/share_*_24.png","initiatorDomains":["passport.i.ua"]},"priority":100201},{"id":1299457,"action":{"type":"allow"},"condition":{"urlFilter":"||olgasmile.com/wp-content/plugins/bwp-minify/min/?f=wp-content/plugins/"},"priority":100001},{"id":1299540,"action":{"type":"allow"},"condition":{"urlFilter":"||assets.pinterest.com/js/pinit.js","initiatorDomains":["freundin.de"]},"priority":100201},{"id":1299616,"action":{"type":"allow"},"condition":{"urlFilter":"||assets.pinterest.com/js/pinit_main.js","initiatorDomains":["freundin.de"]},"priority":100201},{"id":1299751,"action":{"type":"allow"},"condition":{"urlFilter":"||platform.twitter.com/oct.js","initiatorDomains":["nuheara.com"]},"priority":100201},{"id":1299869,"action":{"type":"allow"},"condition":{"urlFilter":"||addthis.com/js/*/addthis_widget.js","initiatorDomains":["ripsave.com"]},"priority":100201},{"id":1300078,"action":{"type":"allow"},"condition":{"urlFilter":"||platform-api.sharethis.com/js/sharethis.js","initiatorDomains":["itsmycity.ru"]},"priority":100201},{"id":1300272,"action":{"type":"allow"},"condition":{"urlFilter":"||lightningmaps.org/min/index.php?f=js/"},"priority":100001},{"id":1300322,"action":{"type":"allow"},"condition":{"urlFilter":"||connect.facebook.net/en_US/sdk.js","initiatorDomains":["agar.io"]},"priority":100201},{"id":1300452,"action":{"type":"allow"},"condition":{"urlFilter":"||connect.mail.ru/proxy?resource=getLoginStatus","initiatorDomains":["fotostrana.ru"]},"priority":100201},{"id":1300543,"action":{"type":"allow"},"condition":{"urlFilter":"||addthis.com/js/*/addthis_widget.js","initiatorDomains":["samsonite.com.my"]},"priority":100201},{"id":1300626,"action":{"type":"allow"},"condition":{"urlFilter":"||addthis.com/js/*/addthis_widget.js","initiatorDomains":["litres.ru"]},"priority":100201},{"id":1300803,"action":{"type":"allow"},"condition":{"urlFilter":"||addthis.com/js/*/addthis_widget.js","initiatorDomains":["dummies.com"]},"priority":100201},{"id":1300936,"action":{"type":"allow"},"condition":{"urlFilter":"||m.addthisedge.com/live/boost/*/_ate.track.config_resp"},"priority":100001},{"id":1301002,"action":{"type":"allow"},"condition":{"urlFilter":"||connect.facebook.net/*/sdk/vb.js","initiatorDomains":["deezer.com"]},"priority":100201},{"id":1301077,"action":{"type":"allow"},"condition":{"urlFilter":"||vk.com/js/api/share.js","initiatorDomains":["ctc.ru"]},"priority":100201},{"id":1301138,"action":{"type":"allow"},"condition":{"urlFilter":"||extrakupony.pl/js/zakladki.js"},"priority":100001},{"id":1301236,"action":{"type":"allow"},"condition":{"urlFilter":"||remontnik.ru/static/js/app.min/components/Socials/SocialButtons/SocialButtons.js"},"priority":100001},{"id":1301329,"action":{"type":"allow"},"condition":{"urlFilter":"||addthis.com/js/*/addthis_widget.js","initiatorDomains":["mutfaksirlari.com"]},"priority":100201},{"id":1301595,"action":{"type":"allow"},"condition":{"urlFilter":"||addthis.com/js/*/addthis_widget.js","initiatorDomains":["citytv.com"]},"priority":100201},{"id":1301672,"action":{"type":"allow"},"condition":{"urlFilter":"||addthis.com/js/*/addthis_widget.js^","initiatorDomains":["theprp.com"]},"priority":100201},{"id":1301808,"action":{"type":"allow"},"condition":{"urlFilter":"||addthis.com/*/official-addthis-angularjs/current/dist/official-addthis-angularjs.min.js","initiatorDomains":["ead.senac.br"]},"priority":100201},{"id":1301940,"action":{"type":"allow"},"condition":{"urlFilter":"||platform.linkedin.com/in.js","initiatorDomains":["malaysianwireless.com"]},"priority":100201},{"id":1302121,"action":{"type":"allow"},"condition":{"urlFilter":"||addthis.com/js/*/addthis_widget.js","initiatorDomains":["restorationhardware.com"]},"priority":100201},{"id":1302211,"action":{"type":"allow"},"condition":{"urlFilter":"||addthis.com/js/*/addthis_widget.js^","initiatorDomains":["pudra.com"]},"priority":100201},{"id":1302345,"action":{"type":"allow"},"condition":{"urlFilter":"||addthis.com/js/*/addthis_widget.js","initiatorDomains":["kinitv.com"]},"priority":100201},{"id":1302422,"action":{"type":"allow"},"condition":{"urlFilter":"/wp-content/plugins/easy-social-share-button","initiatorDomains":["appbrowser.ru","cpomagazine.com"],"resourceTypes":["font"]},"priority":100251},{"id":1302535,"action":{"type":"allow"},"condition":{"urlFilter":"||count-server.sharethis.com/*/get_counts","initiatorDomains":["haberkibris.com"]},"priority":100201},{"id":1302622,"action":{"type":"allow"},"condition":{"urlFilter":"||platform-api.sharethis.com/js/sharethis.js","initiatorDomains":["haberkibris.com"]},"priority":100201},{"id":1302712,"action":{"type":"allow"},"condition":{"urlFilter":"||buttons-config.sharethis.com/js^","initiatorDomains":["haberkibris.com"]},"priority":100201},{"id":1302849,"action":{"type":"allow"},"condition":{"urlFilter":"||addthis.com/js/*/addthis_widget.js","initiatorDomains":["motorsport-total.com"]},"priority":100201},{"id":1302936,"action":{"type":"allow"},"condition":{"urlFilter":"||addthis.com/js/*/addthis_widget.js","initiatorDomains":["politico.com"]},"priority":100201},{"id":1303015,"action":{"type":"allow"},"condition":{"urlFilter":"||platform.twitter.com/js/button.*.js","initiatorDomains":["vectorhq.com"]},"priority":100201},{"id":1303095,"action":{"type":"allow"},"condition":{"urlFilter":"||platform.twitter.com/widgets/","initiatorDomains":["vectorhq.com"]},"priority":100201},{"id":1303254,"action":{"type":"allow"},"condition":{"urlFilter":"||news.filehippo.com/wp-content/themes/filehippo/js/socialite.min.js"},"priority":100001},{"id":1303333,"action":{"type":"allow"},"condition":{"urlFilter":"||addthis.com/js/*/addthis_widget.js^","initiatorDomains":["pafc.co.uk"]},"priority":100201},{"id":1303411,"action":{"type":"allow"},"condition":{"urlFilter":"||facebook.com/plugins/like_box.php^","initiatorDomains":["overclockers.ru"]},"priority":100201},{"id":1303493,"action":{"type":"allow"},"condition":{"urlFilter":"||addthis.com/js/*/addthis_widget.js^","initiatorDomains":["corepoweryoga.com"]},"priority":100201},{"id":1303578,"action":{"type":"allow"},"condition":{"urlFilter":"||addthis.com/js/*/addthis_widget.js^","initiatorDomains":["mojekrpice.hr"]},"priority":100201},{"id":1303659,"action":{"type":"allow"},"condition":{"urlFilter":"||facebook.com/*/plugins^","initiatorDomains":["tiendichshop.vn"]},"priority":100201},{"id":1303916,"action":{"type":"allow"},"condition":{"urlFilter":"||vk.com/js/api/share.js","initiatorDomains":["radio7.ru"]},"priority":100201},{"id":1303980,"action":{"type":"allow"},"condition":{"urlFilter":"||vk.com/share.php","initiatorDomains":["tahc.ru"]},"priority":100201},{"id":1304036,"action":{"type":"allow"},"condition":{"urlFilter":"||vk.com/js/api/share.js","initiatorDomains":["tahc.ru"]},"priority":100201},{"id":1304098,"action":{"type":"allow"},"condition":{"urlFilter":"||facebook.com/restserver.php?*.getStats&","initiatorDomains":["agsat.com.ua"]},"priority":100201},{"id":1304289,"action":{"type":"allow"},"condition":{"urlFilter":"||facebook.com/plugins/page.php^","initiatorDomains":["sonoraquetzal.com"]},"priority":100201},{"id":1304491,"action":{"type":"block"},"condition":{"urlFilter":".icon-google-plus"},"priority":1},{"id":1304578,"action":{"type":"allow"},"condition":{"urlFilter":"||mercury.landmarkglobal.com/tracking/track.php"},"priority":100001},{"id":1304749,"action":{"type":"allow"},"condition":{"urlFilter":"||ghbtns.com/github-btn.html","initiatorDomains":["etcher.io"]},"priority":100201},{"id":1304817,"action":{"type":"allow"},"condition":{"urlFilter":"||xing-share.com/assets/spi/message_proxy-*.js","initiatorDomains":["xing.com"]},"priority":100201},{"id":1304902,"action":{"type":"allow"},"condition":{"urlFilter":"||xing-share.com/plugins^","initiatorDomains":["bewerbung.co"]},"priority":100201},{"id":1304970,"action":{"type":"allow"},"condition":{"urlFilter":"/engine/classes/min/index.php?*/social-likes.min.js","domainType":"firstParty"},"priority":100002},{"id":1305047,"action":{"type":"allow"},"condition":{"urlFilter":"/engine/classes/min/?charset=*/social-likes.min.js","domainType":"firstParty"},"priority":100002},{"id":1305123,"action":{"type":"allow"},"condition":{"urlFilter":"||facebook.com/*/plugins/login_button."},"priority":100001},{"id":1305172,"action":{"type":"allow"},"condition":{"urlFilter":"||addthis.com/js/*/addthis_widget.js^","initiatorDomains":["hatsandcaps.co.uk"]},"priority":100201},{"id":1305257,"action":{"type":"allow"},"condition":{"urlFilter":"||yandex.st/share/share.js","initiatorDomains":["66.ru","calculatewater.ru","ktk.kz","splav.ru","vnukovo.ru","yadi.sk","gama-gama.ru","foxtrot.com.ua","radiorecord.ru","xn--80aneaaefcxzcih6g1e.xn--p1ai","24auto.ru","calculatewater.ru","novoeradio.by","pikucha.ru","realty.dmir.ru","transport.mos.ru","yandex.com","yandex.ru"]},"priority":100107},{"id":1305555,"action":{"type":"allow"},"condition":{"urlFilter":"||yastatic.net/*/share.js","initiatorDomains":["sworm.io","trans.ru","chepetsk.ru","iz.ru","thequestion.ru","readovka.ru","mazda.ru","kinogo-720.net","xn--80aneaaefcxzcih6g1e.xn--p1ai","playground.ru","foxtrot.com.ua","biglion.ru","master-of-orion.ru","ktk.kz","universarium.org","pix.playground.ru","xn--80aaelc4ars1a7ab6d.xn--p1ai","kramola.info","myfin.by","zona.plus","culture.ru","open.kzn.ru","globus.ru","readovka.news","possiblegroup.ru","prcl.ru","kinopoisk.ru","alexey-osipov.ru","avtodispetcher.ru","yandex.by","yandex.kz","yandex.ru","gorod.gov.spb.ru","sostav.ru","recyclemap.ru","106i9fm.ru","radiorecord.ru","radioc.ru","100i6fm.ru","99-1.ru","alfafm.ru","echoekb.ru","echovolgograd.ru","jamfm.ru","olimpfm.ru","radio-megapolis.ru","sputnik107.ru","sputnikfm.ru","globalaffairs.ru","m.ridus.ru"]},"priority":100103},{"id":1306332,"action":{"type":"allow"},"condition":{"urlFilter":"||facebook.com/*/plugins/","initiatorDomains":["dlh.net"]},"priority":100201},{"id":1306441,"action":{"type":"allow"},"condition":{"urlFilter":"||api.facebook.com/method/links.getStats","initiatorDomains":["grammarly.com"]},"priority":100201},{"id":1306611,"action":{"type":"allow"},"condition":{"urlFilter":"||vk.com/js/api/share.js","initiatorDomains":["bobfilm1.net","bobfilm.net"]},"priority":100151},{"id":1306690,"action":{"type":"allow"},"condition":{"urlFilter":"||sol-online.ru/art/sol-board"},"priority":100001},{"id":1306730,"action":{"type":"allow"},"condition":{"urlFilter":"||orlandoweekly.com/wp-content/plugins/wpsocialite/Socialite/socialite.min.js"},"priority":100001},{"id":1306818,"action":{"type":"allow"},"condition":{"urlFilter":"||platform.linkedin.com/in.js","initiatorDomains":["youngliving.com"]},"priority":100201},{"id":1306893,"action":{"type":"allow"},"condition":{"urlFilter":"||facebook.com/plugins/video.php"},"priority":100001},{"id":1306936,"action":{"type":"allow"},"condition":{"urlFilter":"||tune.com/blog/wp-content/plugins/ultimate-social-deux/public/assets/css/style.css"},"priority":100001},{"id":1307030,"action":{"type":"allow"},"condition":{"urlFilter":"||vk.com/widget_auth.php"},"priority":100001},{"id":1307065,"action":{"type":"allow"},"condition":{"urlFilter":"||vk.com/widget_comments.php"},"priority":100001},{"id":1307104,"action":{"type":"allow"},"condition":{"urlFilter":"||vk.com/widget_post.php"},"priority":100001},{"id":1307139,"action":{"type":"allow"},"condition":{"urlFilter":"||vk.com/widget_playlist.php"},"priority":100001},{"id":1307178,"action":{"type":"allow"},"condition":{"urlFilter":"||zona.mobi/js/build/libs/likely.js"},"priority":100001},{"id":1307224,"action":{"type":"allow"},"condition":{"urlFilter":"||platform.twitter.com/oct.js","initiatorDomains":["vulcun.com"]},"priority":100201},{"id":1307294,"action":{"type":"allow"},"condition":{"urlFilter":"||talon.by/squeeze/"},"priority":100001},{"id":1307324,"action":{"type":"allow"},"condition":{"urlFilter":"||addthis.com/js/*/addthis_widget.js","initiatorDomains":["milli-firka.org"]},"priority":100201},{"id":1307406,"action":{"type":"allowAllRequests"},"condition":{"urlFilter":"||rifey.ru/sites/default/files/advagg_js/","resourceTypes":["main_frame"]},"priority":140101},{"id":1307473,"action":{"type":"allow"},"condition":{"urlFilter":"||facebook.com/*/plugins/comments.php"},"priority":100001},{"id":1307521,"action":{"type":"allow"},"condition":{"urlFilter":"||facebook.com/plugins/feedback.php"},"priority":100001},{"id":1307567,"action":{"type":"allow"},"condition":{"urlFilter":"||facebook.com/plugins/comments"},"priority":100001},{"id":1307609,"action":{"type":"allowAllRequests"},"condition":{"urlFilter":"||facebook.com/plugins/livefeed.php","resourceTypes":["main_frame"]},"priority":140101},{"id":1307670,"action":{"type":"allowAllRequests"},"condition":{"urlFilter":"||facebook.com/plugins/login_button.php","resourceTypes":["main_frame"]},"priority":140101},{"id":1307735,"action":{"type":"allow"},"condition":{"urlFilter":"||facebook.com/plugins/comment_embed.php"},"priority":100001},{"id":1307786,"action":{"type":"allow"},"condition":{"urlFilter":"||facebook.com/*/plugins/post.php"},"priority":100001},{"id":1307830,"action":{"type":"allow"},"condition":{"urlFilter":"||facebook.com/*/plugins/video.php"},"priority":100001},{"id":1307875,"action":{"type":"allow"},"condition":{"urlFilter":"||facebook.com/plugins/post"},"priority":100001},{"id":1307913,"action":{"type":"allow"},"condition":{"urlFilter":"||addthiscdn.com^","initiatorDomains":["addthis.com"]},"priority":100201},{"id":1307972,"action":{"type":"allow"},"condition":{"urlFilter":"||gibdd.ru/about/social/"},"priority":100001},{"id":1308007,"action":{"type":"allow"},"condition":{"urlFilter":"||facebook.com/plugins/","initiatorDomains":["simcity.com"]},"priority":100201},{"id":1308072,"action":{"type":"allow"},"condition":{"urlFilter":"||fls.doubleclick.net^","initiatorDomains":["simcity.com"]},"priority":100201},{"id":1308136,"action":{"type":"allow"},"condition":{"urlFilter":"||twitter.com/widgets","initiatorDomains":["simcity.com"]},"priority":100201},{"id":1308199,"action":{"type":"allow"},"condition":{"urlFilter":"||vkontakte.ru/js/api/share.js^","initiatorDomains":["nashe.ru"]},"priority":100201},{"id":1308269,"action":{"type":"allow"},"condition":{"urlFilter":"||gigya.com/*/socialize.js"},"priority":100001},{"id":1308306,"action":{"type":"allow"},"condition":{"urlFilter":"||facebook.com/sharer.php","domainType":"thirdParty","initiatorDomains":["lifehacker.com"]},"priority":100202},{"id":1308385,"action":{"type":"allow"},"condition":{"urlFilter":"||twitter.com/share","domainType":"thirdParty","initiatorDomains":["lifehacker.com"]},"priority":100202},{"id":1308511,"action":{"type":"allow"},"condition":{"urlFilter":"||notebookcheck.com^*/jquery.socialshareprivacy.min.js"},"priority":100001},{"id":1308576,"action":{"type":"allow"},"condition":{"urlFilter":"||panzi.github.io/SocialSharePrivacy/"},"priority":100001},{"id":1308624,"action":{"type":"allow"},"condition":{"urlFilter":"||schluetersche.de/global/js/libs/jquery/plugins/socialshareprivacy/jquery.socialshareprivacy.min.js"},"priority":100001},{"id":1308735,"action":{"type":"allow"},"condition":{"urlFilter":"||spardaspendenwahl.de^*/jquery.socialshareprivacy.min.js"},"priority":100001},{"id":1308803,"action":{"type":"allow"},"condition":{"urlFilter":"||weser-kurier.de/stellen/riot-utils/joined.js?*/socialshareprivacy/"},"priority":100001},{"id":1308882,"action":{"type":"allow"},"condition":{"urlFilter":"||wn-gruesse.de^*/socialshareprivacy/","resourceTypes":["script"]},"priority":100101},{"id":1308945,"action":{"type":"allow"},"condition":{"urlFilter":"||wn-jobs.de^*/socialshareprivacy/","resourceTypes":["script"]},"priority":100101},{"id":1309005,"action":{"type":"allow"},"condition":{"urlFilter":"||wn-markt.de^*/socialshareprivacy/","resourceTypes":["script"]},"priority":100101},{"id":1309066,"action":{"type":"allow"},"condition":{"urlFilter":"||wn-mobil.de^*/socialshareprivacy/","resourceTypes":["script"]},"priority":100101}]