[{"id":16179,"action":{"type":"block"},"condition":{"urlFilter":"||glasistre.hr/SliderBanner^"},"priority":1},{"id":16218,"action":{"type":"block"},"condition":{"urlFilter":"||avalaads.com^","domainType":"thirdParty"},"priority":2},{"id":16259,"action":{"type":"block"},"condition":{"urlFilter":"||linker.hr^"},"priority":1},{"id":16282,"action":{"type":"block"},"condition":{"urlFilter":"||native.tportal.hr^","domainType":"thirdParty"},"priority":2},{"id":16328,"action":{"type":"block"},"condition":{"urlFilter":"||lupon.media^","domainType":"thirdParty"},"priority":2},{"id":16368,"action":{"type":"block"},"condition":{"urlFilter":"||a.mabipa.com^","domainType":"thirdParty"},"priority":2},{"id":16409,"action":{"type":"block"},"condition":{"urlFilter":"||farmer.ba/files/banners^","resourceTypes":["image"]},"priority":101},{"id":16461,"action":{"type":"block"},"condition":{"urlFilter":"||nap.ba/storage/userfiles/images/Slike","resourceTypes":["image"]},"priority":101},{"id":16526,"action":{"type":"block"},"condition":{"urlFilter":"||navidiku.rs/banerslike^","resourceTypes":["image"]},"priority":101},{"id":16577,"action":{"type":"block"},"condition":{"urlFilter":"||oglasi.rs/serve^","resourceTypes":["image"]},"priority":101},{"id":16621,"action":{"type":"block"},"condition":{"urlFilter":"||pcpress.rs/pcincludes^","resourceTypes":["image"]},"priority":101},{"id":16671,"action":{"type":"block"},"condition":{"urlFilter":"||pcpress.rs/video/vesimpex/vesimpex.mp4^"},"priority":1},{"id":16723,"action":{"type":"block"},"condition":{"urlFilter":"||pcpress.rs/wp-content/baner^","resourceTypes":["image"]},"priority":101},{"id":16779,"action":{"type":"block"},"condition":{"urlFilter":"||saznajnovo.com/*-baner.jpg^","resourceTypes":["image"]},"priority":101},{"id":16834,"action":{"type":"block"},"condition":{"urlFilter":"||html-load.com/loader.min.js^","initiatorDomains":["gloria.hr"]},"priority":201},{"id":16904,"action":{"type":"block"},"condition":{"urlFilter":"||krajina.ba/wp-content/uploads/*/baner-","resourceTypes":["image"]},"priority":101},{"id":16970,"action":{"type":"block"},"condition":{"urlFilter":"||opcinakupres.ba/images/stories/gsshbz.png^"},"priority":1},{"id":17025,"action":{"type":"block"},"condition":{"urlFilter":"||opcinakupres.ba/images/stories/Logo","resourceTypes":["image"]},"priority":101},{"id":17088,"action":{"type":"block"},"condition":{"urlFilter":"||dalmacijadanas.hr/wp-content/banners^","resourceTypes":["image"]},"priority":101},{"id":17153,"action":{"type":"block"},"condition":{"urlFilter":"||naxi.rs/media/*-naxi-2010x1000-","resourceTypes":["image"]},"priority":101},{"id":17212,"action":{"type":"block"},"condition":{"urlFilter":"||paragraf.rs/img/*-float-baner.png^"},"priority":1},{"id":17259,"action":{"type":"block"},"condition":{"urlFilter":"||barinfo.me/wp-content/uploads/*/*Banner-*.gif^"},"priority":1},{"id":17318,"action":{"type":"block"},"condition":{"urlFilter":"||betwidget.admiralbet.rs^","initiatorDomains":["sportske.net"],"resourceTypes":["sub_frame"]},"priority":301},{"id":17396,"action":{"type":"block"},"condition":{"urlFilter":"||bokanews.me/wp-content/uploads/*.336x280-*.gif^"},"priority":1},{"id":17456,"action":{"type":"block"},"condition":{"urlFilter":"||onogost.me/wp-content/uploads/*-baner*.png.webp^"},"priority":1},{"id":17517,"action":{"type":"block"},"condition":{"urlFilter":"||onogost.me/wp-content/uploads/*.gif^"},"priority":1},{"id":17566,"action":{"type":"block"},"condition":{"urlFilter":"||rtnk.me/files/documents/*Cedis*.gif^"},"priority":1},{"id":17615,"action":{"type":"block"},"condition":{"urlFilter":"||widgets.jutarnji.hr^"},"priority":1},{"id":17648,"action":{"type":"block"},"condition":{"urlFilter":"||media.tangosix.rs/*/banner.","resourceTypes":["image"]},"priority":101},{"id":17703,"action":{"type":"block"},"condition":{"urlFilter":"||infovranjske.rs/ads^","resourceTypes":["image"]},"priority":101},{"id":17751,"action":{"type":"block"},"condition":{"urlFilter":"||widget.admiral.hr^","domainType":"thirdParty"},"priority":2},{"id":17797,"action":{"type":"block"},"condition":{"urlFilter":"||traffic.styria.hr^","domainType":"thirdParty"},"priority":2},{"id":17843,"action":{"type":"block"},"condition":{"urlFilter":"||sk.rs/slike/baneri^"},"priority":1},{"id":17875,"action":{"type":"block"},"condition":{"urlFilter":"||redakcija.alo.rs^","domainType":"thirdParty","resourceTypes":["image"]},"priority":102},{"id":17929,"action":{"type":"block"},"condition":{"urlFilter":"||info-ks.net/assets/img/banners^"},"priority":1},{"id":17973,"action":{"type":"block"},"condition":{"urlFilter":"|https://html-load.com^","domainType":"thirdParty","initiatorDomains":["slobodnadalmacija.hr","tportal.hr"],"resourceTypes":["script"]},"priority":252},{"id":18076,"action":{"type":"block"},"condition":{"urlFilter":"||arhivanalitika.hr/*/uploads/*/ICAM_*x","resourceTypes":["image"]},"priority":101},{"id":18141,"action":{"type":"block"},"condition":{"urlFilter":"||arhivanalitika.hr/*/uploads/*/Bon.hr-*x","resourceTypes":["image"]},"priority":101},{"id":18208,"action":{"type":"block"},"condition":{"urlFilter":"||klik-slider.morgancode.com^","resourceTypes":["sub_frame"]},"priority":101},{"id":18263,"action":{"type":"block"},"condition":{"urlFilter":"||cxpublic.com^","domainType":"thirdParty"},"priority":2},{"id":18376,"action":{"type":"block"},"condition":{"urlFilter":"/image/baneri^","resourceTypes":["image"]},"priority":101},{"id":18580,"action":{"type":"block"},"condition":{"urlFilter":"/avala-press/*"},"priority":1},{"id":18605,"action":{"type":"block"},"condition":{"urlFilter":"/ad-space-right.html^"},"priority":1},{"id":18637,"action":{"type":"block"},"condition":{"urlFilter":"/bannerright/*"},"priority":1},{"id":18662,"action":{"type":"block"},"condition":{"urlFilter":"/MicroBanner^"},"priority":1},{"id":19268,"action":{"type":"block"},"condition":{"urlFilter":"||ba/images/banners^"},"priority":1},{"id":19405,"action":{"type":"block"},"condition":{"urlFilter":"||rs/images/banners^"},"priority":1},{"id":19436,"action":{"type":"block"},"condition":{"urlFilter":"||hr/content/banner^"},"priority":1},{"id":19467,"action":{"type":"block"},"condition":{"urlFilter":"||hr/Portal/Banner?"},"priority":1},{"id":19540,"action":{"type":"block"},"condition":{"urlFilter":"/scripts/admiral_widget.min.js^","domainType":"firstParty"},"priority":2},{"id":19597,"action":{"type":"allow"},"condition":{"urlFilter":"||ads.api.24ur.si/adserver/adblock.","resourceTypes":["sub_frame"]},"priority":100101},{"id":22209,"action":{"type":"block"},"condition":{"urlFilter":"||aviatica.rs/static/uploads/*/*/*-banner-*x*.gif^"},"priority":1},{"id":22270,"action":{"type":"block"},"condition":{"urlFilter":"||aviatica.rs/static/uploads/*/*/aviatica-1atravel-*.gif^"},"priority":1},{"id":22338,"action":{"type":"block"},"condition":{"urlFilter":"||banner.mob.hr^"},"priority":1},{"id":22365,"action":{"type":"block"},"condition":{"urlFilter":"||bug.hr/ads/"},"priority":1},{"id":22389,"action":{"type":"block"},"condition":{"urlFilter":"||contentexchange.me^","initiatorDomains":["nova.rs"]},"priority":201},{"id":22448,"action":{"type":"block"},"condition":{"urlFilter":"||filmotopia.org/sw.js"},"priority":1},{"id":22481,"action":{"type":"block"},"condition":{"urlFilter":"||kupujemprodajem.com/bShow.php^"},"priority":1},{"id":22524,"action":{"type":"block"},"condition":{"urlFilter":"||mob.hr/blog/wp-content/uploads/noviupload/NOA-E1-BANNER"},"priority":1},{"id":22592,"action":{"type":"block"},"condition":{"urlFilter":"||mob.hr/h18.jpg^"},"priority":1},{"id":22620,"action":{"type":"block"},"condition":{"urlFilter":"||mob.hr^*-300x250."},"priority":1},{"id":22650,"action":{"type":"block"},"condition":{"urlFilter":"||pcchip.hr/wp-content/uploads*BANNER"},"priority":1},{"id":22698,"action":{"type":"block"},"condition":{"urlFilter":"||subs.vingd.com^","domainType":"thirdParty"},"priority":2},{"id":22741,"action":{"type":"block"},"condition":{"urlFilter":"||sultanovic.net/?*%","resourceTypes":["script"]},"priority":101},{"id":22787,"action":{"type":"block"},"condition":{"urlFilter":"||zotabox.com^","initiatorDomains":["animesrbija.com"]},"priority":201},{"id":22847,"action":{"type":"block"},"condition":{"urlFilter":"||widget.halooglasi.com/nekretnine.html","domainType":"thirdParty","resourceTypes":["sub_frame"]},"priority":102},{"id":22921,"action":{"type":"block"},"condition":{"urlFilter":"||eph-adsjutarnji.cdn.sysbee.net^"},"priority":1}]