[{"id":1677,"action":{"type":"block"},"condition":{"urlFilter":"||xxxpostpic.org/imagedata/banner/*"},"priority":1},{"id":2104,"action":{"type":"block"},"condition":{"urlFilter":"||porn5xxx.com/pic-ads/"},"priority":1},{"id":2138,"action":{"type":"block"},"condition":{"urlFilter":"||xn--82c0bxcybxc2b.com/jab-ads/"},"priority":1},{"id":2256,"action":{"type":"block"},"condition":{"urlFilter":"||xn--72czpj1fd3b9a3a8g3d.com/doo-ads/"},"priority":1},{"id":3359,"action":{"type":"block"},"condition":{"urlFilter":"||xn--72ca2bsl7gxbd4m7c.com/wp-content/uploads/2020/04/closed.png","resourceTypes":["image"]},"priority":101},{"id":5039,"action":{"type":"block"},"condition":{"urlFilter":"anime-i.com/files/banner/*"},"priority":1},{"id":5916,"action":{"type":"block"},"condition":{"urlFilter":"https://misa-anime.com/assets/js/ads.core.js?"},"priority":1},{"id":8039,"action":{"type":"block"},"condition":{"urlFilter":"||www.am4th.com/wp-content/uploads/2016/*","resourceTypes":["image"]},"priority":101},{"id":8106,"action":{"type":"block"},"condition":{"urlFilter":"||www.am4th.com/wp-content/uploads/2017/*","resourceTypes":["image"]},"priority":101},{"id":8173,"action":{"type":"block"},"condition":{"urlFilter":"||www.am4th.com/wp-content/uploads/2017/*/*.gif","resourceTypes":["image"]},"priority":101},{"id":8246,"action":{"type":"block"},"condition":{"urlFilter":"||www.anime-sugoi.com/css/ontop.png","resourceTypes":["image"]},"priority":101},{"id":8518,"action":{"type":"block"},"condition":{"urlFilter":"||i.imgur.com","initiatorDomains":["animedd.xyz"]},"priority":201},{"id":8892,"action":{"type":"block"},"condition":{"urlFilter":"||publish.iptvz.net","resourceTypes":["sub_frame"]},"priority":101},{"id":10273,"action":{"type":"block"},"condition":{"urlFilter":"||image.cdend.com","initiatorDomains":["ranker-manga.com"],"resourceTypes":["image"]},"priority":301},{"id":10346,"action":{"type":"block"},"condition":{"urlFilter":"||image7.kingsmanga.net/00/00/gclub2.jpg","domainType":"firstParty","resourceTypes":["image"]},"priority":102},{"id":11151,"action":{"type":"block"},"condition":{"urlFilter":"https://xxxword.club/uploadpic/playxxx.jpg"},"priority":1},{"id":11204,"action":{"type":"block"},"condition":{"urlFilter":"https://www.vdoxthai.com/ads.php"},"priority":1},{"id":15609,"action":{"type":"block"},"condition":{"urlFilter":"||4toom.com/*/modal-dialog/*"},"priority":1},{"id":15648,"action":{"type":"block"},"condition":{"urlFilter":"||aroundnews.net/*/like-jacking-ninja/*"},"priority":1},{"id":15698,"action":{"type":"block"},"condition":{"urlFilter":"||blogger.com/*lbx__th.js","initiatorDomains":["zapver555.com"]},"priority":201},{"id":15767,"action":{"type":"block"},"condition":{"urlFilter":"||blogger.com/*lightbox_bundle.css","initiatorDomains":["zapver555.com"]},"priority":201},{"id":15845,"action":{"type":"block"},"condition":{"urlFilter":"||dodeden.com/advert^"},"priority":1},{"id":15877,"action":{"type":"block"},"condition":{"urlFilter":"||ithaihotnews.com/*/like-jacking-ninja/*"},"priority":1},{"id":15929,"action":{"type":"block"},"condition":{"urlFilter":"||kaijeaw.com/*/fancybox/*"},"priority":1},{"id":15966,"action":{"type":"block"},"condition":{"urlFilter":"||kanomjeeb.com/*/lightbox*"},"priority":1},{"id":16004,"action":{"type":"block"},"condition":{"urlFilter":"||kidjarak.com/*/bsa-pro-scripteo/*"},"priority":1},{"id":16050,"action":{"type":"block"},"condition":{"urlFilter":"||ladycee.com/light_ads^"},"priority":1},{"id":16085,"action":{"type":"block"},"condition":{"urlFilter":"||laughwoo.com/*/like-jacking-ninja/*"},"priority":1},{"id":16133,"action":{"type":"block"},"condition":{"urlFilter":"||lonely-rooyang.com/*/arscode-ninja-popups/*"},"priority":1},{"id":16189,"action":{"type":"block"},"condition":{"urlFilter":"||meekhao.com/*/dreamgrow-scroll-triggered-box/*"},"priority":1},{"id":16248,"action":{"type":"block"},"condition":{"urlFilter":"||newstimeline.net/*/jquery.magnific-popup.min.js"},"priority":1},{"id":16308,"action":{"type":"block"},"condition":{"urlFilter":"||ohlor.com/*/mini-popup/*"},"priority":1},{"id":16345,"action":{"type":"block"},"condition":{"urlFilter":"||ohlor.com/*/upprev-nytimes-style-next-post-jquery-animated-fly-in-button/*"},"priority":1},{"id":16432,"action":{"type":"block"},"condition":{"urlFilter":"||siamchatroom.com/light_ads^"},"priority":1},{"id":16472,"action":{"type":"block"},"condition":{"urlFilter":"||siamha.com/truehits/stat"},"priority":1},{"id":16509,"action":{"type":"block"},"condition":{"urlFilter":"||siamok.com/light_ads/*"},"priority":1},{"id":16544,"action":{"type":"block"},"condition":{"urlFilter":"||siamza.com/js/jquery.cookie.js"},"priority":1},{"id":16587,"action":{"type":"block"},"condition":{"urlFilter":"||taghr.net/*/uji-popup/*"},"priority":1},{"id":16623,"action":{"type":"block"},"condition":{"urlFilter":"||thaijobsgov.com/*/fancybox/*"},"priority":1},{"id":16664,"action":{"type":"block"},"condition":{"urlFilter":"||thaijobsgov.com/banner^"},"priority":1},{"id":16700,"action":{"type":"block"},"condition":{"urlFilter":"||toritalk.com/*/uji-popup/*"},"priority":1},{"id":16739,"action":{"type":"block"},"condition":{"urlFilter":"||yakjado.com/*/upprev/*"},"priority":1},{"id":16774,"action":{"type":"block"},"condition":{"urlFilter":"||yakjado.com/*/wp-social-popup-and-get-traffic/*"},"priority":1},{"id":19362,"action":{"type":"block"},"condition":{"urlFilter":"||ads.pramool.com"},"priority":1},{"id":19390,"action":{"type":"block"},"condition":{"urlFilter":"||atimemedia.com/js/jquery.supportUs.js","resourceTypes":["script"]},"priority":101},{"id":19455,"action":{"type":"block"},"condition":{"urlFilter":"||becteroradio.com/2014/hidden-ad-inner.php?"},"priority":1},{"id":19510,"action":{"type":"block"},"condition":{"urlFilter":"||becteroradio.com/lib/fancybox/"},"priority":1},{"id":19553,"action":{"type":"block"},"condition":{"urlFilter":"||becteroradio.com/truehitsstat.php?"},"priority":1},{"id":19600,"action":{"type":"block"},"condition":{"urlFilter":"||isanook.com/*/oppa.js","resourceTypes":["script"]},"priority":101},{"id":19649,"action":{"type":"block"},"condition":{"urlFilter":"||isanook.com/*/tapad.js","resourceTypes":["script"]},"priority":101},{"id":19699,"action":{"type":"block"},"condition":{"urlFilter":"||kapook.com/ads/portal^"},"priority":1},{"id":19734,"action":{"type":"block"},"condition":{"urlFilter":"||kapook.com/asset/js/track.js"},"priority":1},{"id":19775,"action":{"type":"block"},"condition":{"urlFilter":"||kapook.com/jquery/jquery.kp.tracker.js"},"priority":1},{"id":19826,"action":{"type":"block"},"condition":{"urlFilter":"||pantip.com/ads.php"},"priority":1},{"id":19857,"action":{"type":"block"},"condition":{"urlFilter":"||pantip.com/adsip.php"},"priority":1},{"id":19890,"action":{"type":"block"},"condition":{"urlFilter":"||pantip.com/adsipmobile.php"},"priority":1},{"id":19929,"action":{"type":"block"},"condition":{"urlFilter":"||ufa191.com^","domainType":"thirdParty"},"priority":2},{"id":19968,"action":{"type":"block"},"condition":{"urlFilter":"||ufabet678.com^","domainType":"thirdParty"},"priority":2},{"id":20010,"action":{"type":"block"},"condition":{"urlFilter":"||movies-x.com^","domainType":"thirdParty"},"priority":2},{"id":20051,"action":{"type":"block"},"condition":{"urlFilter":"||ssnn.site^","domainType":"thirdParty"},"priority":2},{"id":20089,"action":{"type":"block"},"condition":{"urlFilter":"||akamaihd.net/shopee/*/*TrackingRules","initiatorDomains":["shopee.co.th"],"resourceTypes":["script"]},"priority":301},{"id":20179,"action":{"type":"block"},"condition":{"urlFilter":"||akamaihd.net/shopee/*/TrackingRules","initiatorDomains":["shopee.co.th"],"resourceTypes":["script"]},"priority":301},{"id":20268,"action":{"type":"redirect","redirect":{"extensionPath":"/web-accessible-resources/redirects/1x1-transparent.gif"}},"condition":{"urlFilter":"||shopee.co.th/__t__","initiatorDomains":["shopee.co.th"],"resourceTypes":["xmlhttprequest"]},"priority":1301},{"id":20354,"action":{"type":"block"},"condition":{"urlFilter":"||shopee.co.th/userstats_record","resourceTypes":["xmlhttprequest"]},"priority":101},{"id":20411,"action":{"type":"block"},"condition":{"urlFilter":"||shopeemobile.com/th/tr","resourceTypes":["xmlhttprequest"]},"priority":101},{"id":20461,"action":{"type":"redirect","redirect":{"extensionPath":"/web-accessible-resources/redirects/1x1-transparent.gif"}},"condition":{"urlFilter":"||tracking.shopee.co.th^","initiatorDomains":["shopee.co.th"],"resourceTypes":["xmlhttprequest"]},"priority":1301},{"id":20660,"action":{"type":"block"},"condition":{"urlFilter":"||lucky135.com"},"priority":1},{"id":24526,"action":{"type":"block"},"condition":{"urlFilter":"||compgamer.com/mainpage/module/popupnews/*"},"priority":1},{"id":24580,"action":{"type":"block"},"condition":{"urlFilter":"||compgamer.com/mario-ads^"},"priority":1},{"id":24617,"action":{"type":"block"},"condition":{"urlFilter":"||coregamerth.com/*/jquery-cookie/*"},"priority":1},{"id":24663,"action":{"type":"block"},"condition":{"urlFilter":"||game-tep.com/*/adrotate-pro/*"},"priority":1},{"id":24705,"action":{"type":"block"},"condition":{"urlFilter":"||game-tep.com/*/fancy-box/*"},"priority":1},{"id":24744,"action":{"type":"block"},"condition":{"urlFilter":"||gamegeek.in.th/*/layeredpopups/*"},"priority":1},{"id":24789,"action":{"type":"block"},"condition":{"urlFilter":"||gamemonday.com/*/adrotate-pro/*"},"priority":1},{"id":24833,"action":{"type":"block"},"condition":{"urlFilter":"||gamemonday.com/wp-content/themes/gamemonday/libs/jquery.firstVisitPopup.js"},"priority":1},{"id":24920,"action":{"type":"block"},"condition":{"urlFilter":"||mustplay.in.th/*/banner"},"priority":1},{"id":24956,"action":{"type":"block"},"condition":{"urlFilter":"||mustplay.in.th/assets/js/jquery.tubular^"},"priority":1},{"id":25009,"action":{"type":"block"},"condition":{"urlFilter":"||mustplay.in.th/assets/js/youtubepopup"},"priority":1},{"id":25059,"action":{"type":"block"},"condition":{"urlFilter":"||mustplay.in.th/static/banner/*/ads-^"},"priority":1},{"id":25108,"action":{"type":"block"},"condition":{"urlFilter":"||online-station.net/*/ads/*"},"priority":1},{"id":25147,"action":{"type":"block"},"condition":{"urlFilter":"||online-station.net/*/css/preload_ads","resourceTypes":["stylesheet"]},"priority":101},{"id":25211,"action":{"type":"block"},"condition":{"urlFilter":"||online-station.net/assets/*/os-adhoc^"},"priority":1},{"id":25261,"action":{"type":"block"},"condition":{"urlFilter":"||online-station.net/assets/css/ads","resourceTypes":["stylesheet"]},"priority":101},{"id":25322,"action":{"type":"block"},"condition":{"urlFilter":"||online-station.net/assets/js/ads","resourceTypes":["script"]},"priority":101},{"id":25382,"action":{"type":"block"},"condition":{"urlFilter":"||online-station.net/assets/js/facebook","resourceTypes":["script"]},"priority":101},{"id":25447,"action":{"type":"block"},"condition":{"urlFilter":"||online-station.net/assets/js/google^"},"priority":1},{"id":25496,"action":{"type":"block"},"condition":{"urlFilter":"||online-station.net/content/count_stats?"},"priority":1},{"id":25548,"action":{"type":"block"},"condition":{"urlFilter":"||playulti.com/*/banner"},"priority":1},{"id":25582,"action":{"type":"block"},"condition":{"urlFilter":"||playulti.com/assets/js/jquery.tubular^"},"priority":1},{"id":25633,"action":{"type":"block"},"condition":{"urlFilter":"||playulti.com/company/truehit?"},"priority":1},{"id":25675,"action":{"type":"block"},"condition":{"urlFilter":"||playulti.com/static/banner/*/ads-^"},"priority":1},{"id":25722,"action":{"type":"block"},"condition":{"urlFilter":"||tigthai.com/js/popup_facebook.js","resourceTypes":["script"]},"priority":101},{"id":25782,"action":{"type":"block"},"condition":{"urlFilter":"||24x7th.com"},"priority":1},{"id":25805,"action":{"type":"block"},"condition":{"urlFilter":"*-adnow.com","domainType":"thirdParty"},"priority":2},{"id":25844,"action":{"type":"block"},"condition":{"urlFilter":"||accesstrade.in.th"},"priority":1},{"id":25874,"action":{"type":"block"},"condition":{"urlFilter":"||adasiaholdings.com"},"priority":1},{"id":25905,"action":{"type":"block"},"condition":{"urlFilter":"||adok.asia"},"priority":1},{"id":25927,"action":{"type":"block"},"condition":{"urlFilter":"||adop.cc"},"priority":1},{"id":25947,"action":{"type":"block"},"condition":{"urlFilter":"||ads*.bangkokpost.co.th"},"priority":1},{"id":25982,"action":{"type":"block"},"condition":{"urlFilter":"||ads*.matichon.co.th"},"priority":1},{"id":26014,"action":{"type":"block"},"condition":{"urlFilter":"||ads.boxza.com"},"priority":1},{"id":26040,"action":{"type":"block"},"condition":{"urlFilter":"||ads.gamemonday.com"},"priority":1},{"id":26071,"action":{"type":"block"},"condition":{"urlFilter":"||ads.jarm.com"},"priority":1},{"id":26096,"action":{"type":"block"},"condition":{"urlFilter":"||ads.os.co.th"},"priority":1},{"id":26121,"action":{"type":"block"},"condition":{"urlFilter":"||ads.pantip.com"},"priority":1},{"id":26148,"action":{"type":"block"},"condition":{"urlFilter":"||ads.postjung.com"},"priority":1},{"id":26177,"action":{"type":"block"},"condition":{"urlFilter":"||ads.siamza.com"},"priority":1},{"id":26204,"action":{"type":"block"},"condition":{"urlFilter":"||ads.techxcite.com"},"priority":1},{"id":26234,"action":{"type":"block"},"condition":{"urlFilter":"||adsniper.ru"},"priority":1},{"id":26258,"action":{"type":"block"},"condition":{"urlFilter":"||adsoptimal.com"},"priority":1},{"id":26285,"action":{"type":"block"},"condition":{"urlFilter":"||adtplatform.com"},"priority":1},{"id":26313,"action":{"type":"block"},"condition":{"urlFilter":"||anonymousdemographics.com"},"priority":1},{"id":26351,"action":{"type":"block"},"condition":{"urlFilter":"||app-measurement.com"},"priority":1},{"id":26383,"action":{"type":"block"},"condition":{"urlFilter":"||areyouahuman.com"},"priority":1},{"id":26412,"action":{"type":"block"},"condition":{"urlFilter":"||atdmt.com"},"priority":1},{"id":26434,"action":{"type":"block"},"condition":{"urlFilter":"||bluekai.com"},"priority":1},{"id":26458,"action":{"type":"block"},"condition":{"urlFilter":"||btstatic.com"},"priority":1},{"id":26483,"action":{"type":"block"},"condition":{"urlFilter":"||bumq.com"},"priority":1},{"id":26504,"action":{"type":"block"},"condition":{"urlFilter":"||byteark-analytics.thairath.co.th"},"priority":1},{"id":26549,"action":{"type":"block"},"condition":{"urlFilter":"||clickadu.com"},"priority":1},{"id":26574,"action":{"type":"block"},"condition":{"urlFilter":"||clicksgear.com"},"priority":1},{"id":26601,"action":{"type":"block"},"condition":{"urlFilter":"||connextra.com"},"priority":1},{"id":26627,"action":{"type":"block"},"condition":{"urlFilter":"||crashlytics.com"},"priority":1},{"id":26655,"action":{"type":"block"},"condition":{"urlFilter":"||crazyegg.com"},"priority":1},{"id":26680,"action":{"type":"block"},"condition":{"urlFilter":"||criteo.com"},"priority":1},{"id":26703,"action":{"type":"block"},"condition":{"urlFilter":"||criteo.net"},"priority":1},{"id":26726,"action":{"type":"block"},"condition":{"urlFilter":"||crwdcntrl.net"},"priority":1},{"id":26752,"action":{"type":"block"},"condition":{"urlFilter":"||cryptobrowser.site"},"priority":1},{"id":26783,"action":{"type":"block"},"condition":{"urlFilter":"||csi.gstatic.com"},"priority":1},{"id":26811,"action":{"type":"block"},"condition":{"urlFilter":"||cxense.com","domainType":"thirdParty","excludedInitiatorDomains":["tn.com.ar"]},"priority":3},{"id":26873,"action":{"type":"block"},"condition":{"urlFilter":"||d-stats.com"},"priority":1},{"id":26897,"action":{"type":"block"},"condition":{"urlFilter":"||dtscout.com"},"priority":1},{"id":26921,"action":{"type":"block"},"condition":{"urlFilter":"||effectivemeasure.net"},"priority":1},{"id":26954,"action":{"type":"block"},"condition":{"urlFilter":"||exdynsrv.com"},"priority":1},{"id":26979,"action":{"type":"block"},"condition":{"urlFilter":"||exoclick.com"},"priority":1},{"id":27004,"action":{"type":"block"},"condition":{"urlFilter":"||exosrv.com"},"priority":1},{"id":27027,"action":{"type":"block"},"condition":{"urlFilter":"||eyeota.net"},"priority":1},{"id":27050,"action":{"type":"block"},"condition":{"urlFilter":"||feedjit.com"},"priority":1},{"id":27074,"action":{"type":"block"},"condition":{"urlFilter":"||filadmir.site"},"priority":1},{"id":27100,"action":{"type":"block"},"condition":{"urlFilter":"||fout.jp"},"priority":1},{"id":27120,"action":{"type":"block"},"condition":{"urlFilter":"||gammaplatform.com"},"priority":1},{"id":27150,"action":{"type":"block"},"condition":{"urlFilter":"||gbotvisit.com"},"priority":1},{"id":27176,"action":{"type":"block"},"condition":{"urlFilter":"||gbox.sc"},"priority":1},{"id":27196,"action":{"type":"block"},"condition":{"urlFilter":"||generaltagcom.ga"},"priority":1},{"id":27225,"action":{"type":"block"},"condition":{"urlFilter":"||go2cloud.org"},"priority":1},{"id":27250,"action":{"type":"block"},"condition":{"urlFilter":"||go2speed.org"},"priority":1},{"id":27275,"action":{"type":"block"},"condition":{"urlFilter":"||google-analytics.l.google.com"},"priority":1},{"id":27317,"action":{"type":"block"},"condition":{"urlFilter":"||heatmap.it"},"priority":1},{"id":27340,"action":{"type":"block"},"condition":{"urlFilter":"||hilightad.kapook.com"},"priority":1},{"id":27373,"action":{"type":"block"},"condition":{"urlFilter":"||histats.com"},"priority":1},{"id":27397,"action":{"type":"block"},"condition":{"urlFilter":"||hotjar.com"},"priority":1},{"id":27420,"action":{"type":"block"},"condition":{"urlFilter":"||imrworldwide.com"},"priority":1},{"id":27449,"action":{"type":"block"},"condition":{"urlFilter":"||inmobi.com"},"priority":1},{"id":27472,"action":{"type":"block"},"condition":{"urlFilter":"||innity.com"},"priority":1},{"id":27495,"action":{"type":"block"},"condition":{"urlFilter":"||innity.net"},"priority":1},{"id":27518,"action":{"type":"block"},"condition":{"urlFilter":"||inspectlet.com"},"priority":1},{"id":27545,"action":{"type":"block"},"condition":{"urlFilter":"||iyfnzgb.com"},"priority":1},{"id":27569,"action":{"type":"block"},"condition":{"urlFilter":"||izooto.com"},"priority":1},{"id":27592,"action":{"type":"block"},"condition":{"urlFilter":"||joox-affiliate.sanook.com"},"priority":1},{"id":27630,"action":{"type":"block"},"condition":{"urlFilter":"||kiosked.com"},"priority":1},{"id":27654,"action":{"type":"block"},"condition":{"urlFilter":"||luckyorange.com"},"priority":1},{"id":27682,"action":{"type":"block"},"condition":{"urlFilter":"||m88.com"},"priority":1},{"id":27702,"action":{"type":"block"},"condition":{"urlFilter":"||moatads.com"},"priority":1},{"id":27726,"action":{"type":"block"},"condition":{"urlFilter":"||mtburn.com"},"priority":1},{"id":27749,"action":{"type":"block"},"condition":{"urlFilter":"||mtburn.jp"},"priority":1},{"id":27771,"action":{"type":"block"},"condition":{"urlFilter":"||nr-data.com"},"priority":1},{"id":27795,"action":{"type":"block"},"condition":{"urlFilter":"||nr-data.net"},"priority":1},{"id":27819,"action":{"type":"block"},"condition":{"urlFilter":"||nuffnang.co.th"},"priority":1},{"id":27846,"action":{"type":"block"},"condition":{"urlFilter":"||nuffnang.com"},"priority":1},{"id":27871,"action":{"type":"block"},"condition":{"urlFilter":"||nytive.com"},"priority":1},{"id":27894,"action":{"type":"block"},"condition":{"urlFilter":"||oclaserver.com"},"priority":1},{"id":27921,"action":{"type":"block"},"condition":{"urlFilter":"||oilchange.website"},"priority":1},{"id":27951,"action":{"type":"block"},"condition":{"urlFilter":"||onclasrv.com"},"priority":1},{"id":27976,"action":{"type":"block"},"condition":{"urlFilter":"||onclickads.net"},"priority":1},{"id":28003,"action":{"type":"block"},"condition":{"urlFilter":"||openx.notebookspec.com"},"priority":1},{"id":28038,"action":{"type":"block"},"condition":{"urlFilter":"||openxmarket.asia"},"priority":1},{"id":28067,"action":{"type":"block"},"condition":{"urlFilter":"||padsdel.com"},"priority":1},{"id":28091,"action":{"type":"block"},"condition":{"urlFilter":"||padstm.com"},"priority":1},{"id":28114,"action":{"type":"block"},"condition":{"urlFilter":"||parkingcrew.com"},"priority":1},{"id":28142,"action":{"type":"block"},"condition":{"urlFilter":"||parkingcrew.net"},"priority":1},{"id":28170,"action":{"type":"block"},"condition":{"urlFilter":"||pc1ads.com"},"priority":1},{"id":28193,"action":{"type":"block"},"condition":{"urlFilter":"||pc2ads.com"},"priority":1},{"id":28216,"action":{"type":"block"},"condition":{"urlFilter":"||pc3ads.com"},"priority":1},{"id":28239,"action":{"type":"block"},"condition":{"urlFilter":"||ping-fast.com"},"priority":1},{"id":28265,"action":{"type":"block"},"condition":{"urlFilter":"||pingdom.net"},"priority":1},{"id":28289,"action":{"type":"block"},"condition":{"urlFilter":"||pixeldigitalstudios.com"},"priority":1},{"id":28325,"action":{"type":"block"},"condition":{"urlFilter":"||plista.com"},"priority":1},{"id":28348,"action":{"type":"block"},"condition":{"urlFilter":"||popads.net"},"priority":1},{"id":28371,"action":{"type":"block"},"condition":{"urlFilter":"||popcash.net"},"priority":1},{"id":28395,"action":{"type":"block"},"condition":{"urlFilter":"||popclck.com"},"priority":1},{"id":28419,"action":{"type":"block"},"condition":{"urlFilter":"||popclck.net"},"priority":1},{"id":28443,"action":{"type":"block"},"condition":{"urlFilter":"||poptm.com"},"priority":1},{"id":28465,"action":{"type":"block"},"condition":{"urlFilter":"||ptengine.com"},"priority":1},{"id":28490,"action":{"type":"block"},"condition":{"urlFilter":"||puserving.com"},"priority":1},{"id":28516,"action":{"type":"block"},"condition":{"urlFilter":"||pushnative.com"},"priority":1},{"id":28543,"action":{"type":"block"},"condition":{"urlFilter":"||quicktask.xyz"},"priority":1},{"id":28569,"action":{"type":"block"},"condition":{"urlFilter":"||reimageplus.com"},"priority":1},{"id":28597,"action":{"type":"block"},"condition":{"urlFilter":"||replase.tk"},"priority":1},{"id":28620,"action":{"type":"block"},"condition":{"urlFilter":"||report-uri.cloudflare.com"},"priority":1},{"id":28658,"action":{"type":"block"},"condition":{"urlFilter":"||revsci.net"},"priority":1},{"id":28681,"action":{"type":"block"},"condition":{"urlFilter":"||runtnc.net"},"priority":1},{"id":28704,"action":{"type":"block"},"condition":{"urlFilter":"||ruu-dee.com"},"priority":1},{"id":28728,"action":{"type":"block"},"condition":{"urlFilter":"||sales-frontier.com"},"priority":1},{"id":28759,"action":{"type":"block"},"condition":{"urlFilter":"||scorecardresearch.com"},"priority":1},{"id":28793,"action":{"type":"block"},"condition":{"urlFilter":"||serving-sys.com"},"priority":1},{"id":28821,"action":{"type":"block"},"condition":{"urlFilter":"||simba-digital.com"},"priority":1},{"id":28851,"action":{"type":"block"},"condition":{"urlFilter":"||socdm.com"},"priority":1},{"id":28873,"action":{"type":"block"},"condition":{"urlFilter":"||stat.matichon.co.th"},"priority":1},{"id":28905,"action":{"type":"block"},"condition":{"urlFilter":"||statmt.matichon.co.th"},"priority":1},{"id":28939,"action":{"type":"block"},"condition":{"urlFilter":"||stats.in.th"},"priority":1},{"id":28963,"action":{"type":"block"},"condition":{"urlFilter":"||stats.wp.com"},"priority":1},{"id":28988,"action":{"type":"block"},"condition":{"urlFilter":"||sumome.com"},"priority":1},{"id":29011,"action":{"type":"block"},"condition":{"urlFilter":"||synergy-e.com"},"priority":1},{"id":29037,"action":{"type":"block"},"condition":{"urlFilter":"||taboola.com"},"priority":1},{"id":29061,"action":{"type":"block"},"condition":{"urlFilter":"||tagserve.asia"},"priority":1},{"id":29087,"action":{"type":"block"},"condition":{"urlFilter":"||tapad.com"},"priority":1},{"id":29109,"action":{"type":"block"},"condition":{"urlFilter":"||thstats.com"},"priority":1},{"id":29133,"action":{"type":"block"},"condition":{"urlFilter":"||thtrackingap.com"},"priority":1},{"id":29162,"action":{"type":"block"},"condition":{"urlFilter":"||tityx.com"},"priority":1},{"id":29184,"action":{"type":"block"},"condition":{"urlFilter":"||travelpayouts.com"},"priority":1},{"id":29214,"action":{"type":"block"},"condition":{"urlFilter":"||truehits.in.th"},"priority":1},{"id":29241,"action":{"type":"block"},"condition":{"urlFilter":"||truehits.net"},"priority":1},{"id":29266,"action":{"type":"block"},"condition":{"urlFilter":"||tynt.com"},"priority":1},{"id":29287,"action":{"type":"block"},"condition":{"urlFilter":"||user-api.com"},"priority":1},{"id":29312,"action":{"type":"block"},"condition":{"urlFilter":"||user-clicks.com"},"priority":1},{"id":29340,"action":{"type":"block"},"condition":{"urlFilter":"||user-red.com"},"priority":1},{"id":29365,"action":{"type":"block"},"condition":{"urlFilter":"||uustoughtonma.org"},"priority":1},{"id":29395,"action":{"type":"block"},"condition":{"urlFilter":"||whatshelp.io"},"priority":1},{"id":29420,"action":{"type":"block"},"condition":{"urlFilter":"||wmdstat.dev-sanook.com"},"priority":1},{"id":29455,"action":{"type":"block"},"condition":{"urlFilter":"||yengo.com"},"priority":1},{"id":29477,"action":{"type":"block"},"condition":{"urlFilter":"||yu0123456.com"},"priority":1},{"id":29503,"action":{"type":"block"},"condition":{"urlFilter":"||zemanta.com"},"priority":1},{"id":29527,"action":{"type":"block"},"condition":{"urlFilter":"||moviefree365.com"},"priority":1},{"id":29556,"action":{"type":"block"},"condition":{"urlFilter":"||pichub.tk"},"priority":1},{"id":29578,"action":{"type":"block"},"condition":{"urlFilter":"||1234picz.com"},"priority":1},{"id":29603,"action":{"type":"block"},"condition":{"urlFilter":"||happylukebet.com"},"priority":1},{"id":29632,"action":{"type":"block"},"condition":{"urlFilter":"||silkspan.com"},"priority":1},{"id":29657,"action":{"type":"block"},"condition":{"urlFilter":"||thai-iphone.com"},"priority":1},{"id":29685,"action":{"type":"block"},"condition":{"urlFilter":"46.8.158.80"},"priority":1},{"id":29707,"action":{"type":"block"},"condition":{"urlFilter":"46.8.158.94"},"priority":1},{"id":29729,"action":{"type":"block"},"condition":{"urlFilter":"46.8.158.101"},"priority":1},{"id":29752,"action":{"type":"block"},"condition":{"urlFilter":"109.248.59.27"},"priority":1},{"id":29776,"action":{"type":"block"},"condition":{"urlFilter":"195.133.60.89"},"priority":1},{"id":29800,"action":{"type":"block"},"condition":{"urlFilter":"||1000curryrestaurant.com"},"priority":1},{"id":29836,"action":{"type":"block"},"condition":{"urlFilter":"||10xtechie.com"},"priority":1},{"id":29862,"action":{"type":"block"},"condition":{"urlFilter":"||195-133-60-89.hostinghubsolutions.com"},"priority":1},{"id":29912,"action":{"type":"block"},"condition":{"urlFilter":"||1roofev.com"},"priority":1},{"id":29936,"action":{"type":"block"},"condition":{"urlFilter":"||3dshipmodels.com"},"priority":1},{"id":29965,"action":{"type":"block"},"condition":{"urlFilter":"||3riversprint.com"},"priority":1},{"id":29994,"action":{"type":"block"},"condition":{"urlFilter":"||4jslg.7primos.com"},"priority":1},{"id":30024,"action":{"type":"block"},"condition":{"urlFilter":"||4jslg.overstayjaffa.com"},"priority":1},{"id":30060,"action":{"type":"block"},"condition":{"urlFilter":"||4jslg.thestringbook.com"},"priority":1},{"id":30096,"action":{"type":"block"},"condition":{"urlFilter":"||7primos.com"},"priority":1},{"id":30120,"action":{"type":"block"},"condition":{"urlFilter":"||8slash8.com"},"priority":1},{"id":30144,"action":{"type":"block"},"condition":{"urlFilter":"||academiasprolog.com"},"priority":1},{"id":30176,"action":{"type":"block"},"condition":{"urlFilter":"||accountantamsterdam.net"},"priority":1},{"id":30212,"action":{"type":"block"},"condition":{"urlFilter":"||achivadolimni.com"},"priority":1},{"id":30242,"action":{"type":"block"},"condition":{"urlFilter":"||afiyahlab.com"},"priority":1},{"id":30268,"action":{"type":"block"},"condition":{"urlFilter":"||agdrumschool.com"},"priority":1},{"id":30297,"action":{"type":"block"},"condition":{"urlFilter":"||agentogel.info"},"priority":1},{"id":30324,"action":{"type":"block"},"condition":{"urlFilter":"||ahvaz-anesthesia.com"},"priority":1},{"id":30357,"action":{"type":"block"},"condition":{"urlFilter":"||aisushigobc.com"},"priority":1},{"id":30385,"action":{"type":"block"},"condition":{"urlFilter":"||alamaymoon.com"},"priority":1},{"id":30412,"action":{"type":"block"},"condition":{"urlFilter":"||albioncollege.info"},"priority":1},{"id":30443,"action":{"type":"block"},"condition":{"urlFilter":"||alexlaz.com"},"priority":1},{"id":30467,"action":{"type":"block"},"condition":{"urlFilter":"||all-in-barbers.com"},"priority":1},{"id":30498,"action":{"type":"block"},"condition":{"urlFilter":"||altexplorer.info"},"priority":1},{"id":30527,"action":{"type":"block"},"condition":{"urlFilter":"||amarantinefarms.com"},"priority":1},{"id":30559,"action":{"type":"block"},"condition":{"urlFilter":"||amzprotradernow.com"},"priority":1},{"id":30591,"action":{"type":"block"},"condition":{"urlFilter":"||api-injoyplan.com"},"priority":1},{"id":30621,"action":{"type":"block"},"condition":{"urlFilter":"||appboltonik.com"},"priority":1},{"id":30649,"action":{"type":"block"},"condition":{"urlFilter":"||appstkmadmin.com"},"priority":1},{"id":30678,"action":{"type":"block"},"condition":{"urlFilter":"||arentalcars.com"},"priority":1},{"id":30706,"action":{"type":"block"},"condition":{"urlFilter":"||ariasitting.com"},"priority":1},{"id":30734,"action":{"type":"block"},"condition":{"urlFilter":"||aspectjcookbook.com"},"priority":1},{"id":30766,"action":{"type":"block"},"condition":{"urlFilter":"||asupro.com"},"priority":1},{"id":30789,"action":{"type":"block"},"condition":{"urlFilter":"||atomslip.com"},"priority":1},{"id":30814,"action":{"type":"block"},"condition":{"urlFilter":"||atu-cyberwargames.com"},"priority":1},{"id":30848,"action":{"type":"block"},"condition":{"urlFilter":"||ayp-system.com"},"priority":1},{"id":30875,"action":{"type":"block"},"condition":{"urlFilter":"||babyandbeyondkh.com"},"priority":1},{"id":30907,"action":{"type":"block"},"condition":{"urlFilter":"||backnodes.com"},"priority":1},{"id":30933,"action":{"type":"block"},"condition":{"urlFilter":"||baepullu.com"},"priority":1},{"id":30958,"action":{"type":"block"},"condition":{"urlFilter":"||bagantax.com"},"priority":1},{"id":30983,"action":{"type":"block"},"condition":{"urlFilter":"||bayofgreens.com"},"priority":1},{"id":31011,"action":{"type":"block"},"condition":{"urlFilter":"||bbficocarseats.com"},"priority":1},{"id":31042,"action":{"type":"block"},"condition":{"urlFilter":"||be-lovedshow.com"},"priority":1},{"id":31071,"action":{"type":"block"},"condition":{"urlFilter":"||beefashionstores.com"},"priority":1},{"id":31104,"action":{"type":"block"},"condition":{"urlFilter":"||bepunjaban.com"},"priority":1},{"id":31131,"action":{"type":"block"},"condition":{"urlFilter":"||bestpaintballgun.info"},"priority":1},{"id":31165,"action":{"type":"block"},"condition":{"urlFilter":"||betrool.com"},"priority":1},{"id":31189,"action":{"type":"block"},"condition":{"urlFilter":"||bezt-newz-today.com"},"priority":1},{"id":31221,"action":{"type":"block"},"condition":{"urlFilter":"||bfm4christ.com"},"priority":1},{"id":31248,"action":{"type":"block"},"condition":{"urlFilter":"||bigwingsrestaurant.com"},"priority":1},{"id":31283,"action":{"type":"block"},"condition":{"urlFilter":"||bitpra.com"},"priority":1},{"id":31306,"action":{"type":"block"},"condition":{"urlFilter":"||bittobi.com"},"priority":1},{"id":31330,"action":{"type":"block"},"condition":{"urlFilter":"||bloomsbasket.com"},"priority":1},{"id":31359,"action":{"type":"block"},"condition":{"urlFilter":"||bluuepin.com"},"priority":1},{"id":31384,"action":{"type":"block"},"condition":{"urlFilter":"||bnsoni.com"},"priority":1},{"id":31407,"action":{"type":"block"},"condition":{"urlFilter":"||booknsunglasses.com"},"priority":1},{"id":31439,"action":{"type":"block"},"condition":{"urlFilter":"||boostingplugs.com"},"priority":1},{"id":31469,"action":{"type":"block"},"condition":{"urlFilter":"||botadapmc.com"},"priority":1},{"id":31495,"action":{"type":"block"},"condition":{"urlFilter":"||bouthilliersconstructiongov.com"},"priority":1},{"id":31539,"action":{"type":"block"},"condition":{"urlFilter":"||brainmindsociety.com"},"priority":1},{"id":31572,"action":{"type":"block"},"condition":{"urlFilter":"||bravoxoso.com"},"priority":1},{"id":31598,"action":{"type":"block"},"condition":{"urlFilter":"||breakingbay.com"},"priority":1},{"id":31626,"action":{"type":"block"},"condition":{"urlFilter":"||brynweb.com"},"priority":1},{"id":31650,"action":{"type":"block"},"condition":{"urlFilter":"||bulletinzaiynt.com"},"priority":1},{"id":31681,"action":{"type":"block"},"condition":{"urlFilter":"||byantonellascake.com"},"priority":1},{"id":31714,"action":{"type":"block"},"condition":{"urlFilter":"||captingirl.com"},"priority":1},{"id":31741,"action":{"type":"block"},"condition":{"urlFilter":"||carnercare.com"},"priority":1},{"id":31768,"action":{"type":"block"},"condition":{"urlFilter":"||cassandrawealthadvisors.com"},"priority":1},{"id":31808,"action":{"type":"block"},"condition":{"urlFilter":"||catsandcafe.com"},"priority":1},{"id":31836,"action":{"type":"block"},"condition":{"urlFilter":"||celebbizz.com"},"priority":1},{"id":31862,"action":{"type":"block"},"condition":{"urlFilter":"||ceolsen.com"},"priority":1},{"id":31886,"action":{"type":"block"},"condition":{"urlFilter":"||ceritaharian.com"},"priority":1},{"id":31915,"action":{"type":"block"},"condition":{"urlFilter":"||cheersuper.com"},"priority":1},{"id":31942,"action":{"type":"block"},"condition":{"urlFilter":"||chilltalks.org"},"priority":1},{"id":31969,"action":{"type":"block"},"condition":{"urlFilter":"||chusband.com"},"priority":1},{"id":31994,"action":{"type":"block"},"condition":{"urlFilter":"||clabs-eg.com"},"priority":1},{"id":32019,"action":{"type":"block"},"condition":{"urlFilter":"||cleanestcutss.com"},"priority":1},{"id":32049,"action":{"type":"block"},"condition":{"urlFilter":"||clipperapps.com"},"priority":1},{"id":32077,"action":{"type":"block"},"condition":{"urlFilter":"||cluebird.com"},"priority":1},{"id":32102,"action":{"type":"block"},"condition":{"urlFilter":"||comidaxpress.com"},"priority":1},{"id":32131,"action":{"type":"block"},"condition":{"urlFilter":"||copticdevs.com"},"priority":1},{"id":32158,"action":{"type":"block"},"condition":{"urlFilter":"||corecovers.info"},"priority":1},{"id":32186,"action":{"type":"block"},"condition":{"urlFilter":"||crccassessoria.com"},"priority":1},{"id":32217,"action":{"type":"block"},"condition":{"urlFilter":"||createdbygenesse.com"},"priority":1},{"id":32250,"action":{"type":"block"},"condition":{"urlFilter":"||cscjcares.com"},"priority":1},{"id":32276,"action":{"type":"block"},"condition":{"urlFilter":"||curryflavorgrill.com"},"priority":1},{"id":32309,"action":{"type":"block"},"condition":{"urlFilter":"||cursoscadastro.com"},"priority":1},{"id":32340,"action":{"type":"block"},"condition":{"urlFilter":"||cursoseofertas.com"},"priority":1},{"id":32371,"action":{"type":"block"},"condition":{"urlFilter":"||dailyreportquant.com"},"priority":1},{"id":32404,"action":{"type":"block"},"condition":{"urlFilter":"||dana-b7r.com"},"priority":1},{"id":32429,"action":{"type":"block"},"condition":{"urlFilter":"||daniloremote.com"},"priority":1},{"id":32458,"action":{"type":"block"},"condition":{"urlFilter":"||danimalrocks.com"},"priority":1},{"id":32487,"action":{"type":"block"},"condition":{"urlFilter":"||darkrabbitsolutions.com"},"priority":1},{"id":32523,"action":{"type":"block"},"condition":{"urlFilter":"||davis-analytics.com"},"priority":1},{"id":32555,"action":{"type":"block"},"condition":{"urlFilter":"||dazzlebox.com"},"priority":1},{"id":32581,"action":{"type":"block"},"condition":{"urlFilter":"||dcoygames.com"},"priority":1},{"id":32607,"action":{"type":"block"},"condition":{"urlFilter":"||definitemodel.com"},"priority":1},{"id":32637,"action":{"type":"block"},"condition":{"urlFilter":"||demandjo.com"},"priority":1},{"id":32662,"action":{"type":"block"},"condition":{"urlFilter":"||dev.prowallet.com"},"priority":1},{"id":32692,"action":{"type":"block"},"condition":{"urlFilter":"||dguedry.com"},"priority":1},{"id":32716,"action":{"type":"block"},"condition":{"urlFilter":"||dirtgrab.com"},"priority":1},{"id":32741,"action":{"type":"block"},"condition":{"urlFilter":"||disruptiveclinic.com"},"priority":1},{"id":32774,"action":{"type":"block"},"condition":{"urlFilter":"||djshawnmichaels.com"},"priority":1},{"id":32806,"action":{"type":"block"},"condition":{"urlFilter":"||dl.gold-meat.ru"},"priority":1},{"id":32834,"action":{"type":"block"},"condition":{"urlFilter":"||dominiontalent.com"},"priority":1},{"id":32865,"action":{"type":"block"},"condition":{"urlFilter":"||domoticize.com"},"priority":1},{"id":32892,"action":{"type":"block"},"condition":{"urlFilter":"||dope88.com"},"priority":1},{"id":32915,"action":{"type":"block"},"condition":{"urlFilter":"||drumlikeag.com"},"priority":1},{"id":32942,"action":{"type":"block"},"condition":{"urlFilter":"||dubairevoltsystem.com"},"priority":1},{"id":32976,"action":{"type":"block"},"condition":{"urlFilter":"||duitexchange.com"},"priority":1},{"id":33005,"action":{"type":"block"},"condition":{"urlFilter":"||dwrswap.com"},"priority":1},{"id":33029,"action":{"type":"block"},"condition":{"urlFilter":"||editfestdrone.com"},"priority":1},{"id":33059,"action":{"type":"block"},"condition":{"urlFilter":"||ejppayment.com"},"priority":1},{"id":33086,"action":{"type":"block"},"condition":{"urlFilter":"||elecapubs.com"},"priority":1},{"id":33112,"action":{"type":"block"},"condition":{"urlFilter":"||elelongservice.com"},"priority":1},{"id":33143,"action":{"type":"block"},"condition":{"urlFilter":"||elizashoup.com"},"priority":1},{"id":33170,"action":{"type":"block"},"condition":{"urlFilter":"||embroideryshop.com"},"priority":1},{"id":33201,"action":{"type":"block"},"condition":{"urlFilter":"||eminifx59.com"},"priority":1},{"id":33227,"action":{"type":"block"},"condition":{"urlFilter":"||empirecity.today"},"priority":1},{"id":33256,"action":{"type":"block"},"condition":{"urlFilter":"||estitchbysaba.com"},"priority":1},{"id":33286,"action":{"type":"block"},"condition":{"urlFilter":"||eurokidsgurugram.com"},"priority":1},{"id":33319,"action":{"type":"block"},"condition":{"urlFilter":"||fabulous6fantasy.com"},"priority":1},{"id":33352,"action":{"type":"block"},"condition":{"urlFilter":"||faqspace.com"},"priority":1},{"id":33377,"action":{"type":"block"},"condition":{"urlFilter":"||fernandespegoraro.com"},"priority":1},{"id":33411,"action":{"type":"block"},"condition":{"urlFilter":"||financialsolving.com"},"priority":1},{"id":33444,"action":{"type":"block"},"condition":{"urlFilter":"||firstmobileeducation.com"},"priority":1},{"id":33481,"action":{"type":"block"},"condition":{"urlFilter":"||flyaram.com"},"priority":1},{"id":33505,"action":{"type":"block"},"condition":{"urlFilter":"||fortsport365.com"},"priority":1},{"id":33534,"action":{"type":"block"},"condition":{"urlFilter":"||founderplusacademy.com"},"priority":1},{"id":33569,"action":{"type":"block"},"condition":{"urlFilter":"||foxandmusic.com"},"priority":1},{"id":33597,"action":{"type":"block"},"condition":{"urlFilter":"||freeball98.com"},"priority":1},{"id":33624,"action":{"type":"block"},"condition":{"urlFilter":"||freshgrainke.com"},"priority":1},{"id":33653,"action":{"type":"block"},"condition":{"urlFilter":"||ftp.7primos.com"},"priority":1},{"id":33681,"action":{"type":"block"},"condition":{"urlFilter":"||ftp.ingridsherman.com"},"priority":1},{"id":33715,"action":{"type":"block"},"condition":{"urlFilter":"||fujinoodlerestaurant.com"},"priority":1},{"id":33752,"action":{"type":"block"},"condition":{"urlFilter":"||fxbroker-consulting.com"},"priority":1},{"id":33788,"action":{"type":"block"},"condition":{"urlFilter":"||fydebot.com"},"priority":1},{"id":33812,"action":{"type":"block"},"condition":{"urlFilter":"||g-whizzy.com"},"priority":1},{"id":33837,"action":{"type":"block"},"condition":{"urlFilter":"||gangasperu.com"},"priority":1},{"id":33864,"action":{"type":"block"},"condition":{"urlFilter":"||getprintapp.com"},"priority":1},{"id":33892,"action":{"type":"block"},"condition":{"urlFilter":"||globalseedxchange.com"},"priority":1},{"id":33926,"action":{"type":"block"},"condition":{"urlFilter":"||globalsmarturl.com"},"priority":1},{"id":33957,"action":{"type":"block"},"condition":{"urlFilter":"||gobaypay.com"},"priority":1},{"id":33982,"action":{"type":"block"},"condition":{"urlFilter":"||gold-meat.ru"},"priority":1},{"id":34007,"action":{"type":"block"},"condition":{"urlFilter":"||greenacresapt.com"},"priority":1},{"id":34037,"action":{"type":"block"},"condition":{"urlFilter":"||grenvillegraphite.com"},"priority":1},{"id":34071,"action":{"type":"block"},"condition":{"urlFilter":"||groundloop.info"},"priority":1},{"id":34099,"action":{"type":"block"},"condition":{"urlFilter":"||guardin78.com"},"priority":1},{"id":34125,"action":{"type":"block"},"condition":{"urlFilter":"||hambletondefense.com"},"priority":1},{"id":34158,"action":{"type":"block"},"condition":{"urlFilter":"||happylifelab.com"},"priority":1},{"id":34187,"action":{"type":"block"},"condition":{"urlFilter":"||harrisonkieffer.com"},"priority":1},{"id":34219,"action":{"type":"block"},"condition":{"urlFilter":"||hc-learning.com"},"priority":1},{"id":34247,"action":{"type":"block"},"condition":{"urlFilter":"||hermes-filter.com"},"priority":1},{"id":34277,"action":{"type":"block"},"condition":{"urlFilter":"||hfcofficial.com"},"priority":1},{"id":34305,"action":{"type":"block"},"condition":{"urlFilter":"||hillaforklifts.com"},"priority":1},{"id":34336,"action":{"type":"block"},"condition":{"urlFilter":"||hostmaster.fabulous6fantasy.com"},"priority":1},{"id":34380,"action":{"type":"block"},"condition":{"urlFilter":"||hostmaster.hillaforklifts.com"},"priority":1},{"id":34422,"action":{"type":"block"},"condition":{"urlFilter":"||hostmaster.joshforjudge.com"},"priority":1},{"id":34462,"action":{"type":"block"},"condition":{"urlFilter":"||hostmaster.losangelesfamilylawlawyer.com"},"priority":1},{"id":34515,"action":{"type":"block"},"condition":{"urlFilter":"||hostmaster.reponses.com"},"priority":1},{"id":34551,"action":{"type":"block"},"condition":{"urlFilter":"||hostmaster.wolhyang.com"},"priority":1},{"id":34587,"action":{"type":"block"},"condition":{"urlFilter":"||hyperionity.com"},"priority":1},{"id":34615,"action":{"type":"block"},"condition":{"urlFilter":"||idleduels.com"},"priority":1},{"id":34641,"action":{"type":"block"},"condition":{"urlFilter":"||igtvreel.com"},"priority":1},{"id":34666,"action":{"type":"block"},"condition":{"urlFilter":"||ilbunjibistro.com"},"priority":1},{"id":34696,"action":{"type":"block"},"condition":{"urlFilter":"||imap.prowallet.com"},"priority":1},{"id":34727,"action":{"type":"block"},"condition":{"urlFilter":"||in-to-win-co.com"},"priority":1},{"id":34756,"action":{"type":"block"},"condition":{"urlFilter":"||info.wisewsports.com"},"priority":1},{"id":34789,"action":{"type":"block"},"condition":{"urlFilter":"||ingridsherman.com"},"priority":1},{"id":34819,"action":{"type":"block"},"condition":{"urlFilter":"||intranet.lilufan.com"},"priority":1},{"id":34852,"action":{"type":"block"},"condition":{"urlFilter":"||isdareg.com"},"priority":1},{"id":34876,"action":{"type":"block"},"condition":{"urlFilter":"||iteration777.com"},"priority":1},{"id":34905,"action":{"type":"block"},"condition":{"urlFilter":"||ivan-jr.com"},"priority":1},{"id":34929,"action":{"type":"block"},"condition":{"urlFilter":"||jaimexavier.com"},"priority":1},{"id":34957,"action":{"type":"block"},"condition":{"urlFilter":"||jakobasson.com"},"priority":1},{"id":34984,"action":{"type":"block"},"condition":{"urlFilter":"||jaredkschreiber.com"},"priority":1},{"id":35016,"action":{"type":"block"},"condition":{"urlFilter":"||jasonkrasavage.com"},"priority":1},{"id":35047,"action":{"type":"block"},"condition":{"urlFilter":"||jenkins.peshanga.com"},"priority":1},{"id":35080,"action":{"type":"block"},"condition":{"urlFilter":"||jessejamesacademy.com"},"priority":1},{"id":35114,"action":{"type":"block"},"condition":{"urlFilter":"||jjkratomdispensary.com"},"priority":1},{"id":35149,"action":{"type":"block"},"condition":{"urlFilter":"||jobztrak.com"},"priority":1},{"id":35174,"action":{"type":"block"},"condition":{"urlFilter":"||joshforjudge.com"},"priority":1},{"id":35203,"action":{"type":"block"},"condition":{"urlFilter":"||jteamturkey.com"},"priority":1},{"id":35231,"action":{"type":"block"},"condition":{"urlFilter":"||jv11am.com"},"priority":1},{"id":35254,"action":{"type":"block"},"condition":{"urlFilter":"||kabor.info"},"priority":1},{"id":35277,"action":{"type":"block"},"condition":{"urlFilter":"||kanekikek.com"},"priority":1},{"id":35303,"action":{"type":"block"},"condition":{"urlFilter":"||kaphubsapp.com"},"priority":1},{"id":35330,"action":{"type":"block"},"condition":{"urlFilter":"||karshin.com"},"priority":1},{"id":35354,"action":{"type":"block"},"condition":{"urlFilter":"||kazamajin.com"},"priority":1},{"id":35380,"action":{"type":"block"},"condition":{"urlFilter":"||kennethcanega.com"},"priority":1},{"id":35410,"action":{"type":"block"},"condition":{"urlFilter":"||keyatraderss.com"},"priority":1},{"id":35439,"action":{"type":"block"},"condition":{"urlFilter":"||khao-newth.com"},"priority":1},{"id":35466,"action":{"type":"block"},"condition":{"urlFilter":"||khitinhyeudulon.com"},"priority":1},{"id":35498,"action":{"type":"block"},"condition":{"urlFilter":"||kinesiotapelife.com"},"priority":1},{"id":35530,"action":{"type":"block"},"condition":{"urlFilter":"||kirawhite.com"},"priority":1},{"id":35556,"action":{"type":"block"},"condition":{"urlFilter":"||klmemorialschools.com"},"priority":1},{"id":35590,"action":{"type":"block"},"condition":{"urlFilter":"||kmoilane.com"},"priority":1},{"id":35615,"action":{"type":"block"},"condition":{"urlFilter":"||kuka999.com"},"priority":1},{"id":35639,"action":{"type":"block"},"condition":{"urlFilter":"||kwsells.com"},"priority":1},{"id":35663,"action":{"type":"block"},"condition":{"urlFilter":"||l21ad.com"},"priority":1},{"id":35685,"action":{"type":"block"},"condition":{"urlFilter":"||labugy.com"},"priority":1},{"id":35708,"action":{"type":"block"},"condition":{"urlFilter":"||laddercaptial.com"},"priority":1},{"id":35738,"action":{"type":"block"},"condition":{"urlFilter":"||lakeoffer.com"},"priority":1},{"id":35764,"action":{"type":"block"},"condition":{"urlFilter":"||lanansi.com"},"priority":1},{"id":35788,"action":{"type":"block"},"condition":{"urlFilter":"||laravel-code.com"},"priority":1},{"id":35817,"action":{"type":"block"},"condition":{"urlFilter":"||lazzytech.com"},"priority":1},{"id":35843,"action":{"type":"block"},"condition":{"urlFilter":"||le42a66a.justinstalledpanel.com"},"priority":1},{"id":35887,"action":{"type":"block"},"condition":{"urlFilter":"||legalbrightjoint.com"},"priority":1},{"id":35920,"action":{"type":"block"},"condition":{"urlFilter":"||lelepenyet.com"},"priority":1},{"id":35947,"action":{"type":"block"},"condition":{"urlFilter":"||leslignesdufjord.com"},"priority":1},{"id":35980,"action":{"type":"block"},"condition":{"urlFilter":"||lifechangingthoughts.com"},"priority":1},{"id":36017,"action":{"type":"block"},"condition":{"urlFilter":"||lilufan.com"},"priority":1},{"id":36041,"action":{"type":"block"},"condition":{"urlFilter":"||littlehappybliss.com"},"priority":1},{"id":36074,"action":{"type":"block"},"condition":{"urlFilter":"||littlistings.com"},"priority":1},{"id":36103,"action":{"type":"block"},"condition":{"urlFilter":"||liveyourbestlifetwice.com"},"priority":1},{"id":36141,"action":{"type":"block"},"condition":{"urlFilter":"||lojaeois.com"},"priority":1},{"id":36166,"action":{"type":"block"},"condition":{"urlFilter":"||losangelescriminalattorneys.com"},"priority":1},{"id":36210,"action":{"type":"block"},"condition":{"urlFilter":"||losangelesfamilylawlawyer.com"},"priority":1},{"id":36252,"action":{"type":"block"},"condition":{"urlFilter":"||losangelesfamilylawlawyers.com"},"priority":1},{"id":36295,"action":{"type":"block"},"condition":{"urlFilter":"||lux-sothebysrealty.com"},"priority":1},{"id":36330,"action":{"type":"block"},"condition":{"urlFilter":"||luxsothebysrealty.com"},"priority":1},{"id":36364,"action":{"type":"block"},"condition":{"urlFilter":"||luxuriyahotels.com"},"priority":1},{"id":36395,"action":{"type":"block"},"condition":{"urlFilter":"||lxtsir.com"},"priority":1},{"id":36418,"action":{"type":"block"},"condition":{"urlFilter":"||madsandyoe.com"},"priority":1},{"id":36445,"action":{"type":"block"},"condition":{"urlFilter":"||magecmoon.com"},"priority":1},{"id":36471,"action":{"type":"block"},"condition":{"urlFilter":"||mail.7primos.com"},"priority":1},{"id":36500,"action":{"type":"block"},"condition":{"urlFilter":"||mail.foxandmusic.com"},"priority":1},{"id":36533,"action":{"type":"block"},"condition":{"urlFilter":"||marakitones.com"},"priority":1},{"id":36561,"action":{"type":"block"},"condition":{"urlFilter":"||mdobbins.com"},"priority":1},{"id":36586,"action":{"type":"block"},"condition":{"urlFilter":"||meanderingmonarch.com"},"priority":1},{"id":36620,"action":{"type":"block"},"condition":{"urlFilter":"||medbharat.com"},"priority":1},{"id":36646,"action":{"type":"block"},"condition":{"urlFilter":"||medellinproperties.com"},"priority":1},{"id":36681,"action":{"type":"block"},"condition":{"urlFilter":"||medlabgov.com"},"priority":1},{"id":36707,"action":{"type":"block"},"condition":{"urlFilter":"||mekaniker.com"},"priority":1},{"id":36733,"action":{"type":"block"},"condition":{"urlFilter":"||miagegedeng.com"},"priority":1},{"id":36761,"action":{"type":"block"},"condition":{"urlFilter":"||michaelkusuma.com"},"priority":1},{"id":36791,"action":{"type":"block"},"condition":{"urlFilter":"||mihird.com"},"priority":1},{"id":36814,"action":{"type":"block"},"condition":{"urlFilter":"||milano2london.com"},"priority":1},{"id":36844,"action":{"type":"block"},"condition":{"urlFilter":"||mindgarageclasses.com"},"priority":1},{"id":36878,"action":{"type":"block"},"condition":{"urlFilter":"||minguapp.com"},"priority":1},{"id":36903,"action":{"type":"block"},"condition":{"urlFilter":"||mm88ibc.com"},"priority":1},{"id":36927,"action":{"type":"block"},"condition":{"urlFilter":"||moonstalks.com"},"priority":1},{"id":36954,"action":{"type":"block"},"condition":{"urlFilter":"||motorotam.com"},"priority":1},{"id":36980,"action":{"type":"block"},"condition":{"urlFilter":"||mts35.eprohost.cloud"},"priority":1},{"id":37013,"action":{"type":"block"},"condition":{"urlFilter":"||muindetuva.com"},"priority":1},{"id":37040,"action":{"type":"block"},"condition":{"urlFilter":"||murciajenjorienta.com"},"priority":1},{"id":37074,"action":{"type":"block"},"condition":{"urlFilter":"||musclomania.com"},"priority":1},{"id":37102,"action":{"type":"block"},"condition":{"urlFilter":"||mventa.com"},"priority":1},{"id":37125,"action":{"type":"block"},"condition":{"urlFilter":"||mx.7primos.com"},"priority":1},{"id":37152,"action":{"type":"block"},"condition":{"urlFilter":"||mx0.meanderingmonarch.com"},"priority":1},{"id":37190,"action":{"type":"block"},"condition":{"urlFilter":"||mybigbullfrog.com"},"priority":1},{"id":37220,"action":{"type":"block"},"condition":{"urlFilter":"||mybulkads.com"},"priority":1},{"id":37246,"action":{"type":"block"},"condition":{"urlFilter":"||mydateco.com"},"priority":1},{"id":37271,"action":{"type":"block"},"condition":{"urlFilter":"||myndset88.com"},"priority":1},{"id":37297,"action":{"type":"block"},"condition":{"urlFilter":"||mypilateswoodlands.com"},"priority":1},{"id":37332,"action":{"type":"block"},"condition":{"urlFilter":"||mywritingteacher.com"},"priority":1},{"id":37365,"action":{"type":"block"},"condition":{"urlFilter":"||namthitechnology.com"},"priority":1},{"id":37398,"action":{"type":"block"},"condition":{"urlFilter":"||nantecranes.com"},"priority":1},{"id":37426,"action":{"type":"block"},"condition":{"urlFilter":"||nemobase.com"},"priority":1},{"id":37451,"action":{"type":"block"},"condition":{"urlFilter":"||newsyep.com"},"priority":1},{"id":37475,"action":{"type":"block"},"condition":{"urlFilter":"||nijibooks.com"},"priority":1},{"id":37501,"action":{"type":"block"},"condition":{"urlFilter":"||nikikuzi.com"},"priority":1},{"id":37526,"action":{"type":"block"},"condition":{"urlFilter":"||nothatsme.com"},"priority":1},{"id":37552,"action":{"type":"block"},"condition":{"urlFilter":"||ns2.ttom.xyz"},"priority":1},{"id":37577,"action":{"type":"block"},"condition":{"urlFilter":"||numberli.com"},"priority":1},{"id":37602,"action":{"type":"block"},"condition":{"urlFilter":"||nutratainment.com"},"priority":1},{"id":37632,"action":{"type":"block"},"condition":{"urlFilter":"||observant-trader.com"},"priority":1},{"id":37665,"action":{"type":"block"},"condition":{"urlFilter":"||offthatsauce.com"},"priority":1},{"id":37694,"action":{"type":"block"},"condition":{"urlFilter":"||ogg.gold-meat.ru"},"priority":1},{"id":37723,"action":{"type":"block"},"condition":{"urlFilter":"||ohmcodes.com"},"priority":1},{"id":37748,"action":{"type":"block"},"condition":{"urlFilter":"||ok12ground.com"},"priority":1},{"id":37775,"action":{"type":"block"},"condition":{"urlFilter":"||olasphotography.com"},"priority":1},{"id":37807,"action":{"type":"block"},"condition":{"urlFilter":"||olegus8.com"},"priority":1},{"id":37831,"action":{"type":"block"},"condition":{"urlFilter":"||openvnu.com"},"priority":1},{"id":37855,"action":{"type":"block"},"condition":{"urlFilter":"||optimumloftdesign.com"},"priority":1},{"id":37889,"action":{"type":"block"},"condition":{"urlFilter":"||orderdeliveryprocess.com"},"priority":1},{"id":37926,"action":{"type":"block"},"condition":{"urlFilter":"||orthopedicspecialistslouisiana.com"},"priority":1},{"id":37973,"action":{"type":"block"},"condition":{"urlFilter":"||osinoco.com"},"priority":1},{"id":37997,"action":{"type":"block"},"condition":{"urlFilter":"||ouitogroup.com"},"priority":1},{"id":38024,"action":{"type":"block"},"condition":{"urlFilter":"||overstayjaffa.com"},"priority":1},{"id":38054,"action":{"type":"block"},"condition":{"urlFilter":"||oybcomics.com"},"priority":1},{"id":38080,"action":{"type":"block"},"condition":{"urlFilter":"||paisleycecil.com"},"priority":1},{"id":38109,"action":{"type":"block"},"condition":{"urlFilter":"||peace2home.com"},"priority":1},{"id":38136,"action":{"type":"block"},"condition":{"urlFilter":"||peshanga.com"},"priority":1},{"id":38161,"action":{"type":"block"},"condition":{"urlFilter":"||philipparmingeon.com"},"priority":1},{"id":38194,"action":{"type":"block"},"condition":{"urlFilter":"||philiprudy.com"},"priority":1},{"id":38221,"action":{"type":"block"},"condition":{"urlFilter":"||philosophicalengineer.com"},"priority":1},{"id":38259,"action":{"type":"block"},"condition":{"urlFilter":"||piptrip.com"},"priority":1},{"id":38283,"action":{"type":"block"},"condition":{"urlFilter":"||pixnot.com"},"priority":1},{"id":38306,"action":{"type":"block"},"condition":{"urlFilter":"||pixyvend.com"},"priority":1},{"id":38331,"action":{"type":"block"},"condition":{"urlFilter":"||plavins.com"},"priority":1},{"id":38355,"action":{"type":"block"},"condition":{"urlFilter":"||playamethyst.com"},"priority":1},{"id":38384,"action":{"type":"block"},"condition":{"urlFilter":"||pma.dev.prowallet.com"},"priority":1},{"id":38418,"action":{"type":"block"},"condition":{"urlFilter":"||podqueen.com"},"priority":1},{"id":38443,"action":{"type":"block"},"condition":{"urlFilter":"||polyglotcoding.com"},"priority":1},{"id":38474,"action":{"type":"block"},"condition":{"urlFilter":"||pop.prowallet.com"},"priority":1},{"id":38504,"action":{"type":"block"},"condition":{"urlFilter":"||prayerbeadstore.com"},"priority":1},{"id":38536,"action":{"type":"block"},"condition":{"urlFilter":"||prayerbeadsworld.com"},"priority":1},{"id":38569,"action":{"type":"block"},"condition":{"urlFilter":"||proceduresystems.com"},"priority":1},{"id":38602,"action":{"type":"block"},"condition":{"urlFilter":"||proflyr.com"},"priority":1},{"id":38626,"action":{"type":"block"},"condition":{"urlFilter":"||promocodepa.com"},"priority":1},{"id":38654,"action":{"type":"block"},"condition":{"urlFilter":"||prosus-zoom.com"},"priority":1},{"id":38682,"action":{"type":"block"},"condition":{"urlFilter":"||prowallet.com"},"priority":1},{"id":38708,"action":{"type":"block"},"condition":{"urlFilter":"||purekushconsulting.com"},"priority":1},{"id":38743,"action":{"type":"block"},"condition":{"urlFilter":"||qirinedu.com"},"priority":1},{"id":38768,"action":{"type":"block"},"condition":{"urlFilter":"||qlifemedicals.com"},"priority":1},{"id":38798,"action":{"type":"block"},"condition":{"urlFilter":"||queuelyte.com"},"priority":1},{"id":38824,"action":{"type":"block"},"condition":{"urlFilter":"||quicktypecode.com"},"priority":1},{"id":38854,"action":{"type":"block"},"condition":{"urlFilter":"||quizas-slachtoffers.fun"},"priority":1},{"id":38890,"action":{"type":"block"},"condition":{"urlFilter":"||quoteous.com"},"priority":1},{"id":38915,"action":{"type":"block"},"condition":{"urlFilter":"||radicalizeapp.com"},"priority":1},{"id":38945,"action":{"type":"block"},"condition":{"urlFilter":"||rafills.com"},"priority":1},{"id":38969,"action":{"type":"block"},"condition":{"urlFilter":"||ranchodemanolo.com"},"priority":1},{"id":39000,"action":{"type":"block"},"condition":{"urlFilter":"||rapidtrainsit.com"},"priority":1},{"id":39030,"action":{"type":"block"},"condition":{"urlFilter":"||reachood.com"},"priority":1},{"id":39055,"action":{"type":"block"},"condition":{"urlFilter":"||realityprotocol.com"},"priority":1},{"id":39087,"action":{"type":"block"},"condition":{"urlFilter":"||realmanz.com"},"priority":1},{"id":39112,"action":{"type":"block"},"condition":{"urlFilter":"||redlandhosting.com"},"priority":1},{"id":39143,"action":{"type":"block"},"condition":{"urlFilter":"||redmatch-dev.com"},"priority":1},{"id":39172,"action":{"type":"block"},"condition":{"urlFilter":"||redrose-samp.info"},"priority":1},{"id":39202,"action":{"type":"block"},"condition":{"urlFilter":"||regalxervice.com"},"priority":1},{"id":39231,"action":{"type":"block"},"condition":{"urlFilter":"||reinhard-winter.info"},"priority":1},{"id":39264,"action":{"type":"block"},"condition":{"urlFilter":"||rentabilizarte.com"},"priority":1},{"id":39295,"action":{"type":"block"},"condition":{"urlFilter":"||rentaphantom.info"},"priority":1},{"id":39325,"action":{"type":"block"},"condition":{"urlFilter":"||reponses.com"},"priority":1},{"id":39350,"action":{"type":"block"},"condition":{"urlFilter":"||restrainingorderlawyers.com"},"priority":1},{"id":39390,"action":{"type":"block"},"condition":{"urlFilter":"||reuseu.com"},"priority":1},{"id":39413,"action":{"type":"block"},"condition":{"urlFilter":"||rimpub.com"},"priority":1},{"id":39436,"action":{"type":"block"},"condition":{"urlFilter":"||rishigoutam.com"},"priority":1},{"id":39464,"action":{"type":"block"},"condition":{"urlFilter":"||riyanfashion.com"},"priority":1},{"id":39493,"action":{"type":"block"},"condition":{"urlFilter":"||rootboundmarketing.com"},"priority":1},{"id":39528,"action":{"type":"block"},"condition":{"urlFilter":"||runaroundthailand.com"},"priority":1},{"id":39562,"action":{"type":"block"},"condition":{"urlFilter":"||sabiomail.com"},"priority":1},{"id":39588,"action":{"type":"block"},"condition":{"urlFilter":"||saibamaisconteudo.com"},"priority":1},{"id":39622,"action":{"type":"block"},"condition":{"urlFilter":"||saiindustriesorg.com"},"priority":1},{"id":39655,"action":{"type":"block"},"condition":{"urlFilter":"||saleega.com"},"priority":1},{"id":39679,"action":{"type":"block"},"condition":{"urlFilter":"||salessugarlane.com"},"priority":1},{"id":39710,"action":{"type":"block"},"condition":{"urlFilter":"||sammeyerson.com"},"priority":1},{"id":39738,"action":{"type":"block"},"condition":{"urlFilter":"||samsautomation.com"},"priority":1},{"id":39769,"action":{"type":"block"},"condition":{"urlFilter":"||sanatoriohnopedro.com"},"priority":1},{"id":39803,"action":{"type":"block"},"condition":{"urlFilter":"||sareelo.com"},"priority":1},{"id":39827,"action":{"type":"block"},"condition":{"urlFilter":"||sb.gold-meat.ru"},"priority":1},{"id":39855,"action":{"type":"block"},"condition":{"urlFilter":"||scalawagsalon.com"},"priority":1},{"id":39885,"action":{"type":"block"},"condition":{"urlFilter":"||scottgmorton.com"},"priority":1},{"id":39914,"action":{"type":"block"},"condition":{"urlFilter":"||seekingthephilippines.com"},"priority":1},{"id":39952,"action":{"type":"block"},"condition":{"urlFilter":"||selunar.com"},"priority":1},{"id":39976,"action":{"type":"block"},"condition":{"urlFilter":"||seriosec.com"},"priority":1},{"id":40001,"action":{"type":"block"},"condition":{"urlFilter":"||seriosgames.com"},"priority":1},{"id":40029,"action":{"type":"block"},"condition":{"urlFilter":"||serpfect.com"},"priority":1},{"id":40054,"action":{"type":"block"},"condition":{"urlFilter":"||server.7primos.com"},"priority":1},{"id":40085,"action":{"type":"block"},"condition":{"urlFilter":"||servewish.com"},"priority":1},{"id":40111,"action":{"type":"block"},"condition":{"urlFilter":"||shambaboys.com"},"priority":1},{"id":40138,"action":{"type":"block"},"condition":{"urlFilter":"||sharky24.com"},"priority":1},{"id":40163,"action":{"type":"block"},"condition":{"urlFilter":"||shiftotter.com"},"priority":1},{"id":40190,"action":{"type":"block"},"condition":{"urlFilter":"||shop-tm.com"},"priority":1},{"id":40214,"action":{"type":"block"},"condition":{"urlFilter":"||shopinthedoor.com"},"priority":1},{"id":40244,"action":{"type":"block"},"condition":{"urlFilter":"||shortbiolink.com"},"priority":1},{"id":40273,"action":{"type":"block"},"condition":{"urlFilter":"||showthemreal.com"},"priority":1},{"id":40302,"action":{"type":"block"},"condition":{"urlFilter":"||siteswave.com"},"priority":1},{"id":40328,"action":{"type":"block"},"condition":{"urlFilter":"||slip-o-matic.com"},"priority":1},{"id":40357,"action":{"type":"block"},"condition":{"urlFilter":"||southpawflow.com"},"priority":1},{"id":40386,"action":{"type":"block"},"condition":{"urlFilter":"||storedelrisparmio.com"},"priority":1},{"id":40420,"action":{"type":"block"},"condition":{"urlFilter":"||storygine.com"},"priority":1},{"id":40446,"action":{"type":"block"},"condition":{"urlFilter":"||subtitle5.com"},"priority":1},{"id":40472,"action":{"type":"block"},"condition":{"urlFilter":"||sunsportpl.com"},"priority":1},{"id":40499,"action":{"type":"block"},"condition":{"urlFilter":"||suq-ye.com"},"priority":1},{"id":40522,"action":{"type":"block"},"condition":{"urlFilter":"||survivedthebear.com"},"priority":1},{"id":40554,"action":{"type":"block"},"condition":{"urlFilter":"||syllabirepository.com"},"priority":1},{"id":40588,"action":{"type":"block"},"condition":{"urlFilter":"||sypaze.com"},"priority":1},{"id":40611,"action":{"type":"block"},"condition":{"urlFilter":"||ta-mill.com"},"priority":1},{"id":40635,"action":{"type":"block"},"condition":{"urlFilter":"||ta-millwork.com"},"priority":1},{"id":40663,"action":{"type":"block"},"condition":{"urlFilter":"||talkortryforfun.com"},"priority":1},{"id":40695,"action":{"type":"block"},"condition":{"urlFilter":"||taqrebcenter.com"},"priority":1},{"id":40724,"action":{"type":"block"},"condition":{"urlFilter":"||tastesurta.com"},"priority":1},{"id":40751,"action":{"type":"block"},"condition":{"urlFilter":"||tau-enterprise.com"},"priority":1},{"id":40782,"action":{"type":"block"},"condition":{"urlFilter":"||tawgaming.com"},"priority":1},{"id":40808,"action":{"type":"block"},"condition":{"urlFilter":"||techcaffi.com"},"priority":1},{"id":40834,"action":{"type":"block"},"condition":{"urlFilter":"||techtokbuy.com"},"priority":1},{"id":40861,"action":{"type":"block"},"condition":{"urlFilter":"||tele-entrega.com"},"priority":1},{"id":40890,"action":{"type":"block"},"condition":{"urlFilter":"||test.goldsrc.ru"},"priority":1},{"id":40918,"action":{"type":"block"},"condition":{"urlFilter":"||testesistema.com"},"priority":1},{"id":40947,"action":{"type":"block"},"condition":{"urlFilter":"||testtraf.com"},"priority":1},{"id":40972,"action":{"type":"block"},"condition":{"urlFilter":"||theasianhomes.com"},"priority":1},{"id":41002,"action":{"type":"block"},"condition":{"urlFilter":"||thelittlestastronautbook.com"},"priority":1},{"id":41043,"action":{"type":"block"},"condition":{"urlFilter":"||themailupdate.com"},"priority":1},{"id":41073,"action":{"type":"block"},"condition":{"urlFilter":"||themightypuck.com"},"priority":1},{"id":41103,"action":{"type":"block"},"condition":{"urlFilter":"||themyngl.com"},"priority":1},{"id":41128,"action":{"type":"block"},"condition":{"urlFilter":"||thestringbook.com"},"priority":1},{"id":41158,"action":{"type":"block"},"condition":{"urlFilter":"||thesuperchargerguide.com"},"priority":1},{"id":41195,"action":{"type":"block"},"condition":{"urlFilter":"||theunsorted.com"},"priority":1},{"id":41223,"action":{"type":"block"},"condition":{"urlFilter":"||theviralpunjab.com"},"priority":1},{"id":41254,"action":{"type":"block"},"condition":{"urlFilter":"||thirstysocial.com"},"priority":1},{"id":41284,"action":{"type":"block"},"condition":{"urlFilter":"||thirtysevenpixel.com"},"priority":1},{"id":41317,"action":{"type":"block"},"condition":{"urlFilter":"||tiaa-us.com"},"priority":1},{"id":41341,"action":{"type":"block"},"condition":{"urlFilter":"||tiffanietru.com"},"priority":1},{"id":41369,"action":{"type":"block"},"condition":{"urlFilter":"||timiteadama.com"},"priority":1},{"id":41397,"action":{"type":"block"},"condition":{"urlFilter":"||tipex-express.com"},"priority":1},{"id":41427,"action":{"type":"block"},"condition":{"urlFilter":"||tofalado.com"},"priority":1},{"id":41452,"action":{"type":"block"},"condition":{"urlFilter":"||toplifestyleusa.com"},"priority":1},{"id":41484,"action":{"type":"block"},"condition":{"urlFilter":"||torymance.com"},"priority":1},{"id":41510,"action":{"type":"block"},"condition":{"urlFilter":"||trademarkwebapihost.com"},"priority":1},{"id":41546,"action":{"type":"block"},"condition":{"urlFilter":"||transformdoc.com"},"priority":1},{"id":41575,"action":{"type":"block"},"condition":{"urlFilter":"||travelwithpreeti.com"},"priority":1},{"id":41608,"action":{"type":"block"},"condition":{"urlFilter":"||trendyfoodllc.com"},"priority":1},{"id":41638,"action":{"type":"block"},"condition":{"urlFilter":"||trialbyfiredistro.com"},"priority":1},{"id":41672,"action":{"type":"block"},"condition":{"urlFilter":"||trucking-hub.com"},"priority":1},{"id":41701,"action":{"type":"block"},"condition":{"urlFilter":"||true-resilience.com"},"priority":1},{"id":41733,"action":{"type":"block"},"condition":{"urlFilter":"||tryenom.com"},"priority":1},{"id":41757,"action":{"type":"block"},"condition":{"urlFilter":"||trymiraclemade.com"},"priority":1},{"id":41788,"action":{"type":"block"},"condition":{"urlFilter":"||tsl-x-project.com"},"priority":1},{"id":41818,"action":{"type":"block"},"condition":{"urlFilter":"||tvinternetbestdeals.com"},"priority":1},{"id":41854,"action":{"type":"block"},"condition":{"urlFilter":"||uppook.com"},"priority":1},{"id":41877,"action":{"type":"block"},"condition":{"urlFilter":"||urprovidersapi.com"},"priority":1},{"id":41908,"action":{"type":"block"},"condition":{"urlFilter":"||usrmm.com"},"priority":1},{"id":41930,"action":{"type":"block"},"condition":{"urlFilter":"||v5.sammeyerson.com"},"priority":1},{"id":41961,"action":{"type":"block"},"condition":{"urlFilter":"||v7.sammeyerson.com"},"priority":1},{"id":41992,"action":{"type":"block"},"condition":{"urlFilter":"||valorantfantasy.com"},"priority":1},{"id":42024,"action":{"type":"block"},"condition":{"urlFilter":"||vamisola.com"},"priority":1},{"id":42049,"action":{"type":"block"},"condition":{"urlFilter":"||vapa.info"},"priority":1},{"id":42071,"action":{"type":"block"},"condition":{"urlFilter":"||verbal.com"},"priority":1},{"id":42094,"action":{"type":"block"},"condition":{"urlFilter":"||vicartz.com"},"priority":1},{"id":42118,"action":{"type":"block"},"condition":{"urlFilter":"||vintagewealthadvisor.com"},"priority":1},{"id":42155,"action":{"type":"block"},"condition":{"urlFilter":"||vishaldigha.com"},"priority":1},{"id":42183,"action":{"type":"block"},"condition":{"urlFilter":"||vittorehome.com"},"priority":1},{"id":42211,"action":{"type":"block"},"condition":{"urlFilter":"||vittoremobilya.com"},"priority":1},{"id":42242,"action":{"type":"block"},"condition":{"urlFilter":"||vmrentagreement.com"},"priority":1},{"id":42274,"action":{"type":"block"},"condition":{"urlFilter":"||vpn.7primos.com"},"priority":1},{"id":42302,"action":{"type":"block"},"condition":{"urlFilter":"||vps.7primos.com"},"priority":1},{"id":42330,"action":{"type":"block"},"condition":{"urlFilter":"||wandip.com"},"priority":1},{"id":42353,"action":{"type":"block"},"condition":{"urlFilter":"||watirna.com"},"priority":1},{"id":42377,"action":{"type":"block"},"condition":{"urlFilter":"||webairindia.com"},"priority":1},{"id":42405,"action":{"type":"block"},"condition":{"urlFilter":"||webcreative.cc"},"priority":1},{"id":42432,"action":{"type":"block"},"condition":{"urlFilter":"||webmail.meanderingmonarch.com"},"priority":1},{"id":42474,"action":{"type":"block"},"condition":{"urlFilter":"||westnileyouthcenter.info"},"priority":1},{"id":42511,"action":{"type":"block"},"condition":{"urlFilter":"||wetterkroatien.info"},"priority":1},{"id":42543,"action":{"type":"block"},"condition":{"urlFilter":"||whohascalled.com"},"priority":1},{"id":42572,"action":{"type":"block"},"condition":{"urlFilter":"||winswipe.com"},"priority":1},{"id":42597,"action":{"type":"block"},"condition":{"urlFilter":"||wisefacts.info"},"priority":1},{"id":42624,"action":{"type":"block"},"condition":{"urlFilter":"||wluvu.com"},"priority":1},{"id":42646,"action":{"type":"block"},"condition":{"urlFilter":"||wokebit.com"},"priority":1},{"id":42670,"action":{"type":"block"},"condition":{"urlFilter":"||wolfandthefox.com"},"priority":1},{"id":42700,"action":{"type":"block"},"condition":{"urlFilter":"||wolhyang.com"},"priority":1},{"id":42725,"action":{"type":"block"},"condition":{"urlFilter":"||womankind.info"},"priority":1},{"id":42752,"action":{"type":"block"},"condition":{"urlFilter":"||wpagoravideo.com"},"priority":1},{"id":42781,"action":{"type":"block"},"condition":{"urlFilter":"||ww-absher.com"},"priority":1},{"id":42807,"action":{"type":"block"},"condition":{"urlFilter":"||xantrexapp.com"},"priority":1},{"id":42834,"action":{"type":"block"},"condition":{"urlFilter":"||xrgreenland.com"},"priority":1},{"id":42862,"action":{"type":"block"},"condition":{"urlFilter":"||yoginikaliji.com"},"priority":1},{"id":42891,"action":{"type":"block"},"condition":{"urlFilter":"||youinu.com"},"priority":1},{"id":42914,"action":{"type":"block"},"condition":{"urlFilter":"||yugenzone.com"},"priority":1},{"id":42940,"action":{"type":"block"},"condition":{"urlFilter":"||yuvaresult.com"},"priority":1},{"id":42967,"action":{"type":"block"},"condition":{"urlFilter":"||yzxchange.com"},"priority":1},{"id":42993,"action":{"type":"block"},"condition":{"urlFilter":"||zackmusgrave.com"},"priority":1},{"id":43022,"action":{"type":"block"},"condition":{"urlFilter":"||zendarr.com"},"priority":1},{"id":43046,"action":{"type":"block"},"condition":{"urlFilter":"||zithex.com"},"priority":1},{"id":43069,"action":{"type":"block"},"condition":{"urlFilter":"||zithextoken.com"},"priority":1},{"id":43097,"action":{"type":"block"},"condition":{"urlFilter":"||zookymatt.com"},"priority":1},{"id":47937,"action":{"type":"block"},"condition":{"urlFilter":"||movie2free.com^","domainType":"thirdParty"},"priority":2},{"id":47980,"action":{"type":"block"},"condition":{"urlFilter":"||www.movie2free.com/wp-content/themes/next/images/*","resourceTypes":["image"]},"priority":101},{"id":48947,"action":{"type":"block"},"condition":{"urlFilter":"||yed365days.com/wp-content/*","resourceTypes":["image"]},"priority":101},{"id":49002,"action":{"type":"block"},"condition":{"urlFilter":"||nung-sub.com/images/banners/"},"priority":1},{"id":49292,"action":{"type":"block"},"condition":{"urlFilter":"||baner.msa-video.com"},"priority":1},{"id":49324,"action":{"type":"block"},"condition":{"urlFilter":"||movie87hd.com/*.gif","resourceTypes":["image"]},"priority":101},{"id":50709,"action":{"type":"block"},"condition":{"urlFilter":"||nungde.com/wp-content/uploads/*/*.gif"},"priority":1},{"id":50823,"action":{"type":"block"},"condition":{"urlFilter":"*.gif","initiatorDomains":["037hdmovie.com"],"resourceTypes":["image"]},"priority":301},{"id":50882,"action":{"type":"block"},"condition":{"urlFilter":"||037hdmovie.com/ads^"},"priority":1},{"id":50914,"action":{"type":"block"},"condition":{"urlFilter":"||rsc.cdn77.org/videos/ads-","initiatorDomains":["leoplayer7.com"],"resourceTypes":["media"]},"priority":301},{"id":50995,"action":{"type":"block"},"condition":{"urlFilter":"||upfastfile.com/upload/","initiatorDomains":["leoplayer7.com"],"resourceTypes":["media"]},"priority":301},{"id":52802,"action":{"type":"block"},"condition":{"urlFilter":"||techtalkthai.com/wp-content/*banner*","resourceTypes":["image"]},"priority":101},{"id":53184,"action":{"type":"block"},"condition":{"urlFilter":"||www.thaiboyslove.com/webboard/banner/*","resourceTypes":["image"]},"priority":101},{"id":54054,"action":{"type":"block"},"condition":{"urlFilter":"||iwilldoforking.com/coverpage.js","domainType":"thirdParty","resourceTypes":["script"]},"priority":102},{"id":54122,"action":{"type":"block"},"condition":{"urlFilter":"||marketingoops.com/*/itro-popup/*"},"priority":1},{"id":54167,"action":{"type":"block"},"condition":{"urlFilter":"||marketingoops.com/popup-ad*"},"priority":1},{"id":54207,"action":{"type":"block"},"condition":{"urlFilter":"||marketingoops.com/truehitsstat.php?"},"priority":1},{"id":54255,"action":{"type":"block"},"condition":{"urlFilter":"||sistacafe.com/assets/jquery.cookie-*.js","resourceTypes":["script"]},"priority":101},{"id":54322,"action":{"type":"block"},"condition":{"urlFilter":"||sistacafe.com/assets/popup_notification-*.js","resourceTypes":["script"]},"priority":101},{"id":54394,"action":{"type":"block"},"condition":{"urlFilter":"||thaiidol.com/*/popup-by-supsystic/*"},"priority":1},{"id":54442,"action":{"type":"block"},"condition":{"urlFilter":"||thailandbestbeauty.com/*colorbox*"},"priority":1},{"id":54488,"action":{"type":"block"},"condition":{"urlFilter":"||webtoons.com/js/lib/*_logger*"},"priority":1},{"id":54530,"action":{"type":"block"},"condition":{"urlFilter":"||webtoons.com/js/lib/dfp_helper*"},"priority":1},{"id":54574,"action":{"type":"block"},"condition":{"urlFilter":"||webtoons.com/js/lib/gak*"},"priority":1},{"id":54837,"action":{"type":"allow"},"condition":{"urlFilter":"||gelbooru.com/ads.js?"},"priority":100001},{"id":54870,"action":{"type":"block"},"condition":{"urlFilter":"||ads.bumq.com"},"priority":1},{"id":54895,"action":{"type":"block"},"condition":{"urlFilter":"||cdn.popcash.net"},"priority":1},{"id":54923,"action":{"type":"block"},"condition":{"urlFilter":"||cdn.popmyads.com"},"priority":1},{"id":54952,"action":{"type":"block"},"condition":{"urlFilter":"||code.nytive.com"},"priority":1},{"id":54980,"action":{"type":"block"},"condition":{"urlFilter":"||code.yengo.com"},"priority":1},{"id":55007,"action":{"type":"block"},"condition":{"urlFilter":"||comenu.ais.co.th"},"priority":1},{"id":55036,"action":{"type":"block"},"condition":{"urlFilter":"||digital.ais.co.th/file/common/js/sub-store.js"},"priority":1},{"id":55094,"action":{"type":"block"},"condition":{"urlFilter":"||mds.nipa.co.th"},"priority":1},{"id":55121,"action":{"type":"block"},"condition":{"urlFilter":"||metrics.brightcove.com"},"priority":1},{"id":55156,"action":{"type":"block"},"condition":{"urlFilter":"||netdna-ssl.com/*/advanced-ads/"},"priority":1},{"id":55199,"action":{"type":"block"},"condition":{"urlFilter":"||netdna-ssl.com/*/easy-social-share-buttons3/"},"priority":1},{"id":55256,"action":{"type":"block"},"condition":{"urlFilter":"||saxp.zedo.com"},"priority":1},{"id":55282,"action":{"type":"block"},"condition":{"urlFilter":"||sistacafe.com/scripts/nytive"},"priority":1},{"id":55323,"action":{"type":"block"},"condition":{"urlFilter":"||sistacafe.com/scripts/truehits"},"priority":1},{"id":55366,"action":{"type":"block"},"condition":{"urlFilter":"||sistacafe.com/scripts/yengo"},"priority":1},{"id":55406,"action":{"type":"block"},"condition":{"urlFilter":"||srf.ais.co.th"},"priority":1},{"id":55432,"action":{"type":"block"},"condition":{"urlFilter":"||thaiza.com/nodo.html"},"priority":1},{"id":55465,"action":{"type":"block"},"condition":{"urlFilter":"||viu.com/ott/*/tracking/*"},"priority":1},{"id":55502,"action":{"type":"block"},"condition":{"urlFilter":"||wp.com/media.go2*.*/*"},"priority":1},{"id":55536,"action":{"type":"block"},"condition":{"urlFilter":"||ws-adv.ais.co.th"},"priority":1},{"id":59018,"action":{"type":"block"},"condition":{"urlFilter":"||soccersuck.com/img/banner"},"priority":1},{"id":60796,"action":{"type":"block"},"condition":{"urlFilter":"||notebookspec.com/*/nbs-ilightbox/*"},"priority":1},{"id":60843,"action":{"type":"block"},"condition":{"urlFilter":"||notebookspec.com/*/nbs_custom_ads_skin.php"},"priority":1},{"id":60898,"action":{"type":"block"},"condition":{"urlFilter":"||notebookspec.com/tracker^"},"priority":1},{"id":60936,"action":{"type":"block"},"condition":{"urlFilter":"||oopsmobile.net/*/arscode-ninja-popups/*"},"priority":1},{"id":60988,"action":{"type":"block"},"condition":{"urlFilter":"||specphone.com/*/nbs-ilightbox/*"},"priority":1},{"id":61032,"action":{"type":"block"},"condition":{"urlFilter":"||techmoblog.com/*colorbox*"},"priority":1},{"id":61070,"action":{"type":"block"},"condition":{"urlFilter":"||techmoblog.com/tmb-advertise^","resourceTypes":["sub_frame"]},"priority":101},{"id":61127,"action":{"type":"block"},"condition":{"urlFilter":"||techxcite.com/ads/revive/"},"priority":1},{"id":61165,"action":{"type":"block"},"condition":{"urlFilter":"||techxcite.com/stats.php?"},"priority":1},{"id":61202,"action":{"type":"block"},"condition":{"urlFilter":"||techxcite.com/truehitsstat.php?"},"priority":1},{"id":61246,"action":{"type":"block"},"condition":{"urlFilter":"||thaimobilecenter.com/colorbox^"},"priority":1},{"id":61289,"action":{"type":"block"},"condition":{"urlFilter":"||thetechr.com/*/jinda-facebook-lightbox/*"},"priority":1},{"id":54611,"action":{"type":"block"},"condition":{"regexFilter":"plugins/add-to-any","initiatorDomains":["compgamer.com","tgpl.in.th"]},"priority":151},{"id":54686,"action":{"type":"block"},"condition":{"regexFilter":"plugins/popups","initiatorDomains":["coregamerth.com","fmone1035.com","get1025.com","miru-anime.net","miruanime.net","shopspotapp.com"],"resourceTypes":["stylesheet","script"]},"priority":193}]