[{"id":330,"action":{"type":"block"},"condition":{"urlFilter":"/js/ads_"},"priority":1},{"id":448,"action":{"type":"block"},"condition":{"urlFilter":"://ads."},"priority":1},{"id":466,"action":{"type":"block"},"condition":{"urlFilter":"://ads2."},"priority":1},{"id":485,"action":{"type":"allow"},"condition":{"urlFilter":"ado.delfi.ee/files/js/ado.js"},"priority":100001},{"id":524,"action":{"type":"allow"},"condition":{"urlFilter":"http://ads.postimees.ee/ads/list/*telecast*"},"priority":100001},{"id":578,"action":{"type":"allow"},"condition":{"urlFilter":"http://ads.postimees.ee/crossdomain.xml"},"priority":100001},{"id":628,"action":{"type":"allow"},"condition":{"urlFilter":"||adform.net/banners/scripts/adx.js","initiatorDomains":["delfi.ee"],"resourceTypes":["script"]},"priority":100301},{"id":711,"action":{"type":"allow"},"condition":{"urlFilter":"||auth-delfi-ee.tinypass.com"},"priority":100001},{"id":750,"action":{"type":"allow"},"condition":{"urlFilter":"||autonet.ee/showads.js"},"priority":100001},{"id":784,"action":{"type":"allow"},"condition":{"urlFilter":"||delfi.ee*/js/ads."},"priority":100001},{"id":851,"action":{"type":"allow"},"condition":{"urlFilter":"||emediate.se","domainType":"thirdParty","initiatorDomains":["tartupostimees.ee","postimees.ee"]},"priority":100152},{"id":934,"action":{"type":"allow"},"condition":{"urlFilter":"||fwmrm.net^","initiatorDomains":["tv3play.tv3.ee"]},"priority":100201},{"id":991,"action":{"type":"allow"},"condition":{"urlFilter":"||imasdk.googleapis.com^","initiatorDomains":["duoplay.ee"],"resourceTypes":["script"]},"priority":100301},{"id":1119,"action":{"type":"allow"},"condition":{"urlFilter":"||kinnistuportaal.rik.ee/KAEP/Media/img/logos/exchange_banner_idkaart.gif"},"priority":100001},{"id":1203,"action":{"type":"allow"},"condition":{"urlFilter":"||mssl.fwmrm.net/libs/adm/*","initiatorDomains":["play.tv3.ee"],"resourceTypes":["script"]},"priority":100301},{"id":1281,"action":{"type":"allow"},"condition":{"urlFilter":"||newrelic.com^","initiatorDomains":["tv3play.tv3.ee"]},"priority":100201},{"id":1341,"action":{"type":"allow"},"condition":{"urlFilter":"||play.tv3.ee/static/scripts/ima3.js","initiatorDomains":["play.tv3.ee"],"resourceTypes":["script"]},"priority":100301},{"id":1428,"action":{"type":"allow"},"condition":{"urlFilter":"||play.tv3.ee/static/scripts/trackdb/events.gif","initiatorDomains":["play.tv3.ee"],"resourceTypes":["image"]},"priority":100301},{"id":1526,"action":{"type":"allow"},"condition":{"urlFilter":"||static.go3.tv/file/go3/resources/scripts/tv3play/onetrust/lv/onetrust.html","initiatorDomains":["play.tv3.ee"],"resourceTypes":["xmlhttprequest"]},"priority":100301},{"id":1653,"action":{"type":"allow"},"condition":{"urlFilter":"||tv3play.tv3.ee/ad/banner/*"},"priority":100001},{"id":1692,"action":{"type":"allow"},"condition":{"urlFilter":"||ui-portal.de^","initiatorDomains":["web.de","gmx.net"]},"priority":100151},{"id":2550,"action":{"type":"block"},"condition":{"urlFilter":"cdn.playapi.mtgx.tv/*/banners/*"},"priority":1},{"id":5207,"action":{"type":"block"},"condition":{"urlFilter":"http://*.rr.ru"},"priority":1},{"id":5496,"action":{"type":"block"},"condition":{"urlFilter":"kalale.ee/upload/images/reklaam/*"},"priority":1},{"id":7427,"action":{"type":"block"},"condition":{"urlFilter":"lounaeestlane.ee/*/banners/*"},"priority":1},{"id":7941,"action":{"type":"block"},"condition":{"urlFilter":"mail.ee/banners/2.0/bx.js*"},"priority":1},{"id":8271,"action":{"type":"block"},"condition":{"urlFilter":"mallukas.com/reklaamid/*"},"priority":1},{"id":9166,"action":{"type":"block"},"condition":{"urlFilter":"openx.static.kava.ee"},"priority":1},{"id":9334,"action":{"type":"block"},"condition":{"urlFilter":"pay4results.ee","domainType":"thirdParty"},"priority":2},{"id":9489,"action":{"type":"block"},"condition":{"urlFilter":"perekool.ee/pkfiles/adjs.php"},"priority":1},{"id":12290,"action":{"type":"block"},"condition":{"urlFilter":"soccernet.ee/img/reklaam/*"},"priority":1},{"id":12370,"action":{"type":"block"},"condition":{"urlFilter":"static.kava.ee/openx"},"priority":1},{"id":12917,"action":{"type":"block"},"condition":{"urlFilter":"video.reporter.ee/files*.flv?start=0"},"priority":1},{"id":13427,"action":{"type":"block"},"condition":{"urlFilter":"whatcar.ee/ads/"},"priority":1},{"id":13453,"action":{"type":"block"},"condition":{"urlFilter":"www.ehitusfoorum.com/bannerid/www/delivery/ajs.php"},"priority":1},{"id":13632,"action":{"type":"block"},"condition":{"urlFilter":"|http://www.auto24.ee/js/Auto24Popup.js"},"priority":1},{"id":13682,"action":{"type":"block"},"condition":{"urlFilter":"||212.47.219.162/banners"},"priority":1},{"id":13717,"action":{"type":"block"},"condition":{"urlFilter":"||2mdn.net","domainType":"thirdParty"},"priority":2},{"id":13753,"action":{"type":"block"},"condition":{"urlFilter":"||ad.dumedia.ru","domainType":"thirdParty"},"priority":2},{"id":13794,"action":{"type":"block"},"condition":{"urlFilter":"||ad.mylook.ee","domainType":"thirdParty"},"priority":2},{"id":13834,"action":{"type":"block"},"condition":{"urlFilter":"||adbox.lv","domainType":"thirdParty"},"priority":2},{"id":13870,"action":{"type":"block"},"condition":{"urlFilter":"||adbrite.com","domainType":"thirdParty"},"priority":2},{"id":13909,"action":{"type":"block"},"condition":{"urlFilter":"||adbull.com","domainType":"thirdParty"},"priority":2},{"id":13947,"action":{"type":"block"},"condition":{"urlFilter":"||adbureau.net","domainType":"thirdParty"},"priority":2},{"id":13987,"action":{"type":"block"},"condition":{"urlFilter":"||adclick.co.ee","domainType":"thirdParty"},"priority":2},{"id":14028,"action":{"type":"block"},"condition":{"urlFilter":"||adengage.com","domainType":"thirdParty"},"priority":2},{"id":14068,"action":{"type":"block"},"condition":{"urlFilter":"||adform.net","domainType":"thirdParty"},"priority":2},{"id":14106,"action":{"type":"block"},"condition":{"urlFilter":"||adition.com","domainType":"thirdParty"},"priority":2},{"id":14145,"action":{"type":"block"},"condition":{"urlFilter":"||adkontekst.pl","domainType":"thirdParty"},"priority":2},{"id":14186,"action":{"type":"block"},"condition":{"urlFilter":"||adland.ru","domainType":"thirdParty"},"priority":2},{"id":14223,"action":{"type":"block"},"condition":{"urlFilter":"||adlegend.com","domainType":"thirdParty"},"priority":2},{"id":14263,"action":{"type":"block"},"condition":{"urlFilter":"||admeld.com","domainType":"thirdParty"},"priority":2},{"id":14301,"action":{"type":"block"},"condition":{"urlFilter":"||admin.naistemaailm.ee/upload/images/reklaam/*"},"priority":1},{"id":14359,"action":{"type":"block"},"condition":{"urlFilter":"||admixer.net","domainType":"thirdParty"},"priority":2},{"id":14398,"action":{"type":"block"},"condition":{"urlFilter":"||admp-tc.delfi.ee"},"priority":1},{"id":14427,"action":{"type":"block"},"condition":{"urlFilter":"||admulti.com","domainType":"thirdParty"},"priority":2},{"id":14466,"action":{"type":"block"},"condition":{"urlFilter":"||adnet.ee","domainType":"thirdParty"},"priority":2},{"id":14502,"action":{"type":"block"},"condition":{"urlFilter":"||adnetmedia.ee","domainType":"thirdParty"},"priority":2},{"id":14543,"action":{"type":"block"},"condition":{"urlFilter":"||adnxs.com","domainType":"thirdParty"},"priority":2},{"id":14580,"action":{"type":"block"},"condition":{"urlFilter":"||adocean.pl","domainType":"thirdParty"},"priority":2},{"id":14618,"action":{"type":"block"},"condition":{"urlFilter":"||adonspot.com","domainType":"thirdParty"},"priority":2},{"id":14658,"action":{"type":"block"},"condition":{"urlFilter":"||adonweb.ru","domainType":"thirdParty"},"priority":2},{"id":14696,"action":{"type":"block"},"condition":{"urlFilter":"||adreactor.com","domainType":"thirdParty"},"priority":2},{"id":14737,"action":{"type":"block"},"condition":{"urlFilter":"||adriver.ru","domainType":"thirdParty"},"priority":2},{"id":14775,"action":{"type":"block"},"condition":{"urlFilter":"||ads.ee","domainType":"thirdParty"},"priority":2},{"id":14809,"action":{"type":"block"},"condition":{"urlFilter":"||adserver.com","domainType":"thirdParty"},"priority":2},{"id":14849,"action":{"type":"block"},"condition":{"urlFilter":"||adsfac.eu","domainType":"thirdParty"},"priority":2},{"id":14886,"action":{"type":"block"},"condition":{"urlFilter":"||adtaily.pl","domainType":"thirdParty"},"priority":2},{"id":14924,"action":{"type":"block"},"condition":{"urlFilter":"||adtarget.me","domainType":"thirdParty"},"priority":2},{"id":14963,"action":{"type":"block"},"condition":{"urlFilter":"||adtech.de","domainType":"thirdParty"},"priority":2},{"id":15000,"action":{"type":"block"},"condition":{"urlFilter":"||adtechus.com","domainType":"thirdParty"},"priority":2},{"id":15040,"action":{"type":"block"},"condition":{"urlFilter":"||adtegrity.net","domainType":"thirdParty"},"priority":2},{"id":15081,"action":{"type":"block"},"condition":{"urlFilter":"||adultadvertising.net","domainType":"thirdParty"},"priority":2},{"id":15129,"action":{"type":"block"},"condition":{"urlFilter":"||adultfriendfinder.com","domainType":"thirdParty"},"priority":2},{"id":15178,"action":{"type":"block"},"condition":{"urlFilter":"||advertising.aol.com","domainType":"thirdParty"},"priority":2},{"id":15225,"action":{"type":"block"},"condition":{"urlFilter":"||advertising.com","domainType":"thirdParty"},"priority":2},{"id":15268,"action":{"type":"block"},"condition":{"urlFilter":"||advertserve.com","domainType":"thirdParty"},"priority":2},{"id":15311,"action":{"type":"block"},"condition":{"urlFilter":"||afilo.pl","domainType":"thirdParty"},"priority":2},{"id":15347,"action":{"type":"block"},"condition":{"urlFilter":"||afy11.net","domainType":"thirdParty"},"priority":2},{"id":15384,"action":{"type":"block"},"condition":{"urlFilter":"||ahcdns.com","domainType":"thirdParty"},"priority":2},{"id":15422,"action":{"type":"block"},"condition":{"urlFilter":"||aimatch.com","domainType":"thirdParty"},"priority":2},{"id":15461,"action":{"type":"block"},"condition":{"urlFilter":"||ajaleht.ekspress.ee/*/reklaam_*"},"priority":1},{"id":15505,"action":{"type":"block"},"condition":{"urlFilter":"||am10.ru","domainType":"thirdParty"},"priority":2},{"id":15540,"action":{"type":"block"},"condition":{"urlFilter":"||am11.ru","domainType":"thirdParty"},"priority":2},{"id":15575,"action":{"type":"block"},"condition":{"urlFilter":"||an.yandex.ru/system/context.js"},"priority":1},{"id":15618,"action":{"type":"block"},"condition":{"urlFilter":"||ap.delfi.ee","domainType":"thirdParty"},"priority":2},{"id":15657,"action":{"type":"block"},"condition":{"urlFilter":"||apex-ad.com","domainType":"thirdParty"},"priority":2},{"id":15696,"action":{"type":"block"},"condition":{"urlFilter":"||aripaev.ee/js/banners.min.js"},"priority":1},{"id":15737,"action":{"type":"block"},"condition":{"urlFilter":"||atdmt.com","domainType":"thirdParty"},"priority":2},{"id":15774,"action":{"type":"block"},"condition":{"urlFilter":"||axf8.net","domainType":"thirdParty"},"priority":2},{"id":15810,"action":{"type":"block"},"condition":{"urlFilter":"||bannerboxes.com","domainType":"thirdParty"},"priority":2},{"id":15853,"action":{"type":"block"},"condition":{"urlFilter":"||bannerhost.ru","domainType":"thirdParty"},"priority":2},{"id":15894,"action":{"type":"block"},"condition":{"urlFilter":"||bannex.ee","domainType":"thirdParty"},"priority":2},{"id":15931,"action":{"type":"block"},"condition":{"urlFilter":"||bbelements.com","domainType":"thirdParty"},"priority":2},{"id":15973,"action":{"type":"block"},"condition":{"urlFilter":"||begun.ru","domainType":"thirdParty"},"priority":2},{"id":16009,"action":{"type":"block"},"condition":{"urlFilter":"||bepolite.eu","domainType":"thirdParty"},"priority":2},{"id":16048,"action":{"type":"block"},"condition":{"urlFilter":"||bidvertiser.com","domainType":"thirdParty"},"priority":2},{"id":16091,"action":{"type":"block"},"condition":{"urlFilter":"||bizographics.com","domainType":"thirdParty"},"priority":2},{"id":16135,"action":{"type":"block"},"condition":{"urlFilter":"||bkrtx.com","domainType":"thirdParty"},"priority":2},{"id":16172,"action":{"type":"block"},"condition":{"urlFilter":"||blog.tr.ee/banner"},"priority":1},{"id":16202,"action":{"type":"block"},"condition":{"urlFilter":"||blogads.com","domainType":"thirdParty"},"priority":2},{"id":16241,"action":{"type":"block"},"condition":{"urlFilter":"||bluekai.com","domainType":"thirdParty"},"priority":2},{"id":16280,"action":{"type":"block"},"condition":{"urlFilter":"||bluelithium.com","domainType":"thirdParty"},"priority":2},{"id":16323,"action":{"type":"block"},"condition":{"urlFilter":"||bnrs.ilm.ee"},"priority":1},{"id":16347,"action":{"type":"block"},"condition":{"urlFilter":"||brazzers.com","domainType":"thirdParty"},"priority":2},{"id":16387,"action":{"type":"block"},"condition":{"urlFilter":"||budsinc.com","domainType":"thirdParty"},"priority":2},{"id":16426,"action":{"type":"block"},"condition":{"urlFilter":"||buduaar.ee/files/Upload/Banners"},"priority":1},{"id":16470,"action":{"type":"block"},"condition":{"urlFilter":"||buduaar.ee/files/Upload/marketItems"},"priority":1},{"id":16518,"action":{"type":"block"},"condition":{"urlFilter":"||casalemedia.com","domainType":"thirdParty"},"priority":2},{"id":16561,"action":{"type":"block"},"condition":{"urlFilter":"||chartbeat.com","domainType":"thirdParty"},"priority":2},{"id":16602,"action":{"type":"block"},"condition":{"urlFilter":"||chartbeat.net","domainType":"thirdParty"},"priority":2},{"id":16643,"action":{"type":"block"},"condition":{"urlFilter":"||cherry.ee","domainType":"thirdParty"},"priority":2},{"id":16680,"action":{"type":"block"},"condition":{"urlFilter":"||cherrystatic.net","domainType":"thirdParty","excludedInitiatorDomains":["cherry.ee"]},"priority":3},{"id":16748,"action":{"type":"block"},"condition":{"urlFilter":"||cherrystatic.net/banners"},"priority":1},{"id":16785,"action":{"type":"block"},"condition":{"urlFilter":"||chitika.net","domainType":"thirdParty"},"priority":2},{"id":16824,"action":{"type":"block"},"condition":{"urlFilter":"||city24.ee","domainType":"thirdParty","excludedInitiatorDomains":["city24.postimees.ee"]},"priority":3},{"id":16895,"action":{"type":"block"},"condition":{"urlFilter":"||collective-media.com","domainType":"thirdParty"},"priority":2},{"id":16943,"action":{"type":"block"},"condition":{"urlFilter":"||connextra.com","domainType":"thirdParty"},"priority":2},{"id":16984,"action":{"type":"block"},"condition":{"urlFilter":"||contextweb.com","domainType":"thirdParty"},"priority":2},{"id":17026,"action":{"type":"block"},"condition":{"urlFilter":"||cpxinteractive.com","domainType":"thirdParty"},"priority":2},{"id":17072,"action":{"type":"block"},"condition":{"urlFilter":"||crowdscience.com","domainType":"thirdParty"},"priority":2},{"id":17116,"action":{"type":"block"},"condition":{"urlFilter":"||crwdcntrl.net","domainType":"thirdParty"},"priority":2},{"id":17157,"action":{"type":"block"},"condition":{"urlFilter":"||cxense.com","domainType":"thirdParty"},"priority":2},{"id":17195,"action":{"type":"block"},"condition":{"urlFilter":"||dclick.ru","domainType":"thirdParty"},"priority":2},{"id":17232,"action":{"type":"block"},"condition":{"urlFilter":"||delfi.ee/misc/cobancar/*.php"},"priority":1},{"id":17319,"action":{"type":"block"},"condition":{"urlFilter":"||domdex.com","domainType":"thirdParty"},"priority":2},{"id":17357,"action":{"type":"block"},"condition":{"urlFilter":"||doubleclick.be","domainType":"thirdParty"},"priority":2},{"id":17399,"action":{"type":"block"},"condition":{"urlFilter":"||doubleclick.com","domainType":"thirdParty"},"priority":2},{"id":17442,"action":{"type":"block"},"condition":{"urlFilter":"||doubleclick.de","domainType":"thirdParty"},"priority":2},{"id":17484,"action":{"type":"block"},"condition":{"urlFilter":"||doubleclick.net","domainType":"thirdParty"},"priority":2},{"id":17527,"action":{"type":"block"},"condition":{"urlFilter":"||doublepimp.com","domainType":"thirdParty"},"priority":2},{"id":17569,"action":{"type":"block"},"condition":{"urlFilter":"||dowjoneson.com","domainType":"thirdParty"},"priority":2},{"id":17611,"action":{"type":"block"},"condition":{"urlFilter":"||dt00.net","domainType":"thirdParty"},"priority":2},{"id":17647,"action":{"type":"block"},"condition":{"urlFilter":"||eloqua.com","domainType":"thirdParty"},"priority":2},{"id":17685,"action":{"type":"block"},"condition":{"urlFilter":"||estara.com","domainType":"thirdParty"},"priority":2},{"id":17723,"action":{"type":"block"},"condition":{"urlFilter":"||etology.com","domainType":"thirdParty"},"priority":2},{"id":17762,"action":{"type":"block"},"condition":{"urlFilter":"||extreme-dm.com","domainType":"thirdParty"},"priority":2},{"id":17804,"action":{"type":"block"},"condition":{"urlFilter":"||fastclick.net","domainType":"thirdParty"},"priority":2},{"id":17845,"action":{"type":"block"},"condition":{"urlFilter":"||fastonlineusers.com","domainType":"thirdParty"},"priority":2},{"id":17892,"action":{"type":"block"},"condition":{"urlFilter":"||fortumo.ee","domainType":"thirdParty"},"priority":2},{"id":17930,"action":{"type":"block"},"condition":{"urlFilter":"||freeze.com","domainType":"thirdParty"},"priority":2},{"id":17968,"action":{"type":"block"},"condition":{"urlFilter":"||fwmrm.net","domainType":"thirdParty","excludedInitiatorDomains":["tv3play.ee","tv3.ee"]},"priority":3},{"id":18038,"action":{"type":"block"},"condition":{"urlFilter":"||gemius.pl","domainType":"thirdParty"},"priority":2},{"id":18075,"action":{"type":"block"},"condition":{"urlFilter":"||getclicky.com","domainType":"thirdParty"},"priority":2},{"id":18116,"action":{"type":"block"},"condition":{"urlFilter":"||googleadservices.com","domainType":"thirdParty"},"priority":2},{"id":18164,"action":{"type":"block"},"condition":{"urlFilter":"||googlesyndication.com","domainType":"thirdParty"},"priority":2},{"id":18213,"action":{"type":"block"},"condition":{"urlFilter":"||harjuelu.ee/wp-content/banners/"},"priority":1},{"id":18257,"action":{"type":"block"},"condition":{"urlFilter":"||harrenmedianetwork.com","domainType":"thirdParty"},"priority":2},{"id":18307,"action":{"type":"block"},"condition":{"urlFilter":"||hbmediapro.com","domainType":"thirdParty"},"priority":2},{"id":18349,"action":{"type":"block"},"condition":{"urlFilter":"||hitbox.com","domainType":"thirdParty"},"priority":2},{"id":18387,"action":{"type":"block"},"condition":{"urlFilter":"||hitfarm.com","domainType":"thirdParty"},"priority":2},{"id":18426,"action":{"type":"block"},"condition":{"urlFilter":"||i.hinnavaatlus.ee/s/*","resourceTypes":["image"]},"priority":101},{"id":18475,"action":{"type":"block"},"condition":{"urlFilter":"||ilm24.ee/uus/ban/"},"priority":1},{"id":18505,"action":{"type":"block"},"condition":{"urlFilter":"||img.auto24.ee/banners/ox/*"},"priority":1},{"id":18544,"action":{"type":"block"},"condition":{"urlFilter":"||imgsrv.kuldnebors.ee/banners/","resourceTypes":["image"]},"priority":101},{"id":18601,"action":{"type":"block"},"condition":{"urlFilter":"||imgsrv.kuldnebors.ee/static/banners/","resourceTypes":["image"]},"priority":101},{"id":18665,"action":{"type":"block"},"condition":{"urlFilter":"||imlive.com","domainType":"thirdParty"},"priority":2},{"id":18703,"action":{"type":"block"},"condition":{"urlFilter":"||impartner.lt","domainType":"thirdParty"},"priority":2},{"id":18743,"action":{"type":"block"},"condition":{"urlFilter":"||invitemedia.com","domainType":"thirdParty"},"priority":2},{"id":18786,"action":{"type":"block"},"condition":{"urlFilter":"||ixnp.com","domainType":"thirdParty"},"priority":2},{"id":18822,"action":{"type":"block"},"condition":{"urlFilter":"||kalale.ee/media/b2nnerid"},"priority":1},{"id":18859,"action":{"type":"block"},"condition":{"urlFilter":"||klikivabrik.ee","domainType":"thirdParty"},"priority":2},{"id":18901,"action":{"type":"block"},"condition":{"urlFilter":"||klikki.com","domainType":"thirdParty"},"priority":2},{"id":18939,"action":{"type":"block"},"condition":{"urlFilter":"||kqzyfj.com","domainType":"thirdParty"},"priority":2},{"id":18977,"action":{"type":"block"},"condition":{"urlFilter":"||laanlane.ee/reklaam*"},"priority":1},{"id":19010,"action":{"type":"block"},"condition":{"urlFilter":"||lekane.net","domainType":"thirdParty"},"priority":2},{"id":19048,"action":{"type":"block"},"condition":{"urlFilter":"||lpdigileht.epl.ee/*/reklaam_*"},"priority":1},{"id":19090,"action":{"type":"block"},"condition":{"urlFilter":"||luxup.ru","domainType":"thirdParty"},"priority":2},{"id":19126,"action":{"type":"block"},"condition":{"urlFilter":"||magnetic.is","domainType":"thirdParty"},"priority":2},{"id":19165,"action":{"type":"block"},"condition":{"urlFilter":"||marketgid.com","domainType":"thirdParty"},"priority":2},{"id":19206,"action":{"type":"block"},"condition":{"urlFilter":"||maxtraffic.com","domainType":"thirdParty"},"priority":2},{"id":19248,"action":{"type":"block"},"condition":{"urlFilter":"||maxtraffic.eu","domainType":"thirdParty"},"priority":2},{"id":19289,"action":{"type":"block"},"condition":{"urlFilter":"||mediaindex.ee","domainType":"thirdParty"},"priority":2},{"id":19330,"action":{"type":"block"},"condition":{"urlFilter":"||mediaplex.com","domainType":"thirdParty"},"priority":2},{"id":19371,"action":{"type":"block"},"condition":{"urlFilter":"||metaffiliation.com","domainType":"thirdParty"},"priority":2},{"id":19417,"action":{"type":"block"},"condition":{"urlFilter":"||msads.net","domainType":"thirdParty"},"priority":2},{"id":19454,"action":{"type":"block"},"condition":{"urlFilter":"||neoffic.com","domainType":"thirdParty"},"priority":2},{"id":19493,"action":{"type":"block"},"condition":{"urlFilter":"||netaffiliation.com","domainType":"thirdParty"},"priority":2},{"id":19539,"action":{"type":"block"},"condition":{"urlFilter":"||neti.ee/reklaam"},"priority":1},{"id":19567,"action":{"type":"block"},"condition":{"urlFilter":"||netsales.pl","domainType":"thirdParty"},"priority":2},{"id":19606,"action":{"type":"block"},"condition":{"urlFilter":"||newrelic.com","domainType":"thirdParty"},"priority":2},{"id":19646,"action":{"type":"block"},"condition":{"urlFilter":"||novem.pl","domainType":"thirdParty"},"priority":2},{"id":19682,"action":{"type":"block"},"condition":{"urlFilter":"||olark.com","domainType":"thirdParty"},"priority":2},{"id":19719,"action":{"type":"block"},"condition":{"urlFilter":"||onthe.io","domainType":"thirdParty"},"priority":2},{"id":19755,"action":{"type":"block"},"condition":{"urlFilter":"||openx.org","domainType":"thirdParty"},"priority":2},{"id":19792,"action":{"type":"block"},"condition":{"urlFilter":"||overture.com","domainType":"thirdParty"},"priority":2},{"id":19832,"action":{"type":"block"},"condition":{"urlFilter":"||oxado.com","domainType":"thirdParty"},"priority":2},{"id":19869,"action":{"type":"block"},"condition":{"urlFilter":"||pakkumised.ee","domainType":"thirdParty"},"priority":2},{"id":19910,"action":{"type":"block"},"condition":{"urlFilter":"||pardot.com","domainType":"thirdParty"},"priority":2},{"id":19948,"action":{"type":"block"},"condition":{"urlFilter":"||passion.com","domainType":"thirdParty"},"priority":2},{"id":19987,"action":{"type":"block"},"condition":{"urlFilter":"||pcads.ru","domainType":"thirdParty"},"priority":2},{"id":20023,"action":{"type":"block"},"condition":{"urlFilter":"||perefoorum.ee/banner"},"priority":1},{"id":20056,"action":{"type":"block"},"condition":{"urlFilter":"||perekool.ee/banners"},"priority":1},{"id":20088,"action":{"type":"block"},"condition":{"urlFilter":"||pheedo.com","domainType":"thirdParty"},"priority":2},{"id":20126,"action":{"type":"block"},"condition":{"urlFilter":"||pmo.ee/*/banners/*"},"priority":1},{"id":20157,"action":{"type":"block"},"condition":{"urlFilter":"||pop6.com","domainType":"thirdParty"},"priority":2},{"id":20193,"action":{"type":"block"},"condition":{"urlFilter":"||pro-9.com","domainType":"thirdParty"},"priority":2},{"id":20230,"action":{"type":"block"},"condition":{"urlFilter":"||pro-market.net","domainType":"thirdParty"},"priority":2},{"id":20272,"action":{"type":"block"},"condition":{"urlFilter":"||realmedia.com","domainType":"thirdParty"},"priority":2},{"id":20313,"action":{"type":"block"},"condition":{"urlFilter":"||reklaam.kava.ee"},"priority":1},{"id":20341,"action":{"type":"block"},"condition":{"urlFilter":"||reklaam.keskus.ee","domainType":"thirdParty"},"priority":2},{"id":20386,"action":{"type":"block"},"condition":{"urlFilter":"||reklaam.nagi.ee","domainType":"thirdParty"},"priority":2},{"id":20429,"action":{"type":"block"},"condition":{"urlFilter":"||reklaam.naistemaailm.ee"},"priority":1},{"id":20465,"action":{"type":"block"},"condition":{"urlFilter":"||relevant.fi","domainType":"thirdParty"},"priority":2},{"id":20504,"action":{"type":"block"},"condition":{"urlFilter":"||rmxads.com","domainType":"thirdParty"},"priority":2},{"id":20542,"action":{"type":"block"},"condition":{"urlFilter":"||roiservice.com","domainType":"thirdParty"},"priority":2},{"id":20584,"action":{"type":"block"},"condition":{"urlFilter":"||scorecardresearch.com","domainType":"thirdParty"},"priority":2},{"id":20633,"action":{"type":"block"},"condition":{"urlFilter":"||searchco.com","domainType":"thirdParty"},"priority":2},{"id":20673,"action":{"type":"block"},"condition":{"urlFilter":"||serving-sys.com","domainType":"thirdParty"},"priority":2},{"id":20716,"action":{"type":"block"},"condition":{"urlFilter":"||sexinyourcity.com","domainType":"thirdParty"},"priority":2},{"id":20761,"action":{"type":"block"},"condition":{"urlFilter":"||smartad.ee","domainType":"thirdParty"},"priority":2},{"id":20799,"action":{"type":"block"},"condition":{"urlFilter":"||smartadserver.com","domainType":"thirdParty"},"priority":2},{"id":20844,"action":{"type":"block"},"condition":{"urlFilter":"||sn00.net","domainType":"thirdParty"},"priority":2},{"id":20880,"action":{"type":"block"},"condition":{"urlFilter":"||specificclick.net","domainType":"thirdParty"},"priority":2},{"id":20925,"action":{"type":"block"},"condition":{"urlFilter":"||spring-tns.net","domainType":"thirdParty"},"priority":2},{"id":20967,"action":{"type":"block"},"condition":{"urlFilter":"||spylog.com","domainType":"thirdParty"},"priority":2},{"id":21005,"action":{"type":"block"},"condition":{"urlFilter":"||spylog.ru","domainType":"thirdParty"},"priority":2},{"id":21042,"action":{"type":"block"},"condition":{"urlFilter":"||starwave.com","domainType":"thirdParty"},"priority":2},{"id":21082,"action":{"type":"block"},"condition":{"urlFilter":"||static.chilli.ee","domainType":"thirdParty"},"priority":2},{"id":21126,"action":{"type":"block"},"condition":{"urlFilter":"||statistik-gallup.net","domainType":"thirdParty"},"priority":2},{"id":21174,"action":{"type":"block"},"condition":{"urlFilter":"||streamray.com","domainType":"thirdParty"},"priority":2},{"id":21215,"action":{"type":"block"},"condition":{"urlFilter":"||sweetmedia.org","domainType":"thirdParty"},"priority":2},{"id":21257,"action":{"type":"block"},"condition":{"urlFilter":"||tacoda.net","domainType":"thirdParty"},"priority":2},{"id":21295,"action":{"type":"block"},"condition":{"urlFilter":"||teasernet.com","domainType":"thirdParty"},"priority":2},{"id":21336,"action":{"type":"block"},"condition":{"urlFilter":"||textads.ee","domainType":"thirdParty"},"priority":2},{"id":21374,"action":{"type":"block"},"condition":{"urlFilter":"||tns-counter.ru","domainType":"thirdParty"},"priority":2},{"id":21416,"action":{"type":"block"},"condition":{"urlFilter":"||toidutare.ee/img/ads"},"priority":1},{"id":21449,"action":{"type":"block"},"condition":{"urlFilter":"||traceworks.com","domainType":"thirdParty"},"priority":2},{"id":21491,"action":{"type":"block"},"condition":{"urlFilter":"||trackalyzer.com","domainType":"thirdParty"},"priority":2},{"id":21534,"action":{"type":"block"},"condition":{"urlFilter":"||tradedoubler.com","domainType":"thirdParty"},"priority":2},{"id":21578,"action":{"type":"block"},"condition":{"urlFilter":"||trafficjunky.net","domainType":"thirdParty"},"priority":2},{"id":21622,"action":{"type":"block"},"condition":{"urlFilter":"||tribalfusion.com","domainType":"thirdParty"},"priority":2},{"id":21666,"action":{"type":"block"},"condition":{"urlFilter":"||trigger.ee","domainType":"thirdParty"},"priority":2},{"id":21704,"action":{"type":"block"},"condition":{"urlFilter":"||ui-portal.de^","domainType":"thirdParty","excludedInitiatorDomains":["mail.com","gmx.com"]},"priority":3},{"id":21777,"action":{"type":"block"},"condition":{"urlFilter":"||uimserv.net","domainType":"thirdParty"},"priority":2},{"id":21816,"action":{"type":"block"},"condition":{"urlFilter":"||underclick.ru","domainType":"thirdParty"},"priority":2},{"id":21857,"action":{"type":"block"},"condition":{"urlFilter":"||v.postimees.ee/proxy-ads/*"},"priority":1},{"id":21896,"action":{"type":"block"},"condition":{"urlFilter":"||ventivmedia.com","domainType":"thirdParty"},"priority":2},{"id":21939,"action":{"type":"block"},"condition":{"urlFilter":"||viglink.com","domainType":"thirdParty"},"priority":2},{"id":21978,"action":{"type":"block"},"condition":{"urlFilter":"||way2traffic.com","domainType":"thirdParty"},"priority":2},{"id":22021,"action":{"type":"block"},"condition":{"urlFilter":"||webtrendslive.com","domainType":"thirdParty"},"priority":2},{"id":22066,"action":{"type":"block"},"condition":{"urlFilter":"||wsod.com","domainType":"thirdParty"},"priority":2},{"id":22102,"action":{"type":"block"},"condition":{"urlFilter":"||www.postimees.ee/newsletter/block"},"priority":1},{"id":22148,"action":{"type":"block"},"condition":{"urlFilter":"||xgraph.net","domainType":"thirdParty"},"priority":2},{"id":22186,"action":{"type":"block"},"condition":{"urlFilter":"||xiti.com","domainType":"thirdParty"},"priority":2},{"id":22222,"action":{"type":"block"},"condition":{"urlFilter":"||xtendmedia.com","domainType":"thirdParty"},"priority":2},{"id":22264,"action":{"type":"block"},"condition":{"urlFilter":"||yadro.ru","domainType":"thirdParty"},"priority":2},{"id":22300,"action":{"type":"block"},"condition":{"urlFilter":"||yceml.net","domainType":"thirdParty"},"priority":2},{"id":22337,"action":{"type":"block"},"condition":{"urlFilter":"||yieldmanager.com","domainType":"thirdParty"},"priority":2},{"id":22381,"action":{"type":"block"},"condition":{"urlFilter":"||ytsa.net","domainType":"thirdParty"},"priority":2},{"id":22417,"action":{"type":"block"},"condition":{"urlFilter":"||yyr.ee/images/banners"},"priority":1},{"id":22451,"action":{"type":"block"},"condition":{"urlFilter":"||zangocash.com","domainType":"thirdParty"},"priority":2},{"id":22492,"action":{"type":"block"},"condition":{"urlFilter":"||zanox-affiliate.de","domainType":"thirdParty"},"priority":2},{"id":22538,"action":{"type":"block"},"condition":{"urlFilter":"||zedo.com","domainType":"thirdParty"},"priority":2},{"id":22574,"action":{"type":"block"},"condition":{"urlFilter":"||ztod.com","domainType":"thirdParty"},"priority":2},{"id":17273,"action":{"type":"redirect","redirect":{"transform":{"queryTransform":{"removeParams":["dsrc"]}}}},"condition":{"urlFilter":"||delfi.ee^","resourceTypes":["main_frame","sub_frame"]},"priority":1}]